####
#
# OBJ File Generated by Meshlab
#
####
# Object elephant_vanguard.obj
#
# Vertices: 29947
# Faces: 60000
#
####
mtllib ./elephant_vanguard.obj.mtl

vn -0.8359758101597493 0.4965209407303782 -0.2336908219078598
v -0.9291060883208778 -0.1107582434388655 -0.1743278279460566
vn -0.2333717793113522 -0.3245179438048521 0.9166382693133233
v -0.9211588988090970 -0.1827433395409832 -0.0272079959387477
vn -0.6300099051148159 -0.7695572421577326 -0.1042553140123117
v -0.8831887579325994 -0.2845515116735813 -0.0252873251798898
vn -0.9094469930421418 0.2823008646061649 0.3053070400256406
v -0.9094051216342559 -0.0745743293793232 -0.0042376587083972
vn -0.9731654961118732 -0.0681141048447855 0.2197939623796005
v -0.9135287502878414 -0.1792551045749828 0.0919360664377361
vn -0.7064361630680355 0.4692752608461418 0.5298383499403356
v -0.9034085908893148 -0.2405377872902126 0.0151866461381604
vn -0.7430130517556428 0.4988903239107941 0.4461390474156565
v -0.9056534500773847 -0.1289714282668284 -0.0190511309314229
vn -0.9875563341812716 -0.0548244781656778 0.1474000115749988
v -0.9079824284933339 -0.1170778651612236 -0.0186950844269487
vn -0.9172137401523647 0.0640480697471309 -0.3932134275903825
v -0.8980925065374179 -0.0964973207436683 -0.2292526460184304
vn -0.4597939339657030 -0.3051886939822315 0.8339360882908009
v -0.9002581468663476 -0.0948287419061447 -0.0297861832441021
vn -0.9031297413905565 0.2975865873088708 -0.3095139629640098
v -0.8930686891906618 -0.0733780134182747 -0.2097358556599009
vn -0.9734991865369329 -0.1607688638319236 0.1626428794448810
v -0.8893306664216284 -0.1009566356739965 0.0092142977206323
vn -0.9497849435654022 -0.1909529251576078 0.2478821117995788
v -0.8895135007961950 -0.2021021625543818 0.0750570804893546
vn -0.9599805888227387 -0.2083309558286892 0.1871776747559717
v -0.8802612650592163 -0.1128184905203998 0.0468000411831634
vn -0.8428287048389478 0.4622267605878910 -0.2756559378934658
v -0.8798993830726847 -0.0661956938819551 -0.2374680959534807
vn -0.8336646704417036 0.3935132495587383 -0.3874926317738798
v -0.8795268007180463 -0.1624880668708253 0.1006174402768666
vn -0.9686697054658867 -0.2463805824890848 0.0312347608438373
v -0.8770479583900729 -0.2797178414769008 0.2713255818012639
vn -0.9810364343533367 -0.1899769822737106 0.0384221378565201
v -0.8811722246181348 -0.2573322988819711 0.2802342755430136
vn -0.1046700482643544 0.9685875179861290 0.2255712769787144
v -0.8476648620860930 -0.0036306594229792 -0.0781261067317559
vn -0.5135073094462452 0.5721110661635699 0.6395304301739374
v -0.8663695400151662 -0.2212242637945777 0.2851241262531504
vn -0.3933949025888296 -0.6128927107317065 0.6852758391692108
v -0.8624835837145941 -0.2570148523787626 0.1032845476664191
vn -0.5858069118056611 -0.3611419043273949 0.7255389631298219
v -0.8643898482500150 -0.2426887373202659 0.1189757135230784
vn -0.8494254494998631 0.4738186313472356 0.2323194144495632
v -0.8568117863938720 -0.1883317758449110 0.2891956944588197
vn -0.9488022691512065 0.1662946670107901 0.2685522998920172
v -0.8523881393131350 -0.1863584391497964 0.3179572022101401
vn -0.5579378246029509 -0.6836940183010267 -0.4703911916870066
v -0.8559792511864308 -0.0492472993936841 -0.2967623190437129
vn -0.5468714497759912 0.7674917487473660 0.3344966861190344
v -0.8491540339765228 -0.0319665296005521 0.0116546140861503
vn -0.0305156233966571 0.9706219782085486 0.2386666548708413
v -0.8457701055236768 -0.0084607631637790 -0.0555722093510348
vn -0.5441231911725019 0.8260105560379358 0.1470935557465143
v -0.8289989580488601 -0.1325071832395638 0.2270283567160160
vn -0.8509275610795518 0.3853093358990735 0.3570140073781708
v -0.8426938454001666 -0.1754700519241829 0.1776982699914648
vn -0.5433371390151763 -0.2835849247535212 -0.7901672885024681
v -0.8409053870682558 -0.2745058385478336 0.1678491895257552
vn -0.4198518761221243 -0.7653762512565531 -0.4877741240873670
v -0.8320914241721991 -0.1721265029709578 0.2097317033073064
vn -0.5351411536595770 0.6898610041273165 0.4875610122275442
v -0.8360692815189020 -0.2673623092031095 0.4176021038172174
vn -0.8979972300078370 -0.4370249603564235 -0.0510897144611162
v -0.8336681885730266 -0.2176518931161024 0.3783713694672317
vn -0.2756368688683265 0.9604486366119548 0.0395314172614903
v -0.8329831887841993 -0.1742181306440465 0.1950772846303734
vn -0.5039860199371123 -0.6593201863509053 -0.5579381539007311
v -0.8222643537227153 -0.2706521508705773 0.1554015996391142
vn -0.5081438275144676 0.8564181978848096 0.0913111213964760
v -0.8282781048059094 0.0156765411251729 -0.1271025978314111
vn -0.6894621170401215 -0.6429181453823837 -0.3336139198304380
v -0.8275021902112890 -0.3156611179811320 -0.0275862178272173
vn -0.2862350975329257 0.8775549864697886 -0.3846644182431302
v -0.8206839000346162 -0.3032414201667730 0.1534214144139600
vn -0.9192808070354314 0.0706818946248572 0.3872039095728844
v -0.8248700868329143 -0.2300204288681941 0.4004400992637823
vn -0.6425169274627164 -0.7662144744773827 0.0093475678771924
v -0.7905105513706751 -0.4003591459940476 0.3463033841723789
vn -0.3865992351768257 0.8276560374615168 0.4068494992183147
v -0.8108028484487609 -0.0185338155210387 0.0150425693331688
vn -0.2798948449910837 -0.9073515547804589 0.3136431599523591
v -0.8142868082149117 -0.3276429713327875 -0.0320387170113356
vn -0.8149187344093607 -0.5480596374255257 0.1885154904342010
v -0.8164955083650058 -0.3648088540332808 0.4034571077045883
vn -0.3881022827736112 0.8523977238822157 0.3504208019315204
v -0.8034721602442108 -0.1404035303263064 0.2792393999227298
vn -0.3663353081939288 0.0146839043398354 0.9303670377457479
v -0.7948069458912845 -0.2776358625570637 0.0902940172567911
vn 0.8117234661727606 0.5637357177478378 -0.1526664828959178
v -0.7874841055164081 -0.0223675197149411 -0.0210195395978882
vn -0.2755775969456563 -0.9002908539981098 -0.3369471268151897
v -0.7629582746266027 -0.2798137976913272 -0.2520733632044132
vn 0.6855537795900919 0.5998519034144660 0.4125454026647027
v -0.7782385614561841 0.0103364748175037 -0.0962750448926792
vn -0.4485582523583094 0.7674128730320010 0.4581189545806081
v -0.7780050065562585 -0.0259263348421434 -0.0052407244768884
vn -0.4086675571587794 0.9086953261817691 0.0852269435172029
v -0.7747392694105988 0.0409324712116486 -0.2184889632764394
vn 0.6784365362882715 0.3919196469209484 0.6213878471506600
v -0.7726301673247703 -0.0028405346087904 -0.1319222888558438
vn -0.2111362491266791 0.9553432351029599 0.2067384517880681
v -0.7690114913193126 0.0441595928057449 -0.2231503102080174
vn -0.5632795575791936 -0.7026183198002957 -0.4347914864557462
v -0.7618677244821050 -0.2457012261055350 -0.3468906667283160
vn -0.1461680057448141 0.8462856603708617 0.5122845841397518
v -0.7507894990751599 -0.0360137047906027 0.1097789750285748
vn -0.3980937814076350 0.8218779898075927 0.4074774976295019
v -0.7597348784603541 -0.1058283255401571 0.2871358758491580
vn 0.1916541345254599 0.4422903587022096 0.8761551981917175
v -0.7523222498132254 -0.2571146643491631 0.5047417573156567
vn -0.7555062493629356 0.1484637409563461 -0.6380978175756414
v -0.7535654499524663 -0.3604246268398222 0.4489290354580925
vn -0.4788566205830596 -0.8596275625883468 0.1781482263795791
v -0.7514720687604061 -0.3627748996293956 0.4450909930251371
vn -0.2181377517839952 -0.8763752623076909 0.4293976255893248
v -0.7580018617626695 -0.2631753834344636 0.4936363836180520
vn -0.5605193140959344 0.3438720688982676 -0.7533724834084721
v -0.7520869817701356 0.0511872963049756 -0.2130286557043541
vn 0.8496879360942564 0.5265968739750060 0.0269470513346929
v -0.7550749379182635 -0.0248665137237007 -0.0182380594978413
vn 0.6410390092042099 -0.4701201974488041 -0.6066761810300303
v -0.7533065299025189 -0.3788987248493174 0.4699446054250352
vn -0.2520862786822957 -0.9070881100753153 -0.3371107661586981
v -0.7481123776876883 -0.3521753748528969 0.4886567169970897
vn -0.6686367180480840 0.0832865646052237 0.7389102025511265
v -0.7428740821622397 -0.3096261788915822 0.5468874868478407
vn -0.3993372531880219 -0.8277542793590956 -0.3941479559999647
v -0.7474795895799902 -0.0441023893649829 -0.4358357536348681
vn -0.5347615676786538 0.7563594057908308 -0.3767632081369012
v -0.7360251228222277 -0.0394008045985948 -0.0175942763966384
vn -0.4383447897630549 0.1706770352356292 0.8824529420488999
v -0.7492205530492576 -0.0284138374319069 0.0735980241453697
vn 0.3969828147388915 0.8374042032724937 -0.3757111192705736
v -0.7413321255280096 0.0033624065037809 -0.1557860008302549
vn -0.7950386166784705 -0.0080321666734237 0.6065056325282681
v -0.7331309940072614 0.0110207393075999 -0.4256784605838457
vn -0.7017285720514328 -0.0816901546839492 0.7077455261563788
v -0.7267124700148582 -0.2246938822043705 0.5434757108584127
vn -0.6851863190201632 0.7043814408372262 -0.1853820218674727
v -0.7394076670887451 -0.0574534901173728 -0.4105306813539124
vn -0.4997162435914892 0.4719011275116499 0.7263559745359330
v -0.7197335947058718 -0.2697771393395835 0.5257666771688316
vn -0.2647846724087514 -0.6554391001777785 0.7073108674518823
v -0.7325680279529715 -0.2361060312164418 0.5215505748845269
vn 0.3302312918710823 0.3994987938644734 -0.8551888724544929
v -0.7207588524777205 -0.0201066759338042 0.0465254135020017
vn -0.6159326724452385 -0.7191493592914584 -0.3216382160831505
v -0.7216672617550917 -0.0429042226405675 -0.4278446159031517
vn 0.5599251223455236 -0.3626089522387331 0.7449822851066182
v -0.7188121111560911 0.0280166582214270 -0.1840756701656544
vn -0.6551434878327644 0.3977768041668947 0.6423088232440004
v -0.7112648140697784 -0.3887647188176143 0.4890963363022863
vn -0.7837718889183276 0.1101614710890186 0.6112005206386036
v -0.7162749209662059 0.0110376937573439 -0.4158754804969899
vn -0.4047551662209442 0.6517834960838939 -0.6413669227907786
v -0.7103578488947307 0.0340106370501701 -0.4447356464186076
vn -0.3608496880048241 0.7526808281376319 -0.5506896345682110
v -0.7181293425107476 -0.0405519604410699 0.0183306904934023
vn -0.6799935852716907 -0.1903240286352514 0.7080857914923868
v -0.7133619379117722 -0.2523999488496931 0.5250180188853323
vn -0.8025229370717286 0.5140394874053669 -0.3028536624539878
v -0.7195606342993039 -0.1487540125883389 -0.4229805768772402
vn -0.9994251934544026 -0.0117487619462264 0.0318001459330117
v -0.7106351251094863 -0.1746874549821061 -0.4857643002516778
vn -0.2791333458009451 -0.9418866749575578 -0.1869065723814055
v -0.7057427542336009 -0.4296476295892374 0.2919751830852408
vn -0.6206457914129893 -0.6933234902128238 0.3661984974306319
v -0.7099176033332588 -0.4300627442785105 0.5453182773833873
vn 0.9103821583397959 0.0362170255750806 0.4121803644462806
v -0.7118545022842433 -0.1461617054364376 0.3974110110040124
vn -0.7028151062389618 0.5573419984512455 -0.4420642749699288
v -0.7143884097600689 -0.1638349456062991 -0.4159456141036841
vn -0.4718484224627363 0.8771497139742763 -0.0892605483641711
v -0.7100230968320876 -0.1558062246443918 -0.4191102587306237
vn 0.3330238617680619 -0.8143770310109762 -0.4752737725299328
v -0.7018522468646308 -0.3660159553914429 -0.0755590772817126
vn -0.2133300989644204 -0.9750592982011010 -0.0612342540365037
v -0.7033760726198045 -0.3134158235557596 -0.2021239821407710
vn 0.6169064553341647 0.7849379826213768 -0.0574350834013452
v -0.7048492385131013 0.0151336706900945 -0.1874738763243704
vn -0.7597981075582283 -0.5121836194800872 0.4004681956001154
v -0.7036850777759845 -0.1471645784986048 -0.4583925444808810
vn -0.6004317867111019 -0.1055195108235571 0.7926836079688233
v -0.6926669600509178 -0.2078494386596383 -0.4768479049416636
vn -0.1709324388696555 0.9749037583721338 -0.1426350702105174
v -0.6911428458795126 0.0773671993135145 -0.2235031072879118
vn -0.3636910360110620 0.9119259778107487 0.1900522068251518
v -0.6923331944756117 -0.1329477618977578 0.3885732048381545
vn -0.7416431538845185 -0.0439633311300818 0.6693524167523199
v -0.6968918744888647 0.0406393568738456 -0.3854558259612094
vn 0.5785822498476354 -0.0309654359216239 -0.8150360249335192
v -0.7004042258892675 -0.0385041652874255 -0.0462543894328012
vn 0.4694846578631178 -0.8350718341511753 -0.2867737572347641
v -0.6715954531571334 -0.4059497013977374 0.1104792461436036
vn 0.0697583105355191 0.7551487207569386 0.6518314104508843
v -0.6932260887021938 0.0489133473188172 -0.1966894057996225
vn -0.1368078627896820 -0.9562409699029748 -0.2586248560327052
v -0.6906875032984789 -0.1545482566121005 -0.4347526827013637
vn -0.7648551918552762 -0.6432666890167711 0.0347059403190483
v -0.6887595914515651 -0.2068788203209256 -0.4747831186714354
vn -0.4564767848019238 0.4165703650439335 0.7861921367605137
v -0.6890914269908722 -0.2082281451967667 0.5642601487251131
vn 0.6069666997661387 0.5422665371091537 0.5809805746379553
v -0.6813775347933203 -0.1409774260326515 0.4045580341288373
vn 0.7811267077467072 0.5135778806834304 0.3550758044664639
v -0.6902753086839939 -0.1515018987903186 0.4284249834070330
vn -0.2886104307393046 0.3805455390456853 -0.8785722007785711
v -0.6897848492421855 -0.0399059408050632 0.0264338677517231
vn 0.3424847848632325 0.9388692323579674 -0.0350533403365002
v -0.6854949302364479 -0.1736804688371318 0.4039486451162914
vn 0.3936100084629558 0.0203328020252171 0.9190526309192500
v -0.6875649372108736 -0.1683013365594230 0.3952865532166140
vn 0.7348093744771569 0.6226609917195246 -0.2689767138087375
v -0.6833458937932789 -0.1894602409874314 0.4791547146782263
vn -0.6927405519293615 0.5952643626175202 0.4071496853862974
v -0.6563348685290612 -0.1747467123632458 0.4299065359566526
vn 0.0969535935033595 0.7568732731256911 0.6463302941490430
v -0.6679358917288991 -0.0258357585486612 -0.0087109431345962
vn 0.1814511358719873 -0.3069535679872759 0.9342670883589159
v -0.6733229458071448 -0.1568701380018314 0.3721936065991449
vn -0.6489360111495630 -0.2306646614098474 -0.7250350801236963
v -0.6584824595341824 -0.1340521398014479 -0.6056922640298409
vn 0.3064674270173648 0.9334262557610855 -0.1865291967312267
v -0.6683203581848770 0.0177367406694237 -0.1810471094938219
vn -0.1132415366433017 0.9557147878288152 -0.2716350468993031
v -0.6606393111606762 0.0817812573837780 -0.2258872667202980
vn 0.4093138988750130 -0.7125382767068962 0.5698695784258907
v -0.6585171284404475 -0.1114803240660627 0.3552242958641644
vn -0.3741638088491868 0.8982887299837249 -0.2303883715201263
v -0.6575189931898144 -0.1940467931233591 0.4855066514749479
vn 0.5541265651650468 0.4638016796433973 0.6912537535076035
v -0.6376665762178597 -0.0277394933005404 0.1237438595902602
vn -0.7989426881486690 0.0057487648384548 0.6013796910077781
v -0.6511362537101624 -0.2761919066827348 0.6007999617264562
vn 0.1805740966608190 0.9330637440828349 -0.3111029493483647
v -0.6516980706677487 -0.1724281818868124 0.3948151121536688
vn -0.0189778167526116 0.2323996811762143 0.9724352064073463
v -0.6544865897064153 0.0573435784983071 -0.2103936039669206
vn 0.3194670213174960 0.9435139371152559 -0.0878764630592030
v -0.6547103948613626 -0.2109212049258937 0.5743083460579772
vn -0.4820000804377650 0.8576590052797717 -0.1791562254583985
v -0.6477619564315016 0.0682772247535042 -0.4474775143486606
vn -0.4971383562094167 0.8661300746688436 -0.0516928287051760
v -0.6511683975784824 -0.2084453533822130 0.5000935062886270
vn -0.3059250004216007 0.9074409456026561 -0.2880292074786878
v -0.6429984159424371 -0.0246778653693393 0.0490502551716156
vn 0.6812932503340160 0.6728059574850894 0.2883949559577693
v -0.6445537711259242 0.0335199882214838 -0.1916411526992091
vn 0.5985906598633387 0.7950428872917904 0.0979593246766541
v -0.6503692115780229 -0.0338211634017214 0.1422446907823811
vn 0.3532875240566894 -0.3081199926072316 0.8833176073766523
v -0.6485932634668196 -0.1157802271214354 0.3413593434572337
vn -0.2792540538886920 -0.9319014734115528 -0.2314666655052261
v -0.6379763102425288 -0.4206446158136666 0.1443771971268435
vn -0.6918338475572081 0.7083186765793833 0.1401805256910559
v -0.6198985842915513 0.0286245052817583 -0.2025144174746300
vn -0.5592911326124207 0.7986287809564485 -0.2222284842434304
v -0.6378222586862671 -0.2030384251756539 0.5269342199216250
vn -0.2587543497520074 0.9369717623821029 -0.2347980046401411
v -0.6329692365991988 -0.0469672831246092 0.2133453828936870
vn -0.0207347359238830 0.9861442407549179 -0.1645892072770070
v -0.6234567997594384 0.0854214232658907 -0.2217356476652464
vn 0.8593234661972559 -0.2879597148233491 0.4226610735347994
v -0.6279053560601149 -0.1908128789196619 0.4041777794527750
vn 0.1476815098325561 0.4195538250523316 0.8956365108332366
v -0.6398120571487943 -0.0906680564794242 0.3470404003550526
vn -0.5834973362656958 -0.2194352932125793 -0.7819072903251043
v -0.6234344655470320 -0.0266721886567114 -0.5949374243461941
vn -0.0859791246531122 0.9097289937007873 0.4062028411324045
v -0.6219793411758011 -0.1109409098364382 0.3348975389339668
vn -0.6456796077823056 0.7629990871654182 0.0304997881767509
v -0.6239821476590938 0.0249524247882827 -0.1940690094968585
vn -0.3792586785052254 0.8890452648110604 -0.2564398016991543
v -0.6041050051795078 0.0824032349892197 -0.4863994940475794
vn -0.2692959819584778 0.7837071803958019 0.5597166510807776
v -0.6179193785207319 -0.1995270654251037 0.5110183532576197
vn 0.4473264986034058 0.7977182572943460 0.4044064609109121
v -0.6162948385870550 -0.1505757809077429 0.3467702997407323
vn -0.1065374892671255 0.5473290183503732 0.8301088537368301
v -0.6129098496370151 0.0393088945400022 -0.1980980603355531
vn -0.7312444172888677 0.6569437978386784 0.1835931607254420
v -0.6114862149011480 -0.0401705260842062 0.2005124940371071
vn -0.5804235032457944 0.5763418759265464 -0.5752726300923316
v -0.6147812345683630 -0.0482134256378954 -0.5975674933572731
vn 0.2044335243970280 0.7058130277461999 0.6782587293698121
v -0.6013762398009285 0.0056675969848249 0.0610139476030675
vn 0.0995716612085637 0.9341351892726446 -0.3427490808838553
v -0.5989872117626238 0.0960911545036434 -0.2674292085560296
vn -0.9035845771207925 -0.4073268407820397 0.1327394318503781
v -0.6064569312683817 -0.4526530030927552 0.6556986380505436
vn 0.0667145775534716 0.8759893046067320 0.4776943618638135
v -0.5898386575452658 0.0097984622142000 0.0523563889762787
vn 0.3737442059610024 0.0055300789978570 0.9275153296505978
v -0.6037504402525581 0.0344778498068533 -0.2049354113400068
vn 0.0196804517356913 -0.5214474345090256 0.8530564183355251
v -0.5906307489258067 -0.0965682087757982 0.3439981382067904
vn -0.3906024985733469 0.5497034220479440 0.7384144066153085
v -0.6000944862214440 -0.3638830511666422 0.6822541143540783
vn -0.5315005471516204 0.7315368958449892 -0.4270373969513740
v -0.6029342126347165 -0.0651832909140153 -0.6154154899654876
vn 0.3909795257582042 -0.9202463753904387 -0.0167815082352396
v -0.5743336024277945 -0.2766115486086545 -0.4249358359110967
vn -0.2529234708352982 -0.0993387265650866 -0.9623728670868964
v -0.5982083026548171 -0.2151535645175801 0.5572363329850321
vn -0.0221892912496551 0.7524800428574061 0.6582411567618317
v -0.5914358829798900 -0.1516143448457816 0.3863151841669917
vn 0.1326512343689789 0.9441663522496752 -0.3015850614667921
v -0.5992593359283410 0.0858454525396084 -0.2140456857964595
vn 0.2765210875727404 -0.4382227243769031 0.8552759390788880
v -0.5894626044150431 -0.1759908262455432 0.3851731602926308
vn -0.6717140711394426 0.7405926080112273 0.0179665130841891
v -0.5962479899268041 -0.2177110243662062 0.5444914111248166
vn -0.1736075188201642 0.9605736122778726 0.2171606889023552
v -0.5783413115436410 -0.0040916758592674 0.0730263369097489
vn 0.0698506721637462 -0.9281590376696049 0.3655703549120272
v -0.5779457207085579 -0.4954935826219993 0.6016231233119433
vn 0.2015794171300675 -0.9784249806912478 -0.0452801915724061
v -0.5923415221424660 -0.2825448408198355 -0.3806416266180500
vn -0.2732449173297414 -0.8886747285636933 -0.3682315059384637
v -0.5482879753222958 -0.3011530158172200 -0.3717414034898752
vn 0.1886442317912001 0.9466583765002521 -0.2612494440449873
v -0.5889642960249166 0.0855528224468125 -0.2087946275649716
vn 0.2980384575557880 0.8432019402964332 -0.4474187811190954
v -0.5905525308190729 -0.0109631587933101 -0.0231491734306342
vn -0.2143383571014600 0.7484612056401877 0.6275865616205336
v -0.5892684965115413 -0.1050571963378295 0.3345640779295920
vn -0.5726429497988670 -0.2963122244161669 0.7643815262728394
v -0.5757163998800687 -0.4179736182757768 0.7000312177033781
vn -0.1524048683729084 0.7374808237539021 0.6579474072382248
v -0.5840149242381745 -0.2024204183942759 0.5232970964451084
vn -0.5760152945896533 -0.0538624461792245 0.8156624407746046
v -0.5818887205757310 0.0565869196084402 -0.1879113373575272
vn 0.2144514432372525 0.9545429536134404 -0.2070225306588356
v -0.5782960025124450 -0.1504649185305016 0.3681677202069172
vn -0.0572827539650635 0.9206490132155681 0.3861658718263158
v -0.5867518052057442 -0.2345069840188023 0.6405431546445667
vn -0.0537084998947715 0.9601775846507186 0.2741795086678899
v -0.5697830011982180 0.0792220091109535 -0.2086894519218465
vn -0.1698103340717766 0.9623255751537827 0.2123533325553737
v -0.5777995275505888 -0.0414293242631332 0.2143446350304291
vn 0.1725204015370088 0.7703473007724897 -0.6138417933360750
v -0.5845247206007219 -0.2242149654907021 0.4939666454317997
vn -0.0226837651352104 0.7004070489201121 0.7133830756489183
v -0.5826193309722660 -0.3425833759442320 0.6767148402212565
vn 0.4353743550818438 0.8631697239228712 -0.2557092071865675
v -0.5763664123631321 0.0009273829311831 -0.1041951611262885
vn -0.3398639024310691 0.6361308166776359 0.6926977059997881
v -0.5738191922756160 -0.0069512673004156 -0.0395318712822697
vn -0.4880231254480323 0.8706691740792230 -0.0613890734262852
v -0.5649592126447377 0.0245290239205011 0.0069200755481019
vn -0.0251538262078076 -0.7591968982440241 -0.6503747802027384
v -0.5596635062042066 -0.3241980938876649 -0.2579562268537652
vn -0.6532645927078432 0.2519428929502662 0.7139818979540772
v -0.5678118884038967 0.0538033216219094 -0.1760318716099681
vn 0.0234060136745204 0.8625963480234095 -0.5053510650038697
v -0.5594488436627182 0.0027779208821372 -0.0745808934519537
vn -0.1152169604790091 0.8032844379465668 -0.5843450725135336
v -0.5682285242028453 -0.1932787903098752 0.5113336149094740
vn -0.2554331589512358 -0.4855657901593605 0.8360500970247586
v -0.5608075448198324 -0.0933470641330260 0.3493806990699950
vn 0.0291983903467931 0.9988076939878516 -0.0391234511747957
v -0.5669260663149654 -0.2486988516154212 0.4757545830101378
vn -0.4623840794831064 -0.2825698054346492 0.8404494441054648
v -0.5634529957320967 -0.1010359487382950 0.3401899250072130
vn -0.5709941571132670 0.8036883804911970 -0.1674833114251888
v -0.5616004843591759 0.0067056302393844 -0.0274975619693901
vn -0.5400108464558980 0.6046206387741808 -0.5855101782875221
v -0.5688804592029928 -0.0395279882862087 -0.6342801813833329
vn -0.4789265168111514 0.8646977896384205 -0.1514170534965197
v -0.5637452908344076 -0.1022629705861444 0.3385319033603563
vn -0.1460398723962234 -0.9318837446719925 -0.3320618046186573
v -0.5476290097408603 -0.2265568672539836 -0.5742401907561359
vn -0.5907571044999020 0.7029915118778884 0.3959911333736304
v -0.5598046827890975 -0.2046147468385376 0.5334589772557778
vn -0.2183265638266250 0.7851665743778758 0.5795230470027659
v -0.5573092471286560 -0.2428958672240724 0.6627876921235377
vn -0.4343938153385041 0.4492447775332538 -0.7806927328051383
v -0.5555089636906412 -0.0029342944368206 -0.0434995699146474
vn 0.5299897959094163 0.8050629350734915 0.2664291403032904
v -0.5569839308283977 -0.1528423018178932 0.3538182618180027
vn -0.6298242056369916 0.6160522154582564 0.4730762494806803
v -0.5454841449755996 0.0704941938229888 -0.1439330265349653
vn 0.0750767091350216 0.9821657310041617 0.1723773900095837
v -0.5539080806634462 0.0805685966599028 -0.2181146683360756
vn -0.1409330392338144 -0.9889138210015156 -0.0467689328989072
v -0.5461389881281057 -0.5018607523742386 0.5428180642167265
vn -0.9008892226010060 0.0603397820786934 -0.4298345254863212
v -0.5452500745634183 0.0282490584290975 -0.0422577478315900
vn -0.9300910384200883 -0.3613681625015517 0.0659068386504308
v -0.5397426384601315 0.0200007758545948 -0.1151673349665103
vn -0.7770697341944220 0.5255436460122997 0.3463618113116816
v -0.5321192894284015 0.0377530216699457 -0.1197114364654235
vn 0.3206213539218201 0.7740675170803568 0.5459133872789625
v -0.5403859286059278 0.0153120699213649 0.0141956543524362
vn 0.3874917907760384 0.7847004979351059 0.4838338977599400
v -0.5273091758414939 0.0368062831522742 -0.0168374615450543
vn -0.8805443922368772 0.4676613126745772 -0.0770355108224761
v -0.5322812197869833 0.0197805115886047 -0.0608877155542175
vn -0.8702846252153280 -0.1037664163339776 0.4814947579725242
v -0.5348426550365336 0.2375951975645363 -0.6732253796564462
vn -0.3929969650656191 0.8165619958739819 -0.4228237130808913
v -0.5064489853265935 0.0798287670033218 -0.6163899722043001
vn -0.5101273546323764 0.7634209421762737 -0.3961799428321232
v -0.5341090466901377 -0.2174848440668454 0.4831011111800161
vn -0.5826595100651966 -0.5187595386983946 0.6256168446741295
v -0.5365164489277825 -0.1768711191207401 0.3969571768869919
vn -0.7326120003747697 -0.6627598760264570 -0.1550129144177141
v -0.5261347458943577 -0.4168041252589002 -0.0190163052937288
vn -0.3493864190487309 0.4149478263357461 0.8400877523232583
v -0.5293245636373988 -0.1018093396196995 0.3539714032824101
vn -0.9736652199817464 0.2218148116278113 -0.0526709477835381
v -0.5237299316459249 0.3148946950052286 -0.6202392310724248
vn -0.9106765609032704 0.3821128521519646 -0.1570285631395854
v -0.5251234505502872 0.3175359820938439 -0.6131851097646023
vn -0.9632804647128653 0.2652492257295256 -0.0416364570112956
v -0.5222821508545041 0.3198732253034523 -0.6143669907519335
vn -0.9439220990649900 0.3111134131184365 0.1105419154644077
v -0.5180826114562813 0.3322389921250575 -0.5870554509268736
vn 0.3605919271375672 0.8437200363043019 0.3976304344763901
v -0.5174848093328426 0.0437424732006125 -0.0373038665870398
vn -0.4365704470291286 0.7821501927986297 0.4445754386893784
v -0.5155262826138349 -0.1581379448066415 0.4208033835020525
vn -0.5418515671700455 -0.0668810778477081 0.8378089284444840
v -0.5162412819461607 -0.1027758873459085 0.3618117674931083
vn -0.8434430611548049 -0.5267612099666313 -0.1054818954337790
v -0.5127435854196366 0.2563147377007651 -0.5543680215760989
vn -0.6476078162134986 -0.6669038749810127 -0.3685693122256565
v -0.5024227366569247 -0.3652894090644975 -0.2174001139414850
vn -0.1514735742190430 0.9611895745660928 0.2305869858833358
v -0.5061746082346729 0.0121502393576369 0.0614258527490117
vn -0.4260069625867079 -0.8582670509089171 -0.2861743125295446
v -0.5094966194012849 0.2538302806413869 -0.5545162898136369
vn -0.5846301764981207 -0.7880351650373131 -0.1928941040892406
v -0.4902728719602934 0.2996231538140273 -0.6060521978936825
vn -0.6813242906155303 0.3340992369985749 0.6512871185999417
v -0.5059411677124035 0.2119459865606556 -0.6637611176489393
vn -0.0261788001422065 0.6814639016966700 0.7313833612459787
v -0.5024290062827423 -0.0206803159221672 0.2023350926780842
vn -0.3935508540320937 -0.9052634945722331 0.1600491508427274
v -0.5036333425234177 -0.3244860809984487 -0.2860850473878110
vn -0.7749282958815176 0.1369113011083138 0.6170424878977102
v -0.5063060315699371 0.2409777826132226 -0.6594010336223137
vn -0.2143864072952641 0.9624509994152023 -0.1665128886654343
v -0.4897286130012777 0.1114563568068287 -0.5303848666504843
vn -0.4217526072834403 -0.8975643785242325 -0.1284637094825941
v -0.5062693322362314 0.2486827263994706 -0.5361076274172271
vn -0.0788007476547151 0.9484432309256257 -0.3069949183299588
v -0.5146560908291820 -0.2486759404694464 0.6680022897546908
vn -0.7746383451516458 -0.3309333050354908 -0.5389049840547092
v -0.4926292564236011 -0.2177811048823254 -0.5965616730050596
vn -0.8448341031882209 -0.5336013255159330 0.0390507810138785
v -0.4986764842819732 0.2119659279901658 -0.6332584236126135
vn 0.3213766925573373 -0.9271296214201011 -0.1927373512486009
v -0.5015319079189381 -0.3916119071330036 -0.1002328938462143
vn -0.7673156878753724 -0.4197781056254720 -0.4847813704937866
v -0.4877891854167145 -0.2103397858158096 -0.6091395531148244
vn -0.4911229221370431 -0.8564044483125832 0.1592786748500613
v -0.4913112462554733 -0.3394928006022346 -0.2892230078464985
vn -0.1948503479702076 0.9778601945811330 -0.0763071539872752
v -0.4970893682592928 0.0662193336247794 -0.1539805143322129
vn -0.4788030751833765 0.0663407795816534 -0.8754121978584948
v -0.4682370152259144 -0.0973516025239834 -0.7466010406546236
vn 0.1997453161088242 0.8631036606664531 -0.4638468277748097
v -0.4914221582736376 -0.1732397896324796 0.4400454893352858
vn -0.4931532233199254 0.8630410445432685 -0.1093620307183075
v -0.4912617992370998 -0.2444218104624529 0.6464889471877862
vn -0.4163264613828994 -0.9086750378398508 0.0313361318471000
v -0.4860426516078183 -0.4496664439227550 0.1322833533580434
vn -0.6437056722309747 0.6787395698420158 0.3534905994059023
v -0.4871974474212407 -0.2003175421188275 0.5118879969547333
vn 0.1911483618116476 0.7937917458448321 0.5773707370531840
v -0.4862128266313761 -0.1815586165755943 0.4534628049246857
vn 0.1703501022501774 0.9349616224612750 0.3111713469905838
v -0.4849958421851698 -0.1910579580950478 0.5670997420932367
vn 0.1261742598766253 -0.6403664027212489 -0.7576350878955074
v -0.4812314486655210 0.1663502159215475 -0.7024316844198960
vn -0.5471412314714676 -0.0608647228886446 -0.8348245075053646
v -0.4790542268305434 -0.0453573593747151 -0.7101310458021746
vn -0.1353041403536554 -0.9760959691904757 -0.1700865912800421
v -0.4823376151741013 -0.4529794532324045 0.1427847525757995
vn -0.4756316326530947 0.4265782731577892 -0.7692889748914059
v -0.4751515807981506 -0.0636498469671608 -0.7309651606854927
vn -0.9233186635116820 -0.3589239746430519 0.1365877960779633
v -0.4740582740533431 0.2212123071917735 -0.5405828220616915
vn 0.0070116566420923 -0.9697146498529590 -0.2441399896200677
v -0.4732634401662831 -0.4535872093790462 0.1334665932636729
vn -0.8770880549185679 0.3800197144135793 0.2937712725509166
v -0.4620564339627277 0.0112138685026747 0.1978599998732536
vn -0.0670916576441943 -0.9478294779595662 -0.3116375943069939
v -0.4641042152810219 -0.3668090003115003 -0.2407003621816386
vn 0.0212405283298527 -0.9909695218296547 0.1323942852277780
v -0.4685485586106870 -0.4508548798079033 0.1189547512712029
vn 0.4344030988784874 -0.7920308932483419 -0.4289300780138890
v -0.4636456331475038 -0.4610360914060194 0.2356718098480499
vn -0.7672000752338732 -0.0519737291763245 0.6392986594985517
v -0.4707931589584949 0.2240754249308130 -0.5308401533084860
vn -0.0781416844263913 0.8580890037814620 0.5075205796264269
v -0.4720112300973410 -0.2053364633744152 0.5640122242953035
vn -0.8242792363695983 0.0653053621585340 -0.5624046142798750
v -0.4658791777894621 0.2698945336384402 -0.7263042985350359
vn -0.4307194670818492 -0.3903095068661021 -0.8137193800854615
v -0.4604439604825139 -0.1899967820157385 -0.6968390208104588
vn -0.8235762150914668 0.5361421226366144 0.1851319590733043
v -0.4653063877025044 -0.1516062099469856 0.4791948798436120
vn 0.3425485990656130 -0.9064648678498525 0.2469451368869922
v -0.4560156124447257 -0.4089091624160680 -0.0573416563457911
vn -0.4707664959157455 0.2824210024066536 0.8358332870392464
v -0.4471520111647104 -0.2636485359994016 0.7532905598776384
vn -0.8678518125578848 0.4842489183832469 -0.1110685215740689
v -0.4601648304345771 -0.2205033914524545 0.6160535780131577
vn -0.6326521671829536 0.7601495600522453 0.1480671527081207
v -0.4621132574941647 -0.2167192756521774 0.6058423911739497
vn 0.2326544158471896 -0.9706891520668447 0.0602867551503087
v -0.4561346724677492 -0.3937845940565276 -0.1086907368582709
vn -0.0679850210976763 -0.8308457735225181 -0.5523344435449568
v -0.4529984546965987 -0.3623126811834488 -0.2574918589622454
vn -0.1794986551310605 0.9512253388465490 0.2508995566803747
v -0.4368985505759237 0.1227210366088175 -0.4001286137616047
vn -0.9966736207194573 0.0796501825614670 -0.0172494110013180
v -0.4505941215657662 -0.4480496993729450 -0.0579533016910828
vn -0.7239783058402948 -0.6600280036058496 -0.2005453742390818
v -0.4472787053182742 -0.4133283381806951 -0.0150704957425268
vn -0.4159582317884193 0.1081525984962102 0.9029295458926843
v -0.4439242909527331 -0.3508614965273063 0.7401969247769852
vn 0.1186629891655089 -0.9799624565597010 -0.1599771194133165
v -0.4377181995446967 -0.3814615037035602 -0.1899028720682076
vn 0.4853445860923930 0.8518600136931253 0.1969140670992102
v -0.4485481002311535 0.0994155317602236 0.0032101048295251
vn 0.2633320420458922 -0.9618260474450435 -0.0744774468425533
v -0.4533470014633136 -0.3895309847206083 -0.1671967927110560
vn 0.2214157010850898 0.9570343785497210 0.1872439200266526
v -0.4433065389942831 0.0992004834053092 -0.0224494161711757
vn -0.0173327593171893 -0.9794481870001646 -0.2009498057638846
v -0.4014650417475893 -0.5744014483332349 -0.0191004955912566
vn -0.0345941955899120 0.9244638436145413 0.3796970417068269
v -0.4428783798764093 0.1077177191965487 -0.0574335184624949
vn -0.4425577879287365 0.8751625735095752 0.1955327958980820
v -0.4430757802508259 0.0652400169684687 0.0948799109162235
vn -0.3032293151522172 0.5026685995460607 0.8095531245463262
v -0.4433378516122344 -0.3574352931495082 0.7368202629364385
vn -0.6222837909760504 0.2855704842815517 0.7288431806607478
v -0.4269316631828169 0.2974878277951417 -0.4570615175536813
vn -0.4160299097362827 -0.8533404065834722 -0.3142121332742814
v -0.4405539048474594 -0.3913011123490573 -0.1117215401994482
vn -0.6155946000491376 0.7606267584560027 0.2061315665080341
v -0.4410910786391356 0.0739486169536227 0.0812714000803904
vn -0.0269933572720981 0.9787335238288927 0.2033520297333153
v -0.4083762788586593 0.1250122273481028 -0.3994384026496346
vn -0.1806499635052745 -0.9129845903065111 -0.3658206234596339
v -0.4324353487457556 -0.3750925203212496 -0.2088844087487144
vn -0.4439630132890710 0.8321732127497556 0.3322417595863560
v -0.4340813954440362 -0.1537745778014941 0.6069181774461255
vn -0.2235995967123771 0.9283274671016808 -0.2970039295609402
v -0.4243192984302752 -0.0575351024875663 -0.7561757157809541
vn 0.1555306449513457 -0.7614584332741888 -0.6292783747091871
v -0.4234725194093281 -0.5250961621677712 0.6219617897662426
vn -0.0105041615462490 0.4298507074818443 -0.9028388737020401
v -0.3909532978192732 0.3324189234841596 -0.7623653357382950
vn -0.0374690419248698 -0.9802046935770904 -0.1944089236292272
v -0.4274623071114863 -0.4736736559219180 0.2917835652616498
vn -0.4368253020162426 -0.4144378072422291 0.7983889775333020
v -0.4286302097661237 0.1831585995124007 -0.4816961015345593
vn -0.0458001032973917 -0.8684910214650636 0.4935845380201031
v -0.4251968615203058 0.1412702614846153 -0.4921993387179198
vn -0.4221408212393408 -0.0163821424379056 -0.9063822330852029
v -0.4132193524094659 -0.0397229381000131 -0.7484504281901176
vn -0.0954725968259157 -0.8896215922127118 -0.4466076644262120
v -0.4036519556867031 -0.2275807445957188 -0.6165398552541840
vn -0.4614336298889253 0.1309049056049741 -0.8774639086002815
v -0.4181197435297818 -0.0530511781636391 -0.7470781008287307
vn 0.9148835893765066 0.0217697918170843 -0.4031303685581134
v -0.4177119177849510 -0.0754565057362621 0.0191912246155310
vn 0.6399204658462537 0.7363021848519771 -0.2199110956121103
v -0.4155616888756985 0.1223433404222121 -0.5767392899530318
vn 0.9698027486416920 -0.2359386293890207 0.0617704774876276
v -0.4116616242596686 -0.0445111336604973 0.0378814969173094
vn -0.2359829014439977 0.7267793376046247 0.6450611324960258
v -0.4134379787236431 0.3649285551452673 -0.4677322565716592
vn 0.9108702700691217 0.0098538613347660 -0.4125751477258424
v -0.4150196544379728 0.0210605409378731 0.0539295610802949
vn 0.0350630777585093 0.9988683410875476 0.0321343702460690
v -0.4111152970861818 0.1251932408670426 -0.5294660477556514
vn -0.1414901388528770 0.9540745421383249 0.2640498222891645
v -0.4104410943495361 0.0273680608314064 0.2568119627106840
vn -0.3921002224085641 0.0120158602196393 -0.9198440273711281
v -0.3847463331657756 -0.0909645450909985 -0.7867291950456523
vn 0.1076676838704390 -0.8256789207354638 -0.5537707013765668
v -0.4085224805280028 -0.5272724695721005 0.6286206977346014
vn -0.3251269447162827 0.4043229208219938 0.8548774447354585
v -0.4003710580167394 -0.3562335688968357 0.7603155665512872
vn 0.9844860370519186 0.0662104598050673 -0.1624912854962069
v -0.4038150000000000 -0.0003800000000000 0.1487700000000000
vn 0.9741948389763567 -0.1145730566313444 -0.1944670419530809
v -0.4092396295996210 -0.0758112002153926 0.1095757870170075
vn 0.3508461381325399 -0.8161520496891966 -0.4591326814174808
v -0.4129470667898175 -0.4783551334830506 0.2683202727745929
vn 0.4606081815352805 -0.4543428646724865 0.7625042061680450
v -0.4092124043692654 0.1912824455568743 -0.4563871546493948
vn -0.0630310820135482 -0.5171881561432454 -0.8535475931928761
v -0.4105485706182775 0.2237607536478367 -0.7631784321359930
vn 0.9707601863027079 0.0358075269580658 0.2373657129887954
v -0.4025737525775347 0.0378018732578240 -0.0659625181798551
vn -0.5021654078791603 -0.2127744464374031 -0.8381866964303437
v -0.4067158597067139 -0.1691190522260454 -0.7359862985554138
vn 0.2767141378564281 0.9565584508772764 0.0917889751856867
v -0.4079715858404643 0.0283559624570599 0.2846944051463940
vn 0.9400474572066606 -0.1620987053175986 -0.3000579742877194
v -0.4032360024548167 -0.0825069571469444 0.1405579615065861
vn 0.4506045518705042 0.6212311292977327 0.6411142034185843
v -0.3998492493956289 0.1250574851949462 -0.0806960344972860
vn 0.4058449984353195 -0.5503379176682871 -0.7296697976630039
v -0.3939399909978487 -0.3669677197186739 -0.2551090033384646
vn 0.9508005956749447 -0.2919538034940125 0.1036397794746302
v -0.4018551723485781 0.0610044244083632 -0.0809214038719420
vn -0.2586430940569592 0.8914790702995865 -0.3719795923359613
v -0.3999458700247022 -0.0557809169060434 -0.7587268707166667
vn 0.9720892579269024 0.0434867466626272 -0.2305458251364026
v -0.3994811905432979 -0.1179419580434150 0.1339581885135916
vn 0.8557973707342492 -0.5060070819846377 -0.1075532111363407
v -0.3969855138441321 0.1114627672241848 -0.0817303270543610
vn -0.7029383528172665 0.2142525856777734 0.6782134632023584
v -0.3852528554179198 -0.4974225743168086 0.1807170467514427
vn 0.8570196062594760 -0.4193130197051979 -0.2994895423759586
v -0.3955705217219724 -0.0516846338517235 0.1795887146898631
vn 0.9677762620911675 -0.2498872692229115 0.0310718395523008
v -0.3910092668237130 0.1183051261077980 -0.0864153834843256
vn 0.2891609469413269 -0.8840135748043336 -0.3672954482778923
v -0.3862518309162272 -0.4982923098703556 0.3382569896680470
vn 0.9683238688640813 -0.1184307190973318 0.2198250435282258
v -0.3918010685669832 0.1059079434368323 -0.1136366010560568
vn -0.0067069542114692 -0.9340305771320354 -0.3571300851896994
v -0.3764733137704407 -0.1854952251609475 -0.6878269595622148
vn 0.5038098164031110 0.8354700134302949 0.2194664565591890
v -0.3920340855986063 -0.1476161715039532 0.1552164891135895
vn -0.3160079197485399 -0.7985358482901899 0.5123275257602964
v -0.3920265002488182 -0.3490657793708162 0.7607261050547874
vn 0.4502901632062655 0.6179957195326786 0.6444533028536370
v -0.3897177403486561 0.1380122542235302 -0.0963168564210229
vn 0.4249813788403193 0.3712405753651811 -0.8255732934400859
v -0.3860698529438542 0.3329799281676879 -0.7608049862761862
vn -0.8295671211459527 0.1720779346348238 0.5312321299822044
v -0.3771080000000000 -0.0691780000000000 0.4398260000000000
vn 0.6752924765357328 0.4346595084334185 0.5958617145468033
v -0.3775217678655771 0.1746285786992743 -0.1417492708562525
vn 0.7517936916811708 -0.4357616025079584 0.4948919790500677
v -0.3636407497273356 0.2267904461063414 -0.4450712481406037
vn 0.4315178135370425 -0.8201105744732725 0.3757805506373755
v -0.3523250823681497 0.1495243997277889 -0.5565010404034242
vn -0.8548246172464204 -0.0282809623022982 0.5181457911831060
v -0.3688668743967808 -0.0824678836285241 0.4564856300273470
vn -0.3494822098718614 0.6513523199847683 -0.6735000669885196
v -0.3641425622654042 -0.0385183768769631 -0.7726752927428273
vn -0.5636099883539168 -0.5671639449418802 -0.6005571085131384
v -0.3676990434211019 -0.3441676731237018 -0.2795445542075786
vn 0.6892671587264428 -0.3344198054091732 -0.6427084701878973
v -0.3714959722871118 0.2370081619240456 -0.7520671032920253
vn -0.7152586521013776 0.1914140201826556 0.6721352047554379
v -0.3541272596760602 0.5127475356446517 -0.0373201808534683
vn 0.6847799249216191 0.7202604256442626 -0.1109115578967662
v -0.3688800382393759 -0.1633278127820631 0.2239242546354248
vn 0.0752131198518917 -0.7831270202721082 -0.6172965711243452
v -0.3678204906373403 -0.4932764166024329 0.3542255739744927
vn 0.4181523578852314 -0.9003512997389940 0.1204829558623357
v -0.3618530457469057 -0.3389242157561901 -0.3593979796302437
vn 0.2064788221087307 -0.7859298608527628 -0.5828213704391322
v -0.3484078602360791 -0.5070177022448618 0.3388513117593239
vn -0.7642971354760979 0.4975518168249979 0.4102341749259500
v -0.3523332619532950 0.5270988987258904 -0.0402550172473240
vn 0.7478579129910525 0.4569357512395383 0.4815789252197671
v -0.3572772997344197 0.2122387004122706 -0.1938419096847530
vn -0.4408409034278538 -0.8923590306182484 0.0967194827269762
v -0.3554811523212015 0.0712076634498335 0.0703461935415715
vn -0.8481447416231318 -0.5233933921224596 0.0819137005608714
v -0.3579752051705605 0.4388194904544770 -0.0420958388656804
vn -0.3158790397123311 0.0544632118380460 0.9472350240709534
v -0.3347834641529513 -0.3711447304469127 0.7897919466942838
vn 0.3653004131805380 -0.0775645288756347 0.9276526030742485
v -0.3508875723206126 -0.0129059892240629 -0.2224402251111706
vn -0.6264963122730358 0.6606887569797896 -0.4135126807109877
v -0.3470547253419109 0.2012270598131394 -0.3882147436228838
vn -0.1088838976505836 -0.2821916661262397 0.9531590425534000
v -0.3442837738976083 0.1236253550135865 -0.2336817745547204
vn -0.5035547455627001 0.7499211921473609 0.4290114494854017
v -0.3269566385122495 -0.0635785152544147 -0.1551009503251631
vn 0.0701587727414917 -0.9740573836218132 0.2151510167748128
v -0.3287021324440251 -0.4962207907246176 0.3061440440393414
vn -0.9938691733974033 0.0299072702938774 0.1064406940691913
v -0.3393491525661154 0.0761367989662930 -0.2117411290822741
vn -0.2749203778716102 0.1689560479116271 -0.9465054884706242
v -0.3458291065645878 0.3352013422121216 -0.6910988356764076
vn -0.9960670483647243 -0.0840209106510341 -0.0281233308012575
v -0.3442232816570466 0.0771989334200041 -0.1788455722448584
vn 0.3579771827672436 0.5180410432539165 -0.7768434939692944
v -0.3442989529414688 0.3692494787575620 -0.6610087899106798
vn -0.4820161486623263 0.8590099874270987 0.1725174597808399
v -0.3432419716658602 0.2004966344510248 -0.6929663565111666
vn -0.2169880574660935 -0.8263091003599941 -0.5197397941079251
v -0.3388860000000000 0.1653010000000000 -0.6732690000000000
vn 0.7897909798048958 0.6105324662594672 0.0589942019350632
v -0.3376734440912474 0.3877966634761316 -0.5809636165741914
vn -0.1637227641233961 0.9491991372918539 0.2687300769772433
v -0.3224887315995673 -0.1220744969830563 0.5890596394788427
vn -0.2908547905977273 0.4247381845059165 -0.8573219730118726
v -0.3401334316933078 -0.1654665093136968 0.2947827273209420
vn -0.4848740861059950 -0.3459404813232960 -0.8032573087153845
v -0.3392082741338928 0.2236700945351526 -0.7259206836669887
vn -0.9497042630336529 0.2966432018380996 -0.1003225975488408
v -0.3416840112312159 -0.1620346707719106 0.2825358362344451
vn -0.9016198203593448 0.4323032338753810 -0.0139861901914068
v -0.3398351878109366 -0.1769108436454863 0.2833948691991169
vn 0.8662510407907009 0.0208210139774983 -0.4991749389802898
v -0.3411111854478065 -0.0079095045761766 0.3253849269670067
vn 0.1293294959213400 0.2734810322927274 0.9531432245265327
v -0.3235439607117804 -0.3715385220753465 0.7908917479984205
vn 0.5746218817827723 -0.3617010040636907 -0.7341539870052766
v -0.3235409051599166 0.2189621698642389 -0.7238928366243066
vn -0.5830724499823821 -0.3867677941917692 -0.7144488725217332
v -0.3333685990490710 -0.0224334681557898 -0.1476021166717915
vn -0.6763921285952913 0.4442145530057037 0.5875092503716636
v -0.3321960129528762 -0.0986792548531934 0.5107853399093755
vn 0.0165224992260183 -0.9996079098493503 -0.0226060519759534
v -0.3355325358436873 -0.4950049613377256 0.2825797198703088
vn 0.8275795566383937 0.2847481801538952 -0.4837670424214992
v -0.3343372952169938 -0.1498318189950570 0.3117070935745150
vn -0.3601236444062044 0.8675144299847832 0.3431175811697358
v -0.3324051328832004 0.1166795484218490 0.2212635171668381
vn -0.0530544264156775 0.9974430200685598 0.0478816202129177
v -0.3193871084051368 0.1357725549405223 -0.4406972316504353
vn 0.1969301863748224 -0.1889697434888816 0.9620337508321234
v -0.3261270193050665 -0.3372957739883480 0.8078885562260849
vn 0.3653063830437418 0.1605873883014334 0.9169312609056491
v -0.3290747767906099 -0.2816639584127266 0.8180524693195685
vn -0.1099177671406308 0.9939202563343845 0.0063724810717153
v -0.3278883972626033 0.1348080976678012 -0.4714802208311089
vn -0.1122653291684983 -0.9926885236604829 -0.0443394954804367
v -0.3270947827185042 0.1480113329546018 -0.5951478102136574
vn 0.0756841843536362 0.4325201637246462 0.8984421028704799
v -0.3289157540816299 0.3111008551809649 -0.5247660896858853
vn 0.9916241465519210 0.1291456410625914 -0.0017191188750809
v -0.3236599470516468 0.3362665417223037 -0.4992216589349960
vn -0.7501652231139058 0.6569738586486530 -0.0750832010689710
v -0.3264322916243727 -0.1714088651122371 0.2285852067141861
vn 0.7665907724022293 0.4082169029993574 0.4956788756577858
v -0.3275574896301057 0.3445264050791816 -0.5148310390896331
vn -0.3172306634946758 -0.7099314997394940 0.6287781578715663
v -0.3264591682522576 0.1989899679510533 -0.5117741141644001
vn -0.9750908685801232 0.0437213903491528 0.2174539906223796
v -0.3235945430546055 0.2254959323378885 -0.4966627165110143
vn -0.9312952020805955 0.2646095250407784 0.2503418579450041
v -0.3241979195114116 0.2235616861774640 -0.5107408737532112
vn -0.2298407432696750 -0.9005050901542799 0.3691392898886210
v -0.3231724928001528 0.0527286798087378 0.2252002543656863
vn -0.4887701870359590 0.6313498700504385 0.6020805974719067
v -0.3191863346544681 -0.2291466646235071 0.7712827289774368
vn -0.5326624628102322 -0.7469226868497988 0.3979663309653411
v -0.3090059128736382 -0.5669094844702863 0.2613059783837383
vn 0.4547917068887127 0.0306094342079923 0.8900716633410580
v -0.3027053335782327 0.2357099779882948 -0.4905894982932614
vn 0.3745220538253201 0.2614073621491176 -0.8896063299081814
v -0.3119811983706139 0.0036220981594313 0.3748965645248999
vn 0.1616328479734913 0.9858617918694154 -0.0441740850273530
v -0.3079637597223570 -0.1315437433824479 0.2578247701567031
vn 0.2898129798880074 -0.4763867803471375 -0.8300988327897598
v -0.3148719703225161 -0.5417854570424134 0.6835433054447531
vn -0.0360129188253729 -0.9355446250368208 -0.3513677905591115
v -0.3166561408729553 -0.3233677324390398 -0.4123577104797951
vn 0.0655665078574645 0.4932540571214943 0.8674107839890870
v -0.3011732889793373 0.2260839350533917 -0.1775755876141278
vn -0.0228688123627705 -0.9734417610402557 -0.2277897172480843
v -0.3081266587112862 -0.2983961511963493 -0.4509361365274938
vn -0.2501129893786239 -0.9549235604802583 0.1598889808079185
v -0.3058850486536817 -0.5038146055516824 0.3915416658065043
vn 0.7037934517704337 0.6061349805174090 -0.3705066296818698
v -0.3015584065840585 -0.0157869953808571 0.3844933514344986
vn -0.7973092108242271 0.5512484616474523 -0.2458112199761550
v -0.3067542288788589 0.1345784621987451 0.2553665705526705
vn -0.7239908371330200 0.6255619565434183 0.2907051879017625
v -0.3068432305102491 -0.1711119450330398 0.7045895380093470
vn -0.3846988129321965 -0.4101355286625755 -0.8269193863111619
v -0.3007960956478823 -0.3059703731365496 -0.4512427065546075
vn -0.0920561469299617 -0.9017335943764500 -0.4223768348114481
v -0.2984243905598673 -0.2451874433728208 -0.6047391833021302
vn -0.0266475554471179 0.9508667429675989 0.3084515276455658
v -0.3005373648798662 -0.1082152076256605 0.5612067141586626
vn 0.8188128604358850 0.2422500829597742 0.5204425010419368
v -0.3020987579817838 -0.1593751302636667 0.3590406915935621
vn -0.7519641693771051 0.1730628922638447 0.6360810666057224
v -0.2973321385819093 -0.1126588386099836 0.3175170561264301
vn -0.0344608751605478 -0.4798323004868560 -0.8766831876411573
v -0.3028603689899924 0.3266765522914181 -0.7074586203350944
vn 0.7865468812099361 0.3157284086815748 -0.5307160969956755
v -0.2979129688935532 -0.1118597942895671 0.3795372884475113
vn -0.1449063118870501 -0.9177610397991919 -0.3697523963438222
v -0.2947247085455113 -0.2720665062982740 -0.5453884220393890
vn -0.2925715112444274 0.0994723507075573 -0.9510558144782379
v -0.3005241892851980 0.0082046597120405 -0.8016499915247347
vn 0.4200650637886671 0.8845575919905627 -0.2027392626899886
v -0.2984204773660926 -0.1366710101394938 0.2552784706577783
vn -0.0912893550839200 -0.9296785326568169 -0.3568810439984585
v -0.2984801696882114 -0.3212473106289892 -0.3530279853219263
vn -0.4582901760659620 0.8401301975773526 0.2900885479298828
v -0.3003583350268378 -0.1436751270201902 0.6521939197132108
vn -0.3818016576866258 0.6848454153684903 -0.6206563068530798
v -0.2974031010338625 0.2490254256372410 -0.0999993960714782
vn -0.5315823691558028 0.8160394509645419 -0.2269356721015737
v -0.2915603423684638 0.2690826260740664 -0.0657638696307722
vn -0.0439721830942200 0.1434828121191426 0.9886754420639320
v -0.2798361813713736 0.2933477993391865 -0.5075705367494028
vn -0.4420446173185641 0.5156552840209649 -0.7339592525208344
v -0.2905745462557898 0.2386317273089660 -0.1100654058923309
vn 0.8370572081109598 0.5343147760912262 0.1176560682670812
v -0.2896477506335164 -0.1478761578204536 0.1406536949252030
vn -0.4650884420553887 0.3715250288857920 -0.8035308917383965
v -0.2736386761618476 0.2147494762916482 -0.4426438085071736
vn -0.3641224470174356 0.9289386541595158 0.0669911963346097
v -0.2881266483374117 -0.0584882963314865 0.3423467971670465
vn -0.4038076344209625 0.3381975877372474 0.8500363439477475
v -0.2867589634426040 0.1203611588189968 0.2878059256613523
vn -0.2707516020316661 0.0626769230128444 0.9606066694120587
v -0.2876960151648509 0.3102319505449987 -0.1879904724167390
vn -0.7545071746099103 -0.6078859030109265 -0.2473735078434236
v -0.2800860104975995 0.1814288099949803 -0.1317279112935448
vn -0.3043649424328023 0.8008319519970988 0.5157811226464122
v -0.2895041734946462 -0.0490286120376743 0.0050382649717898
vn 0.0114044597146604 0.9028471989638877 0.4298102763100002
v -0.2853504561851159 -0.0332633256107369 -0.0603522732860764
vn 0.0121444599634271 0.9166244364293730 0.3995649567125863
v -0.2820746369671970 -0.1385759477558001 0.2393769526690828
vn -0.0719881367557600 -0.4519340802983459 -0.8891418870075360
v -0.2662048767213429 0.3307271955236110 -0.7236208731619325
vn -0.9584057436957210 -0.0277863099445399 0.2840534305913555
v -0.2825404454224990 0.0667225369986929 0.3128945157005776
vn -0.5169539753150795 0.1461452414470044 0.8434454077225941
v -0.2774017354509930 0.3421770449877790 -0.1866249680096699
vn -0.8010757487059935 -0.1668943695739868 -0.5748251162219977
v -0.2760954687435527 -0.1335133314625268 0.1140580215100854
vn -0.0112645710883609 0.5575984368264910 0.8300343924722933
v -0.2753476291850001 0.1525902420504227 0.2640676030973235
vn -0.2053407260622601 0.4118751129061211 0.8878029497522488
v -0.2772917294292545 -0.1361702195897598 0.3549337914084699
vn -0.0251873741397269 -0.6394196309528030 -0.7684452691871599
v -0.2616098373916224 0.2310365111885275 -0.7341154966262901
vn -0.0805347341721627 0.2287300815820724 -0.9701529293731362
v -0.2617896264345529 -0.0781973663957373 0.2990285836125200
vn 0.3150945658877100 0.8553985105798303 0.4111068019941334
v -0.2739979931038864 0.1595988984184609 0.2215228895885572
vn -0.9564139864600508 -0.2109833043084484 0.2018869282709569
v -0.2728179205847571 0.0665614068604887 0.3448951319939407
vn 0.0867308095706605 -0.8200039833950087 0.5657483839018332
v -0.2632877448862075 0.0272877198421752 0.2470105815922492
vn -0.0000158206659142 -0.9798150606037159 -0.1999060948641715
v -0.2300878540059961 -0.5321301311755759 -0.2268153765192604
vn -0.1355247147117552 0.9134326558957359 0.3837627324865711
v -0.2597193733343878 -0.1373051453412824 0.6511750839124767
vn 0.7129668040933174 -0.0026098474564619 -0.7011929299110303
v -0.2696737696586422 -0.1146964221953948 0.4176723780419526
vn -0.7507840285494041 -0.0221010360979241 0.6601779204718419
v -0.2687066470061198 0.0982913689870888 0.3659134857795187
vn -0.0386120346735828 0.9578440923319106 0.2846819375429788
v -0.2674236037503781 0.2638101306903676 -0.3342337026635169
vn 0.6390641362932329 0.7152461553962459 0.2828780070890514
v -0.2654372874231682 -0.0650133290169649 -0.0162879603137881
vn 0.4630853634862689 -0.0470773962544677 -0.8850625203264966
v -0.2375124176971269 0.5492241269871617 -0.0024564671154825
vn -0.6454892971288591 0.1317851781225748 0.7523139199292358
v -0.2520837160960499 -0.0198991819269072 0.5284156107849901
vn -0.3907646621778650 0.8357400205969668 -0.3857999439678557
v -0.2464350287572371 0.2746078331212027 -0.3421613202204006
vn -0.2544057188312847 0.0954162078392659 0.9623790716279690
v -0.2616230256601139 -0.3783712314068620 0.8093179485408752
vn 0.2300549678302834 0.5377948861692113 0.8110803734444892
v -0.2488511011655982 0.1507434357228786 0.2752704417052587
vn 0.2527819928671622 -0.6704097122248718 -0.6976045311182193
v -0.2562795987247868 -0.3067907786333866 -0.4646908276443705
vn -0.1910173666363343 0.8777715862726304 0.4393511215141602
v -0.2553386645054704 0.2765586002382324 -0.0000190685544702
vn -0.5823045437075151 0.7672337809492656 0.2688377647353083
v -0.2514547570727662 0.1446235157759708 0.3111845680164221
vn -0.1719505183292424 -0.9261230151785050 0.3357516641849737
v -0.2388188334196438 -0.5490964736509322 0.7199531477871542
vn -0.0089582718145590 -0.9917616780946555 -0.1277831101083755
v -0.2240090200949156 -0.5368965342964431 0.5379193669461961
vn -0.3827797030524407 0.4046434358553925 -0.8305079101069587
v -0.2518676446006500 0.2752361609677291 -0.4302777944729200
vn -0.2193288722504341 0.6015115089244726 -0.7681658352392124
v -0.2382584970048996 0.1425229147713923 0.2996813352111538
vn -0.4139361525503912 0.4543884926092255 0.7887889194176698
v -0.2276702556211995 -0.5915925162020136 0.3226497031077721
vn 0.3494957742031966 -0.8158403157000818 -0.4607138841976647
v -0.2479994288094459 -0.5213655353398337 0.4228277731486885
vn -0.5416471448706685 -0.2775348505748367 0.7934688255816079
v -0.2254003075074147 0.2594796077205495 -0.1881926115983539
vn -0.5427143448419863 0.7961359010880160 -0.2676355112863505
v -0.2439611666000983 0.0195600107349601 0.3592980138872817
vn 0.1797210963277514 -0.9310671138540454 0.3175127667263936
v -0.2302188513897752 -0.3058184940282688 -0.4862738659752396
vn -0.7391045933773154 0.3501296536938896 -0.5754421132075320
v -0.2377935680113926 -0.0498031341161482 0.1240812946533993
vn -0.1996462503796732 0.9734336049839118 0.1121088372848558
v -0.2225972377214281 0.3360386004941280 -0.0665598099334319
vn 0.4322644199934347 0.7151173728661901 0.5493219586296345
v -0.2294398957222392 0.1514502263201130 0.2668955764857973
vn -0.4669186261733990 -0.8039995016722336 -0.3682007575265778
v -0.2385448144306034 -0.5142237234209523 0.4360829802281346
vn 0.6617711991798104 0.2262012136822323 -0.7147670185905339
v -0.2089902409366500 -0.1059464835870228 0.4845751786362847
vn -0.2391627474792490 -0.9116705965454683 -0.3341525154964524
v -0.2324779434299029 0.1762754048649185 -0.1507850035337615
vn -0.1959234643584777 -0.9440369421827084 -0.2653455255098418
v -0.2402475692152279 -0.3169663167508733 -0.4444343529456100
vn -0.7028350376549879 0.4389036621933359 -0.5598093292879189
v -0.2363867252767006 0.3755204702444678 -0.2839498119590128
vn -0.6349318260779447 0.7666192543978579 0.0956895763382767
v -0.2391130053561909 -0.0682153808804333 -0.0249555745204845
vn -0.2481568895055451 -0.0522169218756426 0.9673115068377743
v -0.2196350307772682 0.1049141406505448 0.4316053461074664
vn 0.1993731231249747 -0.5236191921005094 -0.8282954179756180
v -0.2296926599121383 0.3442702936145191 -0.0094391308502107
vn 0.7130036614369850 0.5261847257822533 -0.4634171049183534
v -0.2373811789136103 -0.0395303889425842 0.4681813854206997
vn 0.2850842181069516 -0.6491926149020530 0.7051779472891809
v -0.2239827269312377 -0.0142206596524270 0.3842180799852880
vn -0.3444192304498807 0.9387506278908642 -0.0110748512775720
v -0.2373287397405111 -0.0737297138983504 0.2250115328795894
vn 0.1389517881589031 0.9900235477422274 -0.0233618381840275
v -0.2310384566748660 -0.0410511795498537 0.5441201984630403
vn 0.9163470271534454 -0.3998177898363338 0.0213040080133305
v -0.2308377154374202 0.0615818083983797 0.0824309221267125
vn -0.0241751414723392 -0.5284903798104945 -0.8485950040994535
v -0.1934570337765197 0.1959766315731278 -0.7209018706795401
vn -0.2025935790504581 0.0905139691181396 0.9750707990305145
v -0.2286768788619469 -0.3803986790127646 0.8173816593780167
vn 0.5946818808239061 0.6424782089339047 -0.4832961945482537
v -0.2129272616521486 -0.0460798065979003 0.4942699412622203
vn 0.4361866799474642 0.0716604820435608 -0.8969983029803863
v -0.2203270955536573 0.3728779404518324 -0.0004865754567248
vn -0.2995289583184849 0.7730435226944318 -0.5591834360465507
v -0.2159691794228866 0.1439914977178242 -0.4784571556033350
vn -0.2354086034734691 -0.4364743943878226 0.8683737055291658
v -0.2273375545979731 -0.2020080717412693 0.3727112144822556
vn -0.0991388169128911 0.9626246379048372 0.2520422612969764
v -0.2251254672399384 -0.0751559720181124 0.2207390217156298
vn -0.7772332366442810 -0.1114894571293956 -0.6192564870911307
v -0.2278324469658784 0.2040837307275378 -0.1647572074000529
vn 0.6605199506858704 0.6799905857293397 0.3183177627236736
v -0.2115143351363439 0.1510540456508802 0.2366075765909431
vn -0.6683600463292001 0.7408248122773297 0.0668838245399344
v -0.2207727227655801 -0.0366351313132226 -0.0295548784286583
vn 0.2619430544764460 -0.7491683844076203 -0.6083852135083706
v -0.2296071719043794 0.0258481051383867 0.2110849826554546
vn 0.8112233418856271 0.5843888824599687 -0.0201574709997088
v -0.2127552309389037 0.0063505210736375 0.5242308653381929
vn -0.8204687652181771 0.4648218066406308 -0.3328238173158581
v -0.2151335339288905 -0.0506966428634281 -0.0841993817504024
vn 0.5809911546232897 0.0606674895618127 -0.8116456948445943
v -0.2202645991777192 0.1097857551494050 0.1141313096327163
vn -0.8790212979553520 0.4550602580310271 0.1422733963242008
v -0.2117215383662930 -0.0045459881843380 0.5456427786755670
vn -0.1449060184614145 0.7707048387742317 0.6204968149020959
v -0.1846122760075110 0.1476152473202237 -0.5586243981643506
vn 0.3344483895931829 -0.9123762587146731 0.2360377877212509
v -0.2003299418051885 -0.3126804588421508 -0.4270101701382087
vn 0.8703403602816240 0.4882245555769733 -0.0643773298337234
v -0.2137743407156719 -0.0350231513050640 0.5687676837957194
vn -0.6662547786545272 -0.6672880584384832 -0.3329132274112976
v -0.2119816299516845 0.1452987799740849 -0.1411745623501460
vn 0.6826733479870335 -0.4542814719826478 -0.5723508051548923
v -0.2029047404152509 0.0848992742525379 0.1210142646300803
vn -0.2198593159962496 -0.9271639916430696 0.3033625121371316
v -0.2173160729302575 -0.5248092076098976 0.3979938500632731
vn -0.1280286784722526 -0.9178365961867275 -0.3757454459990307
v -0.2101852205238319 -0.1696812068478001 -0.7496396731825856
vn 0.9416825055976878 -0.3120555904678867 0.1259180968288481
v -0.2045821824544816 0.0510032561077361 0.3180717651990359
vn -0.7809342449734933 0.5681579416907362 -0.2594961624406539
v -0.2055453092105368 -0.0435051694376102 -0.1057623797294623
vn 0.6008349341094383 0.3347279102921045 0.7259163918972953
v -0.2123696449174836 0.0108570897626729 0.3850243088339056
vn -0.6990152460113053 0.0095357647009591 -0.7150431840352878
v -0.2067132290179375 0.2128035816427736 -0.7251802361011139
vn 0.5534326373961117 -0.7971557205549344 0.2413608772177615
v -0.2058428165240299 0.2411022898207887 -0.7239143534167332
vn 0.2914753434320152 0.5565752869249073 -0.7779884794491793
v -0.2058389161690811 -0.0264710416197132 0.5131350597764949
vn -0.5703796664895446 -0.4667476602894124 0.6758799136456379
v -0.2046372649388652 0.2543433182680107 0.0381570859632812
vn 0.5246672929429077 -0.6721190465462895 -0.5224750893446192
v -0.1716935730436716 0.1801607965554242 -0.7002181836528308
vn 0.0525576813966239 -0.0150131393109203 -0.9985050304200986
v -0.2019733578215128 -0.0337002733529774 0.5088612038574447
vn -0.1530994929273190 0.1913323920142165 0.9695114548222296
v -0.1921946448133094 -0.2932787141313486 0.8562809169686471
vn 0.1360217328451973 0.0482859069880089 0.9895284530422230
v -0.1919520366077596 0.1628424043473198 -0.1956194501356832
vn 0.2460513272931335 0.9692108342368263 -0.0094394457063143
v -0.1750219587846643 -0.0363800394901404 0.6164086747141323
vn -0.1479672402699210 0.4834879081648565 0.8627543905801204
v -0.2027031390713572 0.2789873624054092 0.0249435946769989
vn 0.8363141203299156 0.5416311913143046 -0.0849372988282923
v -0.1928545141630403 0.1163075826185579 0.1708992229425116
vn 0.4616803507281475 0.7248975411143169 -0.5112482847286157
v -0.1934910386072933 0.1497158267965582 0.3240816673335502
vn 0.6013514875436212 -0.7929662118159998 -0.0978824567900545
v -0.1881537430408430 0.0340240756338731 0.3828342403523474
vn -0.4330810189226378 -0.1307000352542567 0.8918286448827857
v -0.1848086036471026 0.3710358300201863 0.0521008657580399
vn -0.2762892223335933 -0.1347154573982203 -0.9515860503182497
v -0.1974300314108242 0.1928437680843846 -0.1778096140600690
vn -0.6565148226634663 0.7400930079610363 -0.1457759486003883
v -0.1920895522647835 -0.0442592588042854 -0.1526089214035543
vn -0.1744978607753670 0.8464922991224439 0.5029923300719601
v -0.1960639427123935 -0.1624923000678824 0.7148661738818199
vn -0.9205303830306018 -0.3675180432581929 0.1324926480873654
v -0.1939226698944296 -0.0037064417886579 0.0044195664105068
vn -0.1076356583777735 0.9252513538807965 0.3637643429300569
v -0.1930086452338916 0.3598093203204203 -0.5458049513645208
vn -0.9946855023062678 -0.0383381639023660 0.0955559348775514
v -0.1915438180071465 0.2725638908738297 -0.4848664679034590
vn 0.0528933321710036 -0.9876934113397894 0.1471870259493600
v -0.1857319348542204 0.2419459921422784 -0.5107288005627934
vn -0.0707858282189376 0.9899049056563938 0.1227910594496407
v -0.1847986948263413 -0.0105118502459690 0.0377302320963688
vn 0.8825607721617025 -0.1906589833976460 0.4298088359853899
v -0.1844302841555431 0.0485895021411305 0.3928881337167000
vn -0.6464962747537578 -0.2292140048632118 0.7276699160361662
v -0.1868111013865721 0.2507353156135825 -0.4873991855018641
vn -0.0938955253379090 -0.8777844933027649 -0.4697637849374154
v -0.1877165471646182 -0.1582349791110245 -0.8122060902794395
vn -0.9401673244809189 0.3324548550440661 -0.0745598506974050
v -0.1857176142835229 0.0125421970052281 -0.0470743223251590
vn 0.0371843701751782 -0.9821283475039628 0.1845026602621505
v -0.1964964674134530 -0.5273563692582074 0.4049100393238538
vn -0.6363166894802159 0.3307170865483178 0.6969413744024177
v -0.1706080000000000 -0.0943200000000000 0.6737800000000000
vn 0.3360283805987897 0.8768656993046327 -0.3437898672374631
v -0.1892244222042550 0.1406089363283217 0.3844030598442221
vn -0.1813810526603374 0.7117286645736930 0.6786333485468978
v -0.1593259343258217 0.3090298407037658 -0.4698069349056319
vn -0.7669413874776201 0.3397497648190534 0.5443996743930886
v -0.1798036556427075 0.3085843049703046 -0.0076650116673186
vn 0.2152157221022812 -0.3804642745553338 -0.8994048747627940
v -0.1701799119463794 0.1490401354078432 0.3864281984510411
vn 0.1109806251319037 0.9047696919623969 0.4111874333580749
v -0.1760378167643907 -0.1806270904619933 0.7432317624815475
vn -0.8259424341874914 -0.4906012845159153 0.2777219383480094
v -0.1774880701941169 -0.0068799235572769 0.0719702154785344
vn -0.6818860150538640 0.4179316500334371 0.6003037550892800
v -0.1771387695509866 0.3016773861725670 -0.0002438800057324
vn -0.3960957929566272 -0.7602783193275985 0.5148640596919375
v -0.1637666762592555 0.5683895077231388 0.0857745765889996
vn -0.4042125135982235 0.5073883823846427 -0.7610317163375661
v -0.1591395575638984 0.3574567140070724 -0.3723006005769379
vn 0.5132907797231904 0.6610455264776467 0.5473128788682488
v -0.1756278988558393 -0.0818088007737529 0.2265884690153122
vn -0.9745161259879566 -0.0837587742900296 -0.2080932193005264
v -0.1767397219824958 -0.0168591356090433 -0.1129989019310056
vn 0.6685978119662672 0.4455921722650947 0.5953356883725299
v -0.1718751051927064 -0.1501851583925712 0.3035142645742868
vn -0.5012504564443608 0.0722538493276870 -0.8622803263276112
v -0.1682436814779115 0.0407673503223323 0.5172765432066196
vn -0.8927644188514808 0.1228974950655125 0.4334373058925592
v -0.1694862487147151 0.2736695080795384 0.0296611497236081
vn -0.4455898560296724 -0.8674293168757384 0.2213957100486492
v -0.1589002967722029 0.1197915499613990 -0.0813569743346886
vn -0.8099939182931598 0.1218175971177614 0.5736465160362685
v -0.1678398420673771 0.2769962593193770 0.0369101666697301
vn -0.9184994346638460 0.3887654282741302 0.0722511612434547
v -0.1594430096001466 0.3512613275406059 -0.0705487893419702
vn 0.5391965386499410 -0.7290588363653578 0.4215925827448970
v -0.1717498866724041 0.1676623410136701 0.0072257418708994
vn 0.1387445719935458 0.6253524006102495 0.7679090563298011
v -0.1684783086356421 -0.2482553027889424 0.2644656341118626
vn -0.5588857986396170 0.4881157838301021 0.6703653076158420
v -0.1611621325269225 -0.1365416466897846 0.6848491669002194
vn -0.9066491521896496 -0.1074927218313771 0.4079615540551240
v -0.1631879277119098 0.0310107136314031 0.0795798493210109
vn -0.6162450664687364 0.3526015128980892 0.7042117516450015
v -0.1607673468719911 -0.0285708865560774 0.6029736361191916
vn 0.1424337958357671 -0.9072465460874402 -0.3957477964767780
v -0.1677564551857060 0.0962027595966053 0.3940464179733007
vn -0.6071194852955180 0.7510319658182687 -0.2595321114884480
v -0.1628814582458697 0.1398704059547521 0.0037379127021052
vn -0.4013544702734549 0.6336155578660032 0.6613969413458669
v -0.1581464610586859 0.3155703797975581 -0.1813795660658210
vn -0.5804473395448565 0.1402433671106302 0.8021300916913484
v -0.1546103544295591 0.0558368673917156 -0.1972437768244940
vn 0.7430460779243718 -0.6006433597670714 -0.2951441689224650
v -0.1602273254842185 -0.1486223359479148 0.2697517281700497
vn 0.5718095375255036 0.1832670966877549 -0.7996543153553983
v -0.1578612442707122 0.3228318693550299 -0.7452306689712761
vn -0.2902934242689528 0.6321189635017365 -0.7184395199372706
v -0.1362744631581682 0.3907858557599799 -0.3614159705868525
vn -0.3166219443565578 -0.1465593225258600 -0.9371610903855504
v -0.1513639885311887 0.2839689480932638 -0.7518546210462599
vn 0.6727412064408255 -0.7256266947758057 -0.1445170197079999
v -0.1569686833902321 -0.1412312370832478 0.2501966186719138
vn -0.0677423261243640 -0.9247023211387544 -0.3746152620113873
v -0.1289835885292507 -0.2719082410681509 -0.5698588139621346
vn -0.3932489330897591 0.5199581879603485 -0.7582867263751600
v -0.1565955028133906 0.3615095034131244 -0.3694570569978314
vn 0.9167221891280799 0.3828452136391295 0.1142364668301258
v -0.1600142948779110 -0.2336339331062526 0.3413952941989113
vn -0.9781928866082992 0.0800738078605443 -0.1916425367282426
v -0.1509090679974529 0.0313511514224469 -0.1732814903862365
vn -0.0800201252064257 0.5510220051841144 0.8306452488065084
v -0.1431608896409138 0.2531365901853890 0.0577554971750395
vn 0.0002978251372381 -0.9796873864171334 -0.2005306365505134
v -0.1415875691973805 -0.5131937868845764 -0.3201736636533201
vn 0.1113266873400161 -0.6855131061491719 -0.7194985406403632
v -0.1496897291749073 0.2949455644785199 0.0059002030497337
vn 0.1002950529373086 0.6808810210796739 0.7254942711626353
v -0.1439943156399468 0.3445067456964389 -0.4967065938155041
vn -0.1048705061634498 -0.3278637855377878 0.9388863163716112
v -0.1188678955163149 -0.4675050563178597 0.8608699288044961
vn -0.1088240701937667 -0.8375116254297245 -0.5354732477132009
v -0.1434246919905783 0.3043030044133518 -0.0052575304208013
vn -0.7279165019051040 -0.5470956305133973 -0.4133085255924258
v -0.1288013065071825 0.2596763515931549 0.0366468201246812
vn -0.8820771021113438 0.4193003145754097 0.2147725125052463
v -0.1432228778237165 0.0817688596135758 0.0539217635723960
vn -0.5199945846824161 -0.0958753134607373 0.8487717927510121
v -0.1385980054621621 0.0162717928485900 0.1077369021216757
vn -0.5726083242730190 0.0396993159788166 0.8188673099373666
v -0.1386179754355178 0.0612899846279048 0.1124019652345953
vn -0.8837690415201939 -0.3540560273715095 0.3059356316815395
v -0.1332527135349747 0.1085782804447873 0.0878773816131633
vn 0.0004890150899653 -0.9803420905900664 -0.1973047041551212
v -0.1128089741414916 -0.5761340426209123 -0.0101855343558201
vn -0.5755881271467554 0.5467174836597480 0.6081104348294343
v -0.1335145446101034 -0.1756914318520382 0.7454763382226252
vn -0.1092593372176951 -0.1099654074945022 -0.9879119426271341
v -0.1280874027767148 0.2822348941201532 -0.7519171733696127
vn 0.4827554784365647 0.2442430635079779 -0.8410068215940470
v -0.1148883649085512 0.0482419643990725 0.5337607202000985
vn -0.0001775563806613 -0.9801772178256796 -0.1981226643502504
v -0.1589933137113768 -0.6094959076762410 0.1557302026144443
vn -0.0987080523686987 -0.8307277548284159 -0.5478577532127455
v -0.1267353263711958 -0.1861732744597946 -0.7467092459569300
vn -0.0126906540942080 0.1607069263533607 0.9869205799458822
v -0.1174938854444846 0.5821485882351457 0.1264678297086671
vn -0.4994289217513097 0.0478667360507359 0.8650315183264558
v -0.1155159873503511 0.4969302978200594 0.0602017138142896
vn 0.0299575510749094 0.7401461081619543 0.6717784483788587
v -0.0742869221887876 0.3544919279280683 -0.5079425068094139
vn -0.2483801398421810 -0.0836391122093976 -0.9650449756569910
v -0.1116876406063675 0.4928178495154134 0.0311200538367264
vn -0.4916909063037476 0.8686568895825512 0.0606239295902757
v -0.1197709926855568 0.4111013013753663 -0.0854913637740269
vn 0.7078562474505222 -0.6755135816025206 0.2064483809958312
v -0.1154890000000000 -0.1298740000000000 0.1591140000000000
vn 0.7597676140808289 0.1314829233916037 0.6367616614168305
v -0.1151500000000000 -0.1308940000000000 0.1586470000000000
vn -0.0610163378390764 0.9924709991706724 -0.1061994459584173
v -0.1084647149680588 0.1536178937278901 -0.5155173394744228
vn -0.8377908182631999 0.4418687587723509 -0.3207156760354257
v -0.1027576677562015 0.0492144967445324 -0.8056490128175116
vn 0.5243328666955661 0.4287800812915799 -0.7356783854310224
v -0.1148896642780097 -0.0196688351794435 -0.8419715936892637
vn -0.4213491451361124 -0.0493541517043731 0.9055545624657904
v -0.1043527979264564 0.0350825651479495 0.1323318193716557
vn 0.6299769154454977 0.6723579889893631 0.3886692947068956
v -0.1153587115598699 -0.1048563130651413 0.1775995588660481
vn -0.0031044948243519 0.8318229468482498 -0.5550323839278024
v -0.1192409222312526 0.3540066405707666 -0.7311354240371705
vn -0.3040540827801521 0.4970243139515669 0.8127225517270298
v -0.1093259275255590 0.0809062539963636 0.1295948539896575
vn 0.3266288888658443 0.6091906770357955 0.7226342698564281
v -0.1002282133039944 0.2953872849986048 -0.4184115894382051
vn 0.3173280896922503 0.7131515251507721 0.6250742241265391
v -0.0962709893202981 0.4174293602016637 -0.0983471124789295
vn -0.8239965933205116 -0.5500705084277553 -0.1358383228482375
v -0.1029105642563738 0.3991577684191343 0.0664184983877755
vn 0.9756290530448924 0.2002495121786606 0.0897111126167475
v -0.1009663670539461 0.3727312465427460 -0.0333805008631037
vn -0.2128522744710253 -0.7577462748192643 0.6168585674610018
v -0.0988615873372020 -0.5178726710224457 0.3730244412680520
vn 0.2019542564729019 0.8433833662880157 0.4979146269805417
v -0.0981198752567391 -0.3907140187675436 0.8472811224581190
vn -0.0074548022756188 -0.9826738961022700 -0.1851929800025273
v -0.0756818969812083 -0.6415952443055168 0.3163498591928117
vn -0.4891261359177839 -0.4292793932249944 0.7592593929050323
v -0.0980303419171008 -0.2614564494713721 0.8357049307189802
vn 0.6455819153304118 -0.0947319201645991 -0.7577927512851023
v -0.0982209211876818 -0.2041669111698660 0.4971158183294552
vn 0.9220208402836118 0.3264804409528873 -0.2080579048195741
v -0.0927516193264362 0.3126986646505429 0.0195404556175395
vn -0.9234407884415777 -0.2759746822127775 0.2666366160525480
v -0.0912145674354833 0.3192686330224402 0.0041822369577050
vn 0.9566054924447535 0.1613172123104891 -0.2426575546668661
v -0.0899914259608355 0.3003467820457636 0.0076857407027777
vn -0.4539249241017465 -0.0264646233117280 -0.8906468362893297
v -0.0957336891178758 0.0202169386830273 -0.8455726998933031
vn -0.0767784686185293 -0.9715268387186236 0.2241443026400426
v -0.0780140833139605 -0.6516822800551785 0.3709529702950149
vn -0.1579700500119950 0.4614205941418194 0.8730042947208324
v -0.0888037618392575 0.1936804165144957 0.1117577300670779
vn -0.1591370738559510 -0.5802548866530710 0.7987362882953281
v -0.0831787136626460 0.3521642735877128 -0.1899762806595041
vn 0.7827564539430532 -0.5633838189118197 -0.2643690723190418
v -0.0808899593449767 -0.5138105161428167 0.7819169889457305
vn -0.1695983313108709 -0.2154508401495850 0.9616742387604058
v -0.0910421212002319 -0.1921656844001595 0.2359956579089083
vn 0.6770349096499148 0.7087335464977507 0.1982939514560448
v -0.0860016798985026 0.2808420497352516 0.0145648586155146
vn -0.7099554374149869 0.5270004823697072 -0.4671549726450427
v -0.0755715049568884 0.3592987964656142 -0.0830924198591442
vn 0.7818363819312489 0.6166071816515718 -0.0923442224741745
v -0.0776982977915437 0.2705743737844602 0.0263838274818720
vn -0.1442923052997142 0.6492540193024131 -0.7467589631540795
v -0.0798137517999712 0.5776138955820374 0.0435731864041981
vn -0.5500279717205877 0.7785494802675393 -0.3022084332047679
v -0.0783331064203183 0.3492000617950616 -0.1887355533903328
vn 0.6576423779599283 0.7517265301032562 -0.0491296921436411
v -0.0760956182450093 0.3143721306712256 0.0694251902816859
vn 0.0949041965992287 -0.3973490599369731 0.9127469079843868
v -0.0490885911398150 -0.2380285717670930 0.8561485642438973
vn -0.8905631850762756 -0.4397236180796399 0.1163630228627213
v -0.0780855470420444 -0.5166364749782272 0.7830018734010542
vn 0.0373922318718784 -0.7205862018619769 -0.6923563726014010
v -0.0677085228032649 0.2063736476476976 -0.7363222422565219
vn -0.0296004673595608 0.2246558674769214 0.9739884771085784
v -0.0614321093599214 -0.1975307990620805 0.2330237088434346
vn -0.6671497164474969 0.4946628468845535 0.5569738986308902
v -0.0535560838699427 0.3740256537454563 0.2904977475488220
vn 0.7771747653712152 0.5905900142330672 -0.2172620978412530
v -0.0702012274972676 0.2629804445565202 0.0328490008513915
vn 0.3941151466097750 0.8479530681198147 0.3544698089808896
v -0.0638207896053029 0.3046575131820222 0.0872606073293863
vn -0.1065631273667223 0.2885579649245062 -0.9515138468590203
v -0.0461298792598119 -0.3961627798444685 -0.4953997770880098
vn 0.8054582783439620 0.0177501046727603 0.5923866099358481
v -0.0618719931583305 -0.1220073903641086 0.1281115261915486
vn -0.2491231941607167 0.9525535752267557 -0.1748694383072336
v -0.0673812943170869 0.4152211916488323 -0.1135251297304014
vn -0.5390825176434973 -0.2486215749473079 0.8047219095077931
v -0.0648367059376381 -0.0191893264011274 0.1263840704989444
vn -0.7510653632544942 0.5333322117089013 -0.3891755029200655
v -0.0628208736973746 0.1423569335181963 -0.6667903562825462
vn 0.1779440325579772 -0.8737591100758501 -0.4526377567508749
v -0.0637290301494519 -0.2457761227615847 -0.6169652081374666
vn -0.0636078183439983 0.4768825781878226 0.8766624504713614
v -0.0305009793223203 0.0232386322078694 0.6371939916807605
vn -0.3619480785747899 0.2386464802866947 0.9011334228974032
v -0.0652588010963061 0.1802940415431656 0.1229348250223717
vn -0.0002390345295526 -0.9797267840031819 -0.2003381430713490
v -0.0213990231321906 -0.5421899100228912 -0.1782062356217536
vn -0.0242885993083545 -0.5377475441624513 -0.8427559805132745
v -0.0734368557975040 0.2586997018578351 -0.7601999755729653
vn 0.1409791227797300 -0.8760395110356254 -0.4611720525408281
v -0.0586724914726507 -0.2593114163157195 -0.5899195321260623
vn -0.5068702396995221 -0.0102113544173596 -0.8619618833497872
v -0.0575910614328208 0.3181371056835425 -0.7190614673502510
vn 0.8253721652147563 -0.0452134724974824 0.5627757375664166
v -0.0543764747072371 -0.1086649935635628 0.1221391342943825
vn -0.0962131455534985 0.3149080129257106 -0.9442330083289197
v -0.0584176937928546 -0.1183801875942755 0.4982511837964482
vn -0.4221971117102515 -0.3386133004536301 0.8408868126088201
v -0.0478224497752100 -0.5811345069616832 0.3793846531431271
vn -0.3622887078283839 0.2172065816373593 0.9064039899920195
v -0.0518475120639243 -0.4761212809079519 0.8596641817748167
vn -0.0380370173430504 0.3743691851916774 -0.9264992706368225
v -0.0307187792184291 -0.0903313669253204 0.5001616711731777
vn -0.5659103954085666 0.7417539911581953 0.3599256047704967
v -0.0400256559846614 0.5767261361618202 0.1600134303623370
vn 0.1706795813402451 0.5787765970569289 0.7974246868593422
v -0.0455174489145371 0.2424120873961139 0.0818392095916525
vn -0.0001638369749106 0.8583685522158584 -0.5130335288500129
v -0.0416449397540581 0.3541333716675449 -0.7299809742142235
vn -0.0072226658083172 0.9793042658918355 0.2022646481832017
v -0.0263330244656495 0.3050998939395447 -0.5115609271817082
vn -0.5038015615907084 0.5255833842964277 0.6855261429663183
v -0.0291639329961115 -0.1238879166426628 0.1010170256358342
vn -0.8226950727687191 -0.5008759162816997 0.2688794036943697
v -0.0366792702955264 0.3270915593629866 0.2092195700102412
vn -0.0173376288338584 0.9884527575522509 -0.1505342243935591
v -0.0176796250726944 0.3047420592600258 -0.4592118557063792
vn 0.1013741459381198 0.9326924095042526 0.3461331417077370
v -0.0386770099532998 -0.1399963300652599 0.1320857729836508
vn -0.0258447590077370 -0.1567739071776613 -0.9872963032747981
v -0.0232450697333732 0.1958840475435395 -0.5123509780325193
vn -0.0171485342470563 -0.9575139820780140 -0.2878765393328919
v -0.0262945039230925 -0.1786799789582699 -0.7573491216094828
vn -0.0031682828119632 -0.2907632211074284 -0.9567897946964401
v -0.0110845160578004 -0.0954180069567504 -0.8780723119466300
vn -0.6378834261867434 -0.2387539684454368 0.7321893724630376
v -0.0310735078680825 0.3017946160018641 0.0790083680851932
vn -0.0163843232196005 0.6225613175098133 -0.7823994886840617
v -0.0031856386333015 0.0438252699193078 0.5434731391001673
vn -0.3219021461371421 0.2210925747445192 0.9205960469745357
v -0.0166048558714003 0.0700508241665925 0.1524286987115141
vn 0.3255986354430453 0.7853867564948837 0.5264533895038318
v -0.0343128624456501 0.2400411905196493 0.0776665337894149
vn 0.7862017212350211 -0.2838260810864725 0.5489349772260694
v -0.0303428927416448 -0.0834917740548360 0.1075520748274232
vn 0.1430042863651215 -0.5491677509072658 0.8233860306348763
v 0.0319599358255458 -0.4492884043638063 0.8558903223383313
vn -0.3453629796108692 0.3611412910188080 0.8661993882678347
v -0.0263137829546951 -0.1354422376090638 0.1681568949728432
vn -0.6893579965169074 0.1684501028648045 0.7045637767321224
v -0.0144255867736805 0.3009760120790807 0.3871314602495934
vn -0.9876852331202056 -0.1402358210981866 -0.0693671014040695
v -0.0209356910399023 0.2011465587327800 0.3585403699212018
vn -0.4065093820654412 0.3995097498186964 0.8216703001159137
v -0.0072604343457879 0.4279970227782246 0.3123065339791594
vn -0.2383812404766538 -0.9705354796158092 0.0351463653273379
v -0.0073886968507342 0.2898987546009078 0.1604883373487312
vn -0.2115058454727911 -0.6130797195730234 0.7611823268961929
v -0.0070190563026743 -0.0643731808071601 0.1297147720493166
vn -0.3766267168086068 0.1020918400749953 0.9207223101326866
v 0.0022170047097784 0.2839490136380921 0.4007034718652171
vn -0.3170063143307896 0.5323382478421680 0.7849350205964437
v -0.0096756690399726 0.1422714051673573 0.1430426915133308
vn -0.0044950957597103 -0.8867718450069003 -0.4621855569110409
v -0.0029567961891080 -0.1530507749747239 0.1544784348484901
vn 0.0119741801557433 0.9790437842921490 0.2032975342902757
v -0.0110664965062389 0.3135798265581737 -0.4861206378430087
vn 0.0903284128893583 0.6242409428407079 0.7759922828909018
v 0.0031279078020250 -0.1567834229532985 0.1225659798959187
vn -0.0320418319752450 0.9192588207932836 -0.3923474753294737
v -0.0070052259400026 0.4221682015865479 -0.1262898829303316
vn -0.1060797420962299 -0.9782907286976887 -0.1780290382520290
v 0.0011153402787579 0.2877390066487323 0.1422369003220295
vn -0.1141696164383788 0.8878594486628782 0.4457251373911541
v 0.0209498380048745 0.4195099495242235 -0.2091467920627539
vn 0.0099435300166593 -0.1286073832457733 0.9916457367353940
v 0.0137549995162518 0.4285910424174334 -0.1044255420136182
vn -0.0080692250455374 0.9173498495157072 -0.3980001773877415
v 0.0164128802756293 0.3816028142672282 -0.7189735964609616
vn -0.0271367388174919 0.8981175458325965 0.4389173854770226
v -0.0037603490302484 -0.0917044672728165 0.7587050769416968
vn -0.0167710492323634 -0.9200121371237893 -0.3915308409979521
v 0.0029902344928941 -0.2957821953680581 -0.5258861636620867
vn 0.1257261083630764 0.0528046357161317 0.9906586779122074
v 0.0041973024881549 0.1487029360113743 0.1324383640364504
vn 0.0398066349233429 0.6443634666147386 0.7636826269520056
v 0.0255120887309982 0.4508961972898916 0.2983139255422320
vn -0.0119884885629776 0.0510823627632539 0.9986224854050196
v 0.0105939082192445 -0.5956345310466409 0.3804465443511336
vn 0.0061749571155765 -0.8245287482327027 -0.5657863671408432
v 0.0202919206315365 -0.3011432361258746 -0.5241735331584561
vn 0.0084508806076904 0.1041754241187222 0.9945230332308240
v 0.0281600787025788 0.3218756614598089 -0.5200519218406849
vn 0.1029412645207419 0.8440856100562364 0.5262343384414037
v 0.0222119256643470 0.2311571043317912 0.0817330156318811
vn 0.0179523540747444 -0.9131153934898101 -0.4073057710800624
v 0.0175036758883031 -0.2659387486378778 -0.5956140855348673
vn -0.9052579350570079 -0.0057132617688973 0.4248239984467476
v 0.0272937123795131 -0.1548709269918122 0.1605774742757631
vn 0.1639237307704828 0.9200616301485220 0.3558308688390181
v 0.0317133005943407 0.3682410572410028 -0.1924077264206654
vn 0.1363305493216020 0.6551475160020062 0.7430987239916856
v 0.0289333392347882 0.1387609641289727 -0.5584115601723677
vn -0.0280650035593560 0.4007362338644809 -0.9157635210267580
v 0.0679097190382958 -0.2179814486763187 0.4919768104147777
vn 0.0821936599598733 0.0374144285283174 0.9959138330198553
v 0.0204217644408749 0.0296810263125870 0.1457381263588326
vn 0.0107473360047964 -0.9964640592404486 -0.0833299070613167
v 0.0376622118693669 -0.5279986186874768 0.4674689656754746
vn -0.9124735071884916 0.2613348076949867 -0.3147955161150777
v 0.0301327282108820 -0.1379209530161556 0.1350952676771043
vn 0.0631666263493823 0.2035583991762074 -0.9770230066075504
v 0.0211212247017696 0.0515345386528666 -0.8571650830165881
vn -0.1020056406477415 -0.2257935283572236 -0.9688199687393110
v 0.0359758067517451 -0.0744883711693304 0.5055892544243271
vn 0.5738074543132681 -0.1738396218855526 0.8003279273130577
v 0.0347670479157179 -0.3886458093241205 0.8735712937736525
vn 0.4469747490416577 -0.4494500671561355 -0.7734392095391158
v 0.0464945842462282 0.1994050520989884 0.3324932129892393
vn 0.3341952033477210 0.0799363958436263 -0.9391079483631829
v 0.0488692360977601 0.3241354037880194 -0.4069731171543960
vn 0.0500954842670888 -0.9984413696141859 0.0246023149112904
v 0.0564017696998488 -0.5413159490642108 0.6149449643432453
vn 0.1114213784366671 0.9613506756567671 -0.2517740154216679
v 0.0463769961380183 0.3747638638632508 -0.1701872717255720
vn -0.0071442972281584 -0.9739618491791211 -0.2265993719336014
v 0.0762591523174209 -0.4813527050135149 -0.4766721488833367
vn 0.4782225420555335 0.4497495124820082 0.7543398281226702
v 0.0427433275426211 -0.2483211302967239 0.8612689547808273
vn 0.0768550326096678 0.4895028528372847 0.8686082321891304
v 0.0319134837618121 0.0825188020934664 0.1510839256097127
vn 0.1193221972122688 0.9529284902191407 0.2787283727594044
v 0.0501918138258006 -0.2612856398011212 0.2792911534118154
vn -0.0492738260745890 -0.0490061833165693 0.9975823194407136
v 0.0452882890705612 0.4088575793217368 -0.2014934723684253
vn 0.5207825266506421 -0.6376978055655117 -0.5675623919115007
v 0.0574489495269681 -0.1457328277729858 -0.8451389463810751
vn 0.4168663473769412 -0.3192891001851719 0.8510446045464071
v 0.0487278510671107 0.2597693637224372 0.0588882279708986
vn 0.0451679056464125 0.5562416362015465 0.8297922043833282
v 0.0487728101004079 0.3661426254013954 -0.1913634253368426
vn 0.2860842121576796 -0.0034265494549030 -0.9581983522804415
v 0.0555344735854034 -0.0793550745084330 0.5053256116042627
vn 0.2637651526927845 0.6982337316923618 0.6655055222550081
v 0.0552199559305150 0.2983653647449204 0.0770900367766271
vn 0.5512013219398560 0.4083885083367715 -0.7275959929454133
v 0.0670654311664758 0.3991251239013527 -0.0777345616361755
vn -0.4467259570707104 -0.7953063953527078 -0.4097848908761035
v 0.0600638402320579 -0.2709335056221257 -0.5788967912589189
vn 0.2339364984126313 0.2680752382405219 -0.9345637385179913
v 0.1059948592580164 -0.3569205903786797 -0.4727784551221228
vn 0.0713945957135802 -0.3281942397462017 -0.9419083568481103
v 0.0781569958271477 0.2592758230648745 -0.7593720921218570
vn 0.0032853517334980 0.7274651399340880 -0.6861367769218212
v 0.1136488515102417 0.3791808354549289 -0.7243737080141991
vn 0.1840737444423946 0.9660278707817188 0.1814028926999096
v 0.0706820818558248 0.4300041552359398 -0.1037565400031610
vn 0.1337886625590475 0.2146011687675465 0.9674951845535276
v 0.0635873226958528 -0.0803740665500549 0.1099999971436933
vn 0.9347508690265679 0.2896894435903326 -0.2057202934238613
v 0.0658201618519260 0.1204258881695618 0.4822702111540292
vn 0.4068627378138932 -0.9084529049875021 -0.0957916071394125
v 0.0759336621255075 0.2929136397877608 0.2709379755835620
vn 0.2690372265914971 0.9631064491318192 -0.0067036071374960
v 0.0637879414780507 0.4133837574255818 -0.1188598033114278
vn 0.2708673344901651 -0.6337601276486852 0.7245543373059852
v 0.0671670692205139 0.1031445082458370 0.5601790420467797
vn -0.0308094933682409 0.7460282711290572 -0.6652011679143252
v 0.0821123327626497 -0.2394768024236829 0.4809485183229287
vn 0.8156156860159109 -0.5271853669388082 0.2384253376014996
v 0.0759854181261894 -0.4322285993577131 0.8162192549694783
vn -0.3310905612522709 0.6624085258093613 0.6720074294118518
v 0.0760339209106632 -0.0743980072819560 0.1242850008163495
vn -0.0227501666692158 -0.9183222256399353 -0.3951793514497419
v 0.0860417423753949 -0.2372721630845834 -0.6583024008740538
vn 0.8441350836420576 -0.4924375406837178 0.2119934647341472
v 0.0768415396340960 -0.0794777401991386 0.0908362985280773
vn 0.0006496265446956 -0.9795329967758680 -0.2012826028563815
v 0.1304625947704602 -0.5173316032594193 -0.2996843324953551
vn 0.5711785376223899 0.2405004345945480 -0.7848022802715228
v 0.0780767859760029 -0.0535001903063446 -0.8102683556168697
vn -0.3377513407134267 -0.1998071758050038 -0.9197831942056296
v 0.0872350610718054 -0.1220145807697817 0.4922835551864975
vn -0.2504149699932635 -0.4043536352279379 0.8796536139192657
v 0.0790699302001143 -0.5026998567960259 0.7924205514853156
vn 0.7870181107435746 -0.6169266313790573 -0.0020062046015153
v 0.0856952529980698 0.0819672458627909 0.5481216177621006
vn 0.4864828613633166 0.6917378731303859 0.5336976114587831
v 0.0874929720111917 -0.0550889494654035 0.6995237830653719
vn 0.5773573972344060 -0.5709297305052301 0.5836931374309087
v 0.0897200394734073 -0.0537178151451927 0.1017007771447262
vn -0.0688094925398383 0.8163402400504113 0.5734578155460495
v 0.0807366177838392 -0.2601066987162092 0.2676226880708024
vn -0.3325683790513942 0.8681844907484259 0.3683123175771135
v 0.0895945676379787 -0.1234487229285944 0.1599380636278438
vn 0.8280550991976071 -0.1046092333967493 0.5508009268156560
v 0.0864615903573618 0.3041830786801475 0.0456727706657779
vn 0.6897897629908158 0.7180914849745376 -0.0923834513326808
v 0.0895436382862977 0.1311885652801761 -0.6854151116217103
vn -0.1706697464950805 0.8570815863107962 0.4860894897426546
v 0.0928718033907627 0.2451938880922113 0.0676794437538670
vn -0.5579647611196105 0.7690815542358249 0.3117513244285322
v 0.0961708266850164 -0.1131442014718276 0.1811665623975299
vn 0.7787502103154952 0.3915249813575338 -0.4901594627328487
v 0.1002615574507458 0.5330676389767048 -0.0296954655790174
vn -0.7964393713052182 0.1988720959918693 0.5710816204981118
v 0.0946512050155241 0.2988636226505598 -0.4758264285255072
vn -0.5541934637111683 0.3493682303433833 -0.7555206445932173
v 0.1034166790225422 0.0641084439308021 0.5480419478735219
vn 0.9457298860461332 0.3186480858715901 0.0637054158572073
v 0.1116515205779881 0.3790446289361509 0.2422204114782040
vn 0.1861962083981169 0.3027878467118788 0.9346927259060855
v 0.0871108744500515 -0.6032435638953895 0.3763555488654573
vn 0.8390883314929284 0.2067435866474817 0.5031777631538866
v 0.1177193183716505 -0.1852713450389379 0.7919545209394102
vn 0.7220074582994617 0.1489317930362567 0.6756660056440288
v 0.0963667149358088 0.0051127091608288 0.1405740931137582
vn -0.2907639216881742 0.2801932056307253 0.9148486811286833
v 0.0973320637811357 -0.0500209201723760 0.0954017277112937
vn -0.8792235584991541 0.4343278012024628 -0.1957684736690726
v 0.1012105039316072 0.2822984922562392 0.0210685103072662
vn 0.0042780170259072 0.6909775202516648 0.7228635867694444
v 0.1295094342343669 -0.2095282107888916 0.2511186963547855
vn 0.9764793886004718 0.0209413723176312 0.2145913851111061
v 0.1012018791008807 0.3425042955386643 0.0053559428560364
vn 0.5832317827549898 0.0406078524182938 -0.8112901391650279
v 0.1006811322903424 0.2630211128055079 -0.7435907424007185
vn -0.4522449673600116 -0.8660279168662198 -0.2132372779461837
v 0.1044349585542446 0.2660406804639546 0.3172860455065778
vn 0.8602328677142310 -0.0193045275569601 0.5095358167194458
v 0.1108721365571523 0.4049567164122015 0.2260700033215385
vn -0.3854327438642081 0.4963024263867684 0.7778981305543253
v 0.1299460809188500 -0.1726443279099449 0.1599417625093699
vn 0.9189409509047977 0.1340394426642776 0.3709190700953998
v 0.1061515850328515 0.3243968492820140 -0.0138151536305340
vn -0.6529474516283883 0.7320000064502221 0.1945137937753212
v 0.1085765163295802 -0.0386528979827171 0.1027928973480102
vn 0.0024081289784345 0.4192106083841626 -0.9078858225201026
v 0.1290200000000000 -0.1383000000000000 0.4843770000000000
vn 0.5417766204951258 -0.2759631627437283 -0.7939284768122120
v 0.1147182671857257 0.3461254354683810 -0.1831087224945238
vn -0.3605066797793915 -0.9252363210665328 -0.1182061081911892
v 0.1108367027882046 0.2595702673531238 0.3366988172429862
vn -0.0369870119248263 0.2007180753328825 -0.9789505683044145
v 0.1097614574878348 -0.0543415136654150 0.5103451402624644
vn 0.1859075079615481 -0.6551854066395378 -0.7322366293829545
v 0.1249846163884969 -0.4753107828476547 -0.4996952766093397
vn 0.0679274877158899 0.5606023955718088 0.8252943780807893
v 0.1173777702186962 0.1943679116961254 0.1039703941510340
vn -0.0537092904806126 0.9862052315586559 0.1565712405341638
v 0.1166319495284562 -0.0563364155812742 0.6533152182114083
vn 0.8860665147476585 0.4537183208365044 -0.0950042987461114
v 0.1148410250337978 -0.1944664546734406 0.2237518451400900
vn -0.3705555143129787 0.4438372941325299 0.8159026088629440
v 0.1141645308833134 -0.1165133268355632 0.1829637838334928
vn 0.8568017929552125 -0.4800672476101480 -0.1882182917804487
v 0.1175616489670200 0.3228425966861007 0.2449966967376424
vn 0.8516891927883725 -0.1560665141872056 0.5002686898427137
v 0.1159882883198573 0.2723760999585981 0.0410306184646396
vn 0.0799375285302344 0.0074303843778038 0.9967721810526596
v 0.1132633721511740 0.3296499013755727 -0.0239970314577261
vn 0.0168896554960442 0.9982510614767971 -0.0566529593019894
v 0.1119829875776092 0.3711839971724453 -0.1282825847747815
vn -0.3309887761653531 -0.0479214335727501 0.9424170872054974
v 0.1189566296278628 0.3461424611422246 -0.0178986978353898
vn -0.3801833299478510 -0.2821799495037018 -0.8808150269652826
v 0.1252116033018724 0.3569974752254753 -0.7294352997483983
vn 0.4460969067445195 0.8605899289023572 0.2457285576908134
v 0.1292683283017489 0.2857103294884573 0.3687949710522286
vn -0.3522519251072274 0.6308938377586450 0.6912970032745843
v 0.1267108801999962 -0.2060092874737670 0.7719504165717226
vn -0.0908744088631145 0.8061058390875767 -0.5847522706263683
v 0.1279723897856745 -0.0273550840841106 0.0810912377903928
vn 0.5105079101591504 0.8331860966513699 0.2125619956901770
v 0.1324656139529508 0.2767800281295544 0.4022360335331024
vn -0.4927462088898687 0.8178501487554459 0.2971906926627363
v 0.1291766239421816 -0.0412195786734890 0.1232435014568368
vn -0.0769079555911857 0.9444867638041406 0.3194212256027543
v 0.1333143470365497 -0.1957277959395278 0.2120357127223204
vn 0.9895466707947570 -0.0853493899929327 0.1162448620234334
v 0.1373080021062621 0.2667336013670575 0.3962474914135706
vn -0.7022325370112029 -0.1545068445483125 0.6949799270126681
v 0.1351198352184627 0.3899587232369813 0.0799675330688986
vn 0.3702295252094898 0.2378312394008523 0.8979790644709988
v 0.1385495009378882 0.2014840263282483 0.0938993906631896
vn -0.4601750400706343 0.7434133214789591 0.4853612736339930
v 0.1331211337319350 0.3659203179541546 -0.0255096849558268
vn -0.4135099767928193 0.8830051151688419 -0.2220618510200753
v 0.1344160948192143 -0.0216561419057143 0.0848343092986315
vn -0.2208541777729459 0.9751216927823254 -0.0190030635837545
v 0.1409372900594420 -0.0438225253803568 0.6528479928619261
vn 0.9393189841149555 0.1650387269192125 0.3007358719842606
v 0.1345674537608719 0.0918634286607805 -0.1849111726028186
vn 0.3414411796991088 -0.2743906157082834 0.8989592375724884
v 0.1456422196399264 0.0433402977454461 0.1120318584822313
vn -0.5696426429599963 0.7344616055678265 0.3688812942780923
v 0.1365913495173333 0.3730852337399150 -0.0261389891317443
vn 0.0224506731825762 -0.8377459633479711 -0.5455984495650892
v 0.1411779031983684 0.1864417874884558 -0.6992021867880334
vn -0.3016788286912882 0.7864186980870045 0.5390134651551790
v 0.1446096584684505 -0.1701681005580548 0.7444260404879264
vn -0.3816972176021390 -0.6971763685132254 -0.6068379893031556
v 0.1434667691079411 0.1926840711892243 -0.7079087527025120
vn -0.6808340934398880 0.3700348842269075 0.6320910707050569
v 0.1505608491744407 -0.1838039352996521 0.1943179392424048
vn 0.0832324805249324 -0.9963584549413382 0.0184982013335318
v 0.1472885796654219 -0.5549649489038505 0.7408778426432925
vn 0.0304254496587888 0.5377379428257766 0.8425628741278377
v 0.1445921256371450 -0.2646628330422897 0.8368714128831319
vn 0.8793745133925213 0.4492398052108079 -0.1577468307441447
v 0.1667038956877726 0.3595464666748553 -0.0964023313139450
vn 0.9808685147441909 0.1735755007812841 0.0881391077334659
v 0.1434242852176729 0.0407044799916204 -0.1772538459774318
vn -0.0031220588797379 0.8458610755693117 0.5333941259379210
v 0.1594296837933550 -0.0124434047878652 0.0685278455803899
vn 0.7014401046877538 0.0424231383012389 0.7114647263725076
v 0.1836181250669143 -0.1110293756184972 0.6689473539411978
vn 0.1302594837729439 0.7768059724301384 -0.6161208875570389
v 0.1834621361189426 0.1106257512054782 -0.7448644176192801
vn 0.3280185152088199 0.9085917549955344 0.2585824364382395
v 0.1606088488764661 0.3780115213636423 -0.5531463693341726
vn -0.2238525579899441 0.1729693085099712 -0.9591515263997348
v 0.1542460288105876 0.5315684899445539 0.0181306651280061
vn -0.9661173885477232 -0.1374148187626565 -0.2184819423434202
v 0.1625417057216900 -0.1796766510904258 0.2532169228160994
vn -0.2630522245493056 -0.1346138772082336 -0.9553442474954399
v 0.1522402965799471 -0.1002034472726673 0.5005853121741344
vn -0.9709512799814428 -0.2165342760564056 0.1018161047925441
v 0.1572076866000548 -0.2303112898790989 0.3238011423571827
vn -0.6358465245813866 -0.3344212136353359 -0.6956016453750243
v 0.1552506260159507 0.0311983152624467 0.5154557228439378
vn 0.7226345780526642 0.4854449734495661 0.4920797134156195
v 0.1722850875074908 0.3151234669051656 -0.0047392127597143
vn 0.1813965125867370 0.7619252077040429 0.6217437439062180
v 0.1598452188881510 -0.2086444544158273 0.7853613079575261
vn 0.9386786079636835 -0.2735989168188804 -0.2098239825827754
v 0.1576625628355807 0.0976384745090466 -0.1200073164605661
vn 0.0737525059757207 -0.9298611751825776 -0.3604424541454254
v 0.1951944622661388 -0.2740209600149473 -0.5540562138626918
vn -0.7300679421960984 0.4293827529143960 0.5316307471142062
v 0.1590488153530227 -0.1263203522286052 0.2687263826850897
vn 0.6607561985570699 0.6060225777426956 0.4428745661409205
v 0.1648105114814830 0.2545704298428787 0.0517962588869608
vn 0.3745719271176561 -0.0909384085171977 0.9227275205995131
v 0.1589187829750915 -0.5892990600612993 0.3476917719904407
vn 0.8978136103360455 0.2818770769885438 0.3383430722857351
v 0.1613863127877153 0.2094468428331262 0.0483168518626077
vn -0.8612386533476979 0.3092279713731778 0.4032939916491109
v 0.1666716681198607 -0.2061530778145139 0.2407239248749765
vn -0.0107865659830659 0.8085266139335530 0.5883607435540177
v 0.1747759599687739 -0.0360864323563131 0.1860257543032751
vn 0.7504493725145940 0.4167096134267300 0.5130095879905144
v 0.1648878863069989 0.2745108301062161 0.0404099238179016
vn 0.7518036972350094 0.6476893408768059 0.1236516014386352
v 0.1586065861941667 0.1034715258016021 0.0734129383797827
vn 0.5663452120213683 -0.0920461092064592 0.8190119746379927
v 0.1713860201025520 0.0378236262659855 0.0998320807140002
vn 0.4226615182487882 0.3207334233538524 0.8476363088821454
v 0.1745953299531781 0.3034440248979857 -0.4734158255165626
vn 0.4836101743620845 0.0834835588593662 0.8712931163814213
v 0.1717381621031071 0.0124639391795536 0.1033641023345858
vn 0.8223139067160976 0.5689829595130800 -0.0076308980497741
v 0.1635158644590213 -0.0180369199658279 -0.1742407483843592
vn -0.5282362436048347 0.0563376446778672 -0.8472263810425192
v 0.1916445359674724 0.3900116862946270 0.0094977916098568
vn 0.9272427006288625 -0.0989426607117763 -0.3611527710287823
v 0.1717256986645180 0.0488226901067068 -0.1301470514244496
vn 0.5520745779673503 0.2657967208585795 0.7902947320734198
v 0.1738303957308017 0.2367970322282820 0.0209071634528322
vn 0.9921102460821039 0.0258687434236973 0.1226705658770106
v 0.1713029558564410 0.1063637112009655 -0.0011013355613222
vn -0.4233069654767541 0.5144347018232690 0.7457668204867166
v 0.1874500398321300 -0.1778699093583077 0.3510028243470640
vn 0.5638434242846510 0.3939038996126284 0.7258927680869424
v 0.1791513282802483 0.1303118802188613 0.3732490870883386
vn 0.8287941917080169 0.1544137741864819 -0.5378257841834482
v 0.1721995672431509 0.2551057782131809 -0.4663689765794294
vn 0.9999787841034032 -0.0018101193107845 -0.0062573805349909
v 0.1736328519972471 0.1277625310343317 -0.0095692055488055
vn 0.5717403011860781 0.7984623123976372 0.1886026608515127
v 0.1746509023101901 0.2963706942824045 -0.4213289406569304
vn -0.0471646352266690 -0.6274222859082508 0.7772494916882227
v 0.1882896569531073 0.1866295316650785 -0.5254110038793524
vn -0.3129190020681116 -0.8948814152211819 -0.3182278285072374
v 0.1745879028609005 -0.5193799613838769 0.4490594439462898
vn 0.7639081656965193 0.6430922764713696 -0.0536343017578386
v 0.1894022288925849 0.0828350179779831 -0.0480276142472623
vn -0.8147153817028512 -0.0557371860776818 -0.5771760675087968
v 0.1869036436202476 0.2958512369425943 0.0156635391619887
vn 0.2808626120774262 -0.7819632150502422 0.5564617897442138
v 0.2046978406117085 -0.5310354986520996 0.4231279249953538
vn -0.4988974528837430 0.4507108442697908 -0.7402439235574487
v 0.1804249283498924 -0.2256003435269658 0.4558781310218020
vn 0.4488186803077285 0.2428489980940594 -0.8599919513178833
v 0.2026893589175146 -0.3300865097988575 -0.4264455139913070
vn -0.7275925434925777 0.0347558574085599 0.6851285434353156
v 0.1821538476665689 0.2706365316963867 0.0042462242078925
vn 0.0170632196840854 -0.0545518213512907 0.9983651362709285
v 0.2132320816096230 0.2988838431156928 -0.1839623749878878
vn -0.7869961315775467 0.6168548974001254 -0.0112749472485615
v 0.1929482001233412 0.2998880293074639 0.0071477900637597
vn 0.3000418054036775 0.7812557449553655 -0.5473704193545158
v 0.1908080215952148 0.3021102841665999 -0.1737756029625778
vn 0.6047966194257548 -0.1475987228959802 0.7825826896441388
v 0.1871367919527583 0.2426598579934679 -0.5062977756806234
vn 0.0536154688035587 0.0802303006532813 0.9953333513763409
v 0.2006730251360343 0.0266810075980636 -0.1786285464309599
vn 0.6137030142288900 -0.7888409010761340 -0.0331457857919807
v 0.1966224621378788 -0.0022696751205269 -0.0538922321738570
vn -0.6387261660019073 -0.6843608774680258 0.3516803580749109
v 0.1887821441474950 0.1436437794598429 -0.0448349939373117
vn 0.2445536461889245 -0.6353745817912568 -0.7324565891227193
v 0.1860761131147812 -0.3137785059166925 -0.4301064229750002
vn 0.3905561654081552 0.8161015800842535 0.4259625484073249
v 0.1925043869437879 0.2945157783169429 -0.1830899833928872
vn 0.1035391028342370 0.9907887428957554 0.0872772658561768
v 0.1991156196730851 0.2739032534211575 -0.3803077281600952
vn 0.4550106182367812 0.0667530327905665 0.8879805008585739
v 0.1933939474817913 0.1699624102815072 0.4389756553119126
vn -0.7828342562092049 0.0836499761629386 0.6165818751741902
v 0.1902474843534761 0.1255088029900132 0.2198061142339984
vn 0.9892983995778061 0.1002002861446770 -0.1060593194835615
v 0.1916765314494214 0.0437240266825450 -0.0446254894817967
vn 0.0872684190998552 0.6659284608873629 0.7408937224784672
v 0.2017188105694097 0.1450382407040945 -0.5839047531839716
vn 0.9042045871318757 -0.3587355264090299 -0.2317819809685611
v 0.1959671106154939 -0.0003516002330462 -0.0781387045625839
vn 0.6319331939346841 0.6765996716361599 -0.3779858763834303
v 0.1911642316444321 0.1164665849426058 -0.7166870281237973
vn -0.2712003137750602 -0.8983607014119215 0.3455407934918674
v 0.1944757294064669 0.1176544331739656 -0.0794545976807843
vn -0.8301374313144009 -0.2507617454056956 -0.4979863373344871
v 0.1997694017374818 0.0641608817582320 0.3677000959728084
vn -0.4013004827697065 -0.8820040463763371 -0.2470359988029448
v 0.1996611048263543 -0.3221303043592401 -0.4403376642410068
vn 0.2558955541013039 -0.3199129248593984 -0.9122352689405795
v 0.1972732813268036 -0.2810198534211928 -0.5107399597555872
vn -0.4226667025631244 -0.9043976847421396 0.0584609816670325
v 0.1969796829436364 -0.5250733947967338 0.5114321038850348
vn 0.6954042754454121 0.6976965516797997 0.1721406850990149
v 0.1968101829462294 0.0943939990447968 -0.7461133928750742
vn -0.6486945701994038 0.2856462698134636 -0.7054087915070698
v 0.2015659466253836 0.1383588536281578 0.1213788824326556
vn -0.6604586637816936 0.5085317664501328 -0.5524398573119136
v 0.2003914932769640 -0.0553242317748734 0.5090836665561027
vn -0.3948395801576797 0.8358526698705369 -0.3813817250619154
v 0.2089445965736969 0.1588828467320028 0.1332013174208929
vn 0.3984286271013616 0.3834015866816093 0.8332213706069646
v 0.2032691747465175 -0.5574812022626814 0.3401314748622747
vn 0.5509072136844915 0.6037484288836777 0.5761849325788387
v 0.2077020101249291 0.2759553791623005 0.0075568524114519
vn -0.8421811575885072 -0.4722065139218434 -0.2602919630197251
v 0.2198221523987809 0.0854730391145656 0.3505404535075657
vn -0.9617214080063667 0.1948193008038090 0.1927105949774596
v 0.2056333818915730 0.0625988228162575 0.1828648033600307
vn 0.3270123063383650 0.8887130440993674 0.3213286117837930
v 0.2081091670395574 -0.1338387857780653 0.6495770743449424
vn 0.1233439847687455 -0.9923175708222546 0.0095968775540235
v 0.2313212481912986 -0.3256315743606421 -0.4244449356580545
vn 0.7893839489988689 0.6029066558469188 -0.1156570162092905
v 0.2085243907802550 -0.0436860854549419 -0.0853937626891841
vn 0.0238575497724320 -0.9051428246826029 -0.4244376093661527
v 0.2088306367649509 -0.3164416937987335 -0.4459534084605818
vn 0.1218712808021261 0.0214710110605926 0.9923136533373333
v 0.2266930255492551 0.0936337673057576 0.4326897125469803
vn -0.1054416917249283 -0.8142855326847626 -0.5708074289166860
v 0.2027401094184132 -0.5265324945255990 0.4376511871844122
vn 0.1929285954817627 0.8656127819654220 0.4620531016490602
v 0.2114916168106828 -0.0145675637271950 0.1001487058490740
vn -0.0174407045261269 -0.9958305401676977 0.0895396956379896
v 0.2311934630886218 -0.5168134532944928 0.3651792269152028
vn -0.8554260759009376 -0.5080822355225442 0.1004921420566679
v 0.2173557829473212 0.0695223561967852 0.2735563468262533
vn 0.0621132183028411 -0.4596198717482488 -0.8859410373191812
v 0.2355072981265659 -0.2975952176183932 -0.4984256366817650
vn 0.8807945595677942 0.4118838466730691 -0.2335650673486330
v 0.2180986738135089 -0.0551324020681984 -0.0994166103737679
vn -0.6699933715835056 0.2789291372210947 0.6879734140526526
v 0.2178291431755295 0.1336432531289670 0.2491758025006920
vn 0.6758729903546855 0.5109496651024301 -0.5311554768998712
v 0.2144595763726923 0.3535410832862720 -0.3280125846710663
vn 0.1742120202120324 -0.8236922920652910 -0.5396120643627879
v 0.2386238443367952 0.1208520476073025 -0.1011582289237723
vn 0.5642654025112146 0.7777419924568055 0.2769872717259318
v 0.2148213699542367 -0.0231701383865099 0.0606372107571621
vn -0.4517477387348049 0.8360668609929809 -0.3113136432881384
v 0.2337020450478011 -0.0270053993924795 0.5472501628300245
vn 0.2745651921831808 0.6064064945758438 -0.7462473575012847
v 0.2365301799277613 0.1348009584918922 -0.6866166847986163
vn -0.8390631460303727 0.5220409637713754 -0.1531217460658904
v 0.2210351339907755 -0.0309364272550889 0.5578179798217475
vn 0.5443423611903104 0.2589172152426201 -0.7979055517194779
v 0.2256662026293635 -0.0385036742154050 0.1263317387660794
vn -0.6563401933125804 0.1033579056143381 -0.7473517873059662
v 0.2437371822584486 -0.1446439148289024 0.4287361640590285
vn 0.0567370648109739 -0.4536876948132110 -0.8893527877348280
v 0.2380691346883885 0.3275591201483315 -0.7122910128622257
vn -0.2796527212557300 0.8142885900077065 0.5086535635160010
v 0.2288811696032214 -0.0287507898105427 0.5661655725528506
vn 0.2306698611325903 0.0277058264874349 0.9726375493182030
v 0.2261258874918181 -0.3806078426546078 0.8169590011501302
vn -0.6807438425419230 0.6043817205493693 -0.4138967947532833
v 0.2465330448557502 -0.1053123172186973 0.3109084046924669
vn 0.4494927121194324 -0.7625197390467422 -0.4653170417205941
v 0.2364373283493376 0.1773077678990483 -0.1653062154083377
vn -0.9291613320336803 -0.0977379126324801 -0.3565200127449267
v 0.2363441063883422 -0.0658921989926569 0.3331680520983120
vn -0.1673524202815233 -0.2381028038508597 -0.9567132392855633
v 0.2428762916342762 -0.0037159793967773 0.3280322542123807
vn -0.1601735911154276 0.9793710948553099 0.1231936657101298
v 0.2414270000000000 -0.0671780000000000 -0.0507960000000000
vn 0.5135712236996762 0.8550902434243196 -0.0711707368807920
v 0.2313917893160823 -0.0711440163259399 -0.0353948184609089
vn -0.0294338558947336 0.1612366706122861 0.9864767529835831
v 0.2410605439317281 0.0353498689645586 -0.1876083017822672
vn 0.0201651792714638 -0.7160726535361621 -0.6977344196774510
v 0.2638194571941068 0.2306050789536233 -0.7360925142052048
vn 0.9059536826353892 0.2949101612221570 0.3037695207345496
v 0.2391649044033826 -0.0473275404562179 0.0353527757404307
vn 0.1387630490716055 -0.6953904606692468 -0.7051077388758146
v 0.2390124752177553 0.1891958458477893 -0.4676503110339630
vn -0.3660453669876161 0.8625320397638062 -0.3493555061649798
v 0.2445923584489403 0.1777565561277436 0.1304014487374604
vn -0.6192882585831672 0.1111338211052623 -0.7772588542998864
v 0.2520283615365324 0.3493991554682098 -0.0340598587097579
vn 0.4716419903469483 0.6910641495585974 0.5477081103438414
v 0.2588455487668268 -0.0343475882597615 0.5610342776692183
vn 0.6488623992997840 0.3922278647116589 -0.6520236873907730
v 0.2399783865446894 0.2758793973808715 -0.3367674426657926
vn 0.0992338057877272 0.9707411002411473 0.2186649676822747
v 0.2442606341895694 -0.0262521269643895 0.5484216186722816
vn 0.1954516651612075 -0.9499654241073044 0.2436479829309907
v 0.2503231550204342 0.0401756812924562 0.3331035612167625
vn -0.5844864241227341 -0.6277949402297932 -0.5140516832363159
v 0.2500816431914131 -0.2664724969687107 -0.5393413915885426
vn 0.7466373668806328 0.6641426493842513 0.0380418670207313
v 0.2443216738790152 0.3270713016735852 -0.0858568926107180
vn 0.5117868432609016 -0.3169620288348308 0.7985044141029838
v 0.2519134370971762 0.3435511676905406 0.0089998825822208
vn 0.3712059786068901 -0.8320687174873025 0.4121501799411673
v 0.2581849230739834 0.0460818262057791 0.3394697550833150
vn 0.2642910780448323 0.4208770309110277 -0.8677630730316992
v 0.2737666671632041 0.0334062566812343 -0.8047600161617351
vn 0.5089584027472106 -0.6653955688603040 -0.5460861481616986
v 0.2572123312587767 0.2785143753592822 -0.3255233544814119
vn 0.4727852693973068 0.6352855071513921 0.6106442609607614
v 0.2467105208606321 -0.0670090776165352 0.2079113156490158
vn -0.4140470055173099 0.5976114996234636 0.6866043786198452
v 0.2558409380045170 -0.0776625859175846 0.3699930704808475
vn 0.0156728246796770 0.4278607410329650 0.9037087743566963
v 0.2625666214681043 0.2357859431135094 -0.5078790038162412
vn 0.3561777911194725 -0.1827942059547039 0.9163643704240375
v 0.2708261389315972 -0.1351655532326275 0.3612265578586474
vn -0.0006784862050062 -0.9803854039841007 -0.1970888107209572
v 0.2887895780163583 -0.5967969117911972 0.0924348528451051
vn 0.7623087243743306 -0.3134011203141959 -0.5662730317864235
v 0.2635749228649115 -0.0567094801780511 0.1486346356072126
vn 0.2177496312692032 -0.9145382255638774 -0.3408884451907993
v 0.2515188444897567 -0.2602788524505381 -0.5500175891431982
vn -0.5359554332351913 0.5571535901441316 0.6342961852125421
v 0.2613958314936582 -0.2164693646022766 0.3716524822512717
vn 0.6341764113802678 -0.0783190185634193 0.7692115512523899
v 0.2832750187100094 0.2811011952802493 -0.1917545749790301
vn 0.1780441528281268 -0.9738719979881697 0.1409737960694995
v 0.2554502204393558 0.0216448313393944 0.1727001702015822
vn -0.0410122435603579 -0.4277423110161009 0.9029698285351239
v 0.2710626501024277 0.3324431687719113 -0.5136630830595093
vn -0.4214186635851405 -0.8339496187219366 -0.3562784633059521
v 0.2648497000770237 -0.5561614439163801 0.6937907416534481
vn 0.0050389059609280 -0.9507328127562553 -0.3099705279140199
v 0.2579256635058371 0.1542251362680611 -0.6576290919572276
vn 0.5904210252803448 0.4844707095353563 -0.6455161845447526
v 0.2676624376243947 0.1490455946008453 0.2957325688993622
vn -0.4716524279730137 0.8782342413459964 -0.0790481151867837
v 0.2807096740203003 0.3091622086483379 -0.5119100183900411
vn 0.1594816308263874 0.9818132124929005 -0.1029972096870903
v 0.2659435863977652 0.2902594168619725 -0.0288183289027185
vn 0.9331655576529123 -0.1539854327986132 -0.3247930548767217
v 0.2776173256891498 0.2400497315611260 -0.1397612606600578
vn 0.9126666220043387 0.2789462467769988 -0.2987116142506269
v 0.2677959499670923 -0.1315199339502388 0.2654516123947226
vn -0.3073174509969275 -0.0302630685251403 -0.9511257177661603
v 0.2892306124766155 0.3289894525121209 -0.7237266374345505
vn -0.1561461674407673 -0.3819968974037612 -0.9108769097784070
v 0.2924933576426478 0.2288757520123352 -0.7330402110258710
vn 0.4944236152000100 -0.6813473101925936 0.5397324630091005
v 0.2708757015981185 -0.0746423870444045 -0.0151155530757223
vn 0.7644252847064288 0.6077190453189679 0.2152476389141063
v 0.2681796049764893 0.2857490071687738 -0.0516759869736014
vn -0.5161212544141297 0.7438772323645132 -0.4245768645506927
v 0.2724361488904791 -0.0488659052239076 -0.0935286824294971
vn 0.8394530110553691 0.3900071096191969 -0.3784350626944525
v 0.2717480708043948 0.2835421623112140 -0.1055597056189904
vn -0.6716047104018302 -0.1960477497727963 0.7145014994911465
v 0.2813414316314729 0.2902293702898017 -0.5127247635841716
vn 0.5029415094250266 0.8621573592333638 -0.0611107684211906
v 0.2766919854956461 0.2845531542456408 -0.0457578527198085
vn 0.4729505320180505 -0.5411360469618295 -0.6953341448126703
v 0.2686575052527849 -0.3215665712390052 -0.3808076512853388
vn 0.7900951858635813 -0.5867877150996800 0.1772844456890951
v 0.2811244760861604 0.2037597811143344 -0.1183245699286763
vn 0.3716052892863699 0.8928123247923070 -0.2545499198062132
v 0.2715673180196552 0.6034646135052476 0.0066310336837054
vn 0.8122805843583301 0.5832487785373398 0.0045950635676917
v 0.2776914747446944 0.1364136413773237 0.3027893496766315
vn -0.0301607597864500 -0.9734202929706595 -0.2270314114875286
v 0.2748098866784012 -0.5235123617031421 0.5092659837874827
vn 0.7580543230305525 0.6033999057165340 0.2475120140841020
v 0.2910759867075262 0.5902235771736040 0.0107715561169466
vn 0.6662272975858743 -0.2391764434683684 0.7063538892377142
v 0.2745217386113064 -0.5752417273702747 0.2818577365827482
vn 0.9757477210706378 0.1309451727047619 0.1754130741158619
v 0.2896473946251791 0.1018348945458979 0.3068134901774658
vn -0.9572931702338378 -0.2801069217490504 -0.0716233105344898
v 0.2923186060065064 -0.0835485341340568 -0.0058322440677790
vn 0.9426345257154929 0.3271313160208910 -0.0665225751723991
v 0.2808262046201804 0.2708700641324195 -0.0911320643968288
vn -0.5799892719485399 0.3254079529360188 0.7468079462556569
v 0.2816338441121656 0.2742850688569691 -0.4945816297425604
vn 0.6827532475782104 -0.4581218941099270 -0.5691856753806614
v 0.2888167627391059 0.2761741715372184 -0.2897824783498903
vn 0.7301233850210465 0.5593845273458958 -0.3924395408358052
v 0.2867394548638321 -0.1223084149887986 0.3049788447429184
vn 0.8542435994047248 0.2505705372136272 0.4555022269501371
v 0.2924893384102430 0.3392732093626976 -0.1938121638838749
vn -0.8183888378803873 0.4662208589852309 0.3359729463511350
v 0.2918210471491511 0.0037667351467216 -0.1298160183288043
vn 0.5258886037954481 -0.1207263749505942 0.8419419925323612
v 0.2850303275036740 0.4742584119816896 0.0214305869217073
vn 0.9915590413721620 0.1236047342209002 -0.0391476327675087
v 0.2903699283652322 0.0977684465777592 0.2917267083642304
vn -0.8056575255449931 0.0793360559990233 -0.5870449231117142
v 0.2963313288140523 -0.1017833199146997 0.3894759156633059
vn -0.3017972591643465 0.9070163347694480 0.2936661077180758
v 0.2993540293711256 -0.1315695010264187 0.2491768582458225
vn -0.4067777713419322 0.8887322940102255 0.2113924178522323
v 0.2999271765909073 -0.1273453543363773 0.1660710686080832
vn 0.1047864310874945 -0.9890272081855929 -0.1041392593048251
v 0.2916260470789424 -0.5054943151391547 0.3514584386314096
vn 0.8552735775973868 0.4430310448888874 0.2687575128781099
v 0.3137875137108269 -0.2024364879261682 0.7487537314376986
vn 0.0979253520066584 0.2486918304743673 0.9636197377024199
v 0.2924483542235601 -0.1729143225713844 0.3562824219529372
vn 0.1388491470974843 0.2059444700119830 0.9686628875010049
v 0.3019410654716887 0.1336763223865302 0.2543360392643613
vn 0.3202861858828046 0.0532470585898875 -0.9458231916611956
v 0.3068456949705005 -0.0847830211756238 -0.8147793531054480
vn -0.2225333450377153 0.8838162679278923 0.4115187904486711
v 0.3086595741966597 0.2598291337739568 -0.2900446280137223
vn 0.7032735327222198 -0.6624906149814964 -0.2579002195304369
v 0.3055212702778833 0.0505369535978874 0.2270464207388420
vn 0.7030522457748997 0.0145031034181885 0.7109902950829295
v 0.3025328379616344 0.0334116422116122 -0.1871838922270725
vn -0.8003084019246888 0.1608065848961656 0.5776224580664978
v 0.3068239900754409 0.0908292768415910 -0.1556878357890572
vn 0.7085723094139489 -0.1049690222804106 0.6977870640054011
v 0.3052411926462357 -0.0512538910923445 -0.0716984872220676
vn -0.6149664871932173 0.4382595191931856 0.6555492456450486
v 0.3045473479128507 0.3394727214416038 -0.5186855669000812
vn -0.2741353484842864 -0.6084862021561638 -0.7447109187442916
v 0.3112407942915163 0.1952260900808451 -0.7140631837736241
vn -0.3841419999009872 0.8336183491180353 0.3968820629932666
v 0.3053547328905774 -0.1527812386448157 0.6627044005257338
vn -0.9604809002014957 -0.0039063733949375 0.2783184876989380
v 0.3055950000000000 -0.1542260000000000 0.6660570000000000
vn 0.9066420840322896 0.4218614794898712 0.0057466150213545
v 0.3114204524337026 -0.0746515543870771 0.3352544044826533
vn 0.4127286370654341 0.0063180874712989 0.9108321216979637
v 0.3091646400549134 0.1000589020650032 0.2550372462063272
vn 0.4623649895751968 0.8206183763670354 0.3358632114177716
v 0.3145393227551108 0.2682178911775655 -0.3304004023643449
vn -0.9713923538056819 0.0936848753667800 0.2182201619818107
v 0.3103858275983521 -0.0038169814578030 -0.1633666435392220
vn 0.8820595041382938 -0.2140222274775455 -0.4197207611077358
v 0.3099619230943684 0.2253659364838627 -0.6987007297540544
vn -0.8225320736692859 0.1132577602551032 -0.5573272535300081
v 0.3149515149113644 -0.1334903199068445 0.3629827934065356
vn 0.4485129268177191 0.6980568207210773 0.5581691764350527
v 0.3129741605072556 0.2232853747230242 -0.7167434770841783
vn -0.2174291837555296 0.9760501870130728 0.0071121363281017
v 0.3144326529981214 0.3776035524836867 -0.6237907739146548
vn 0.9006354012742496 0.4313608077911609 -0.0527610412456829
v 0.3187776053106116 0.1876494004823188 -0.0255607174465457
vn 0.1582488919911091 -0.1184399701522101 -0.9802699942637896
v 0.3214388629198109 -0.0478217070391860 -0.0668468614530538
vn -0.9328188490706620 0.0197633129411736 -0.3598032883119256
v 0.3150227957817125 0.2848371568583519 -0.7530636917709167
vn 0.5471091545588314 0.0653514638388557 0.8345062966641053
v 0.3151301602760376 -0.0687104677595385 -0.0827169307171010
vn 0.8602173296401771 -0.4044016241947450 -0.3106211070345594
v 0.3290910158517317 0.1024922541138163 -0.0282862995915037
vn 0.6185718080790044 0.3386557430561693 0.7090001452361947
v 0.3236975070458594 -0.5319568031935096 0.2502794131367115
vn -0.2856715055009208 0.7054794484884632 0.6486066132142436
v 0.3174545439209601 -0.2180300996552302 0.7582527223406489
vn 0.6244354476216794 -0.7780373668354327 0.0688347845300574
v 0.3178772522075403 -0.4998796892291715 0.2580992246063119
vn -0.0564018086127375 0.3572330259460488 0.9323107857139924
v 0.3214013367888267 0.0321272149935498 -0.1241093792541733
vn 0.3882228367357590 0.7610942816718728 0.5196330661565104
v 0.3188751868355841 -0.0279307942094914 -0.0167794513234755
vn 0.5041984348997368 -0.3729727049648147 -0.7788936381791067
v 0.3309636465459934 0.1369325950537313 -0.4214132730478705
vn 0.0199508106736939 -0.9776919504095667 -0.2090942736131237
v 0.3461067193445332 -0.5153763420398548 -0.3090049459585783
vn -0.5780027682619802 0.7801209344155724 -0.2394245759483807
v 0.3197143513451966 0.0021661281673663 0.3668302234844181
vn -0.3903074941167813 0.5446354321975708 0.7423155030249901
v 0.3253347588060747 -0.2577125601026627 0.7983259920737059
vn 0.3645415443352108 0.0988958956461988 -0.9259206576581146
v 0.3335055389946309 -0.0397824253966596 -0.7876400484276707
vn 0.9109687046579564 0.0265645873790492 0.4116191708742268
v 0.3296535307001340 -0.0481191181925604 -0.1563767209551214
vn 0.6192909647557016 -0.6159659969867651 -0.4868927926433631
v 0.3315808230513540 0.0602404123113755 0.0523592214048744
vn 0.2433878859029240 0.8781224717464305 0.4119020048623759
v 0.3280579557806040 -0.1014930492689630 0.5204044550207571
vn 0.8351149105897473 0.4805249474051088 0.2677290814087924
v 0.3299766557738148 -0.1069774686764240 0.1029319408066624
vn -0.2695824482231670 -0.1795506066680009 0.9460903145340599
v 0.3279533986726331 -0.3076179980277550 0.8130728013088860
vn 0.7939595364003952 -0.5965801768859741 -0.1171338853857813
v 0.3394960570498305 0.1904841808877524 -0.4607078107608860
vn 0.9534454908601528 0.0412534283308700 -0.2987303978663571
v 0.3337745328177979 0.1354187681072354 -0.0263135139658662
vn -0.8564095316412565 -0.3422156491582314 0.3865891405422737
v 0.3416564941655541 0.2084413229030039 -0.2191471457658609
vn -0.0444693122190765 -0.8446452421324979 0.5334762367844478
v 0.3343708224787929 0.1939610164432561 -0.4989018285907218
vn 0.7296361907829829 0.2179937531349384 0.6481587403513447
v 0.3466405743054392 -0.5338774720623126 0.2334084702507503
vn -0.8223590472339821 0.2588886081409353 -0.5066579576077597
v 0.3403439936241377 -0.1533490098092602 0.2878886441279668
vn -0.6951134702979117 -0.5319987095422449 0.4835231498654233
v 0.3410570721172539 0.2347189092639433 -0.4755900745834005
vn 0.8027085126101894 0.5919691788136540 0.0723293517033399
v 0.3388739334023679 0.2106361892207070 -0.4806028268827116
vn 0.8749530594580137 0.2599880292500919 0.4084891288537735
v 0.3388965271495191 -0.0942433869660462 -0.0437729376539163
vn -0.7092703146463014 -0.3764370351061184 -0.5960123986647019
v 0.3446848139842393 -0.0752203029478618 0.3096036690478438
vn 0.0947337168344649 -0.8727289036084951 -0.4789256557139545
v 0.3739642307823509 -0.2017628881925216 -0.6717635771002235
vn 0.2609374736440366 -0.8026134678887025 -0.5363984116418862
v 0.3427213565231157 -0.3181487167456327 -0.4229509955210478
vn 0.8667043104904567 0.3848134462325027 -0.3173991962433534
v 0.3399470151080800 -0.0494582114461620 -0.0594869598198893
vn 0.5959015265394269 0.0669327338331594 0.8002633190454254
v 0.3450751779922415 0.1138062967864256 0.2227238734634303
vn -0.8947148324986797 -0.0927600315056192 0.4368992390265014
v 0.3585170859616664 0.1348188186365547 -0.2039782923896771
vn 0.1446722283344856 0.9535677835839705 0.2641560683752849
v 0.3909534588200788 -0.0829470614445790 -0.0871512802698667
vn -0.8318482375022046 -0.0205862156640406 0.5546212378633814
v 0.3617128374929901 -0.0215908440062804 -0.2107546367990487
vn 0.0675084835474326 0.9332645909706390 0.3527886164398337
v 0.3505988100122334 -0.0875372638704279 -0.0690503768181901
vn 0.3162219987866114 -0.8707379742921195 -0.3765886716419606
v 0.3470237641376354 -0.4944371722380471 0.2784770350772594
vn 0.2723811153678706 -0.4819006120163839 0.8328147021572022
v 0.3843184964825523 0.2162999432724692 -0.4548913199582090
vn -0.8634134247865074 -0.1299042492853836 0.4874855320068842
v 0.3541396614730664 0.1142090626876544 -0.2176074047664499
vn 0.8604047923726034 0.1558180119507316 -0.4852054620611551
v 0.3889715380455761 -0.4090533419006787 -0.2673046958064382
vn -0.8963071522904607 -0.0329973018006591 -0.4422043270105361
v 0.3524586673644612 0.0104022405851406 0.2963311245797189
vn 0.0827925401511483 -0.8859662067137911 -0.4562995461936124
v 0.4000154113369769 -0.2212289493677948 -0.6302965985409106
vn -0.1733950078118045 -0.8877092537645372 0.4265049261693851
v 0.3643322721133185 0.1471849332226174 -0.5386415101761350
vn 0.1389234717167905 -0.9304397738472241 -0.3390901004884700
v 0.3613578452254951 -0.4926726102015567 0.3552465260058398
vn 0.5777174349565848 -0.1484787966428794 -0.8026185970276707
v 0.3592682824211715 0.1394497713610956 -0.4044427747778261
vn -0.0843803672472925 -0.9953173207117395 -0.0471527805586926
v 0.3621268619711627 -0.2508772369451586 -0.5766380554488162
vn -0.8778861421028767 -0.4729358155040222 -0.0751507546021541
v 0.3691819599837946 0.1767530539129786 -0.1646665452591910
vn -0.6100949610705746 0.6461001067725285 0.4586270712734056
v 0.3705443887644403 -0.0560637403479211 -0.1994818429426889
vn -0.0365723242047560 -0.9057582409682472 -0.4222137776297318
v 0.3747469413959269 -0.4928107006649112 0.3094982961721974
vn 0.2858087220566262 -0.9578928407606327 -0.0274714400038161
v 0.3760254191718786 -0.6156219232806618 0.1846441341894461
vn -0.9356665314044933 -0.1047644017819881 -0.3369756105844258
v 0.3776367574429512 -0.0631822724084697 0.2332365240725223
vn 0.7435589286934483 0.4648314746974351 0.4806784993016216
v 0.3720682456604760 0.0038170189496077 0.3422190715861747
vn 0.1536654907984172 0.9317980817290558 0.3288453311569648
v 0.3861118671823763 -0.1005288445717683 0.4966687678708275
vn -0.5981017532119383 0.5090290336974835 0.6190022097358069
v 0.3734902878824478 0.1856561423044044 -0.1558921589977734
vn -0.8930159654013931 -0.3967796221107997 0.2123403329935908
v 0.3706690192844740 0.0675322826657258 -0.1805943445522485
vn 0.5416072307151314 0.8208231956423100 0.1814135858546221
v 0.3723367973369822 0.2452042437416473 -0.2548487676851037
vn -0.8575579316764848 0.4467974807246116 -0.2548850820210745
v 0.3742280103620798 0.0267274826561483 0.2431359989075229
vn 0.5815983587441834 0.4614617426754179 -0.6699226889373420
v 0.3791161525366777 0.0299903163393608 -0.7619334062641395
vn 0.7952457178214376 0.5935858479695996 0.1234507568906648
v 0.3869260134137936 0.2187123004734828 -0.2242362119202393
vn 0.8221824825543566 0.4721717212134457 -0.3179148173128882
v 0.3863293192179481 0.2375657773180799 -0.3101350965825759
vn -0.8169422045573314 -0.5520261279500243 -0.1669508564623462
v 0.3819852644391625 0.1449912038377716 -0.1250167010822492
vn 0.5835355707697422 -0.0700862742440420 -0.8090575701450547
v 0.3837358034969302 0.1370573393685639 -0.3851137965116238
vn -0.3984671682001744 -0.8897668236311153 -0.2225733933603251
v 0.3882358492382780 -0.3383075635842545 -0.3504040083968443
vn 0.5838002295847479 -0.7518337186447253 -0.3064691688337338
v 0.3893028768491220 -0.4932889928223506 0.2883612443529575
vn 0.5434443616466846 0.3134524797970479 0.7787270180901062
v 0.3932803037027971 -0.4709291281034712 0.1635607940441524
vn -0.8137227384700270 -0.5561094008484424 -0.1691083652124475
v 0.3889718876073660 0.1286013733085364 -0.1040771456941269
vn 0.6354182452226197 -0.3530376704213159 0.6867372546336022
v 0.4066688190499709 0.1790179117433142 -0.4760724567371643
vn 0.4418405913264998 0.8409839581380227 0.3122865255030284
v 0.4050968920432479 0.4017728085948412 -0.5555704455726476
vn 0.4145072877138819 -0.9091851522222983 0.0395735695963519
v 0.3952987087824540 -0.6088340837463937 0.1545848444465519
vn -0.9825621723520519 -0.1150217654848873 0.1460875454224496
v 0.3944894011867294 0.0258399982229099 -0.0804207971291333
vn 0.0909765183942862 -0.9361067918084591 -0.3397460042898637
v 0.4066003107966103 -0.4967519018958368 0.3249012013105633
vn -0.9630756655215166 -0.2649173662249584 0.0480005370044866
v 0.3977694365448121 0.0270487573936332 -0.1141467883347798
vn -0.9702153363053281 0.1284018630770159 0.2054146118373524
v 0.4001269795402431 -0.0068330315617631 -0.0820094326108082
vn 0.1551051266627022 -0.9787294649338063 -0.1342796863018840
v 0.4223975958450850 -0.5111328915511146 0.4508820944474549
vn -0.9022550158258236 -0.2891457957110670 -0.3198915366804140
v 0.4027328204041155 0.0312942469986266 0.1663319355224811
vn -0.7039355402555585 0.7010999533804497 0.1137260327939312
v 0.4022710584645252 -0.1382485563382133 0.1075918004710065
vn -0.9778472283226276 -0.2027651247571941 0.0519721294922043
v 0.4063247550367746 0.0457784333335104 -0.0553272042484873
vn 0.9119963414302014 -0.1564612811368752 0.3791866832088586
v 0.4211672050774273 -0.5888026576465506 0.1145935212456245
vn 0.7619099459806340 -0.4409234164122418 -0.4744257318855546
v 0.4081767126701717 -0.5221329063436158 -0.2668236624252671
vn 0.7167777091580587 -0.3214076554129839 0.6188108230275664
v 0.4101716451717815 0.1836276617524900 -0.4917570154749004
vn -0.9433794191892239 0.3104096629842630 0.1169662882039053
v 0.4084246076563073 0.0764722670767378 0.0014462639826116
vn 0.6665108651955384 -0.5036145155871838 0.5496687059185570
v 0.4109990117625272 0.1582524657269614 -0.5071400550934065
vn 0.8042784988434799 -0.1863906041811935 0.5642646887508097
v 0.4089378008378907 0.2186484986019348 -0.4726825381184858
vn 0.4043114655345577 0.4139943855017071 0.8155617006765106
v 0.4125420920331411 -0.2681385523203331 0.7723460997118385
vn 0.9983745370786147 -0.0009594983324905 0.0569856392085913
v 0.4155255730616191 0.3552166884319464 -0.4972721189245032
vn 0.4884607897551065 0.7037952994835917 -0.5158277166812764
v 0.4151480348383801 0.3913594308475128 -0.7090196650665860
vn -0.4367760864482598 -0.8444981336517922 0.3099186224891661
v 0.4120745049465492 -0.5030252482831736 0.3919934915980407
vn -0.6351508479033094 -0.4161150374103589 -0.6507162792251956
v 0.4160127975062856 -0.0300339937617859 0.0066126402571116
vn -0.9811978941456437 0.0156768859166272 -0.1923666493239173
v 0.4127888889000327 -0.1195452504586236 0.0671021550477726
vn 0.4105044010006216 -0.8931693108609438 -0.1836701361008576
v 0.4174285117582244 0.1457668758948084 -0.6510760042188350
vn 0.1037869583894665 -0.8853085624278078 -0.4532736662991482
v 0.4118889128000535 -0.1958544452271072 -0.6675107268397010
vn -0.3311524217451824 -0.8485102687536402 -0.4127570682519271
v 0.4330555949666640 -0.4839489870543304 0.2897557829978910
vn -0.9002804126309122 0.4350890536955054 0.0138814259881305
v 0.4210852103067623 0.0738570518297992 0.0881760842101806
vn 0.4657010334724586 0.4885389820430562 -0.7378700498373805
v 0.4215015538675264 0.3502987005490884 -0.7492609784532489
vn 0.2171356336264417 0.9121330603201109 0.3476570104006428
v 0.4232141634619554 0.0365885264428342 0.1861481574999716
vn 0.4282843747437807 -0.8339184724999688 -0.3480696418443411
v 0.4167187567703911 -0.5280209320087980 -0.2438844277632105
vn 0.5596497871828977 -0.7818597665045390 -0.2747497429072586
v 0.4216314189937384 0.1605148087210039 -0.6976787357000882
vn 0.9583253471228600 0.2182889133471191 0.1842891189722932
v 0.4252218912324976 0.3797755065129329 -0.5596079789017617
vn -0.1011512375566140 -0.8089332488014886 -0.5791333405393222
v 0.4403865185235722 -0.4500629792143596 0.0907675836813608
vn 0.6051672545655398 0.7593145485854521 0.2391945030891768
v 0.4393460774588661 0.0740097511767337 0.0885232926409670
vn 0.4616075075862320 0.8516163136324640 0.2483307538245705
v 0.4443146369837619 0.1167234271060254 -0.0872509706553786
vn 0.7796760300880152 0.6228831827290980 -0.0642014702281921
v 0.4322392149701462 0.3687020569917678 -0.6726634676343216
vn 0.9730272256714256 0.0869781093529461 -0.2136652208375422
v 0.4358801720924009 -0.3927813705275715 -0.1318305266739924
vn 0.6531157733864403 0.6427967015532536 0.4003151096649856
v 0.4487980418186772 -0.0362094582064337 0.2819523147285133
vn 0.2387051195886477 0.8625156446238139 0.4461912467332098
v 0.4415963184818809 0.3514508905694676 -0.5238071125998888
vn -0.4514066042909400 -0.7723852276864771 -0.4468256233187972
v 0.4477105708039296 -0.4654949000672719 0.2135709368299252
vn 0.1742575640090232 0.1409329701825528 -0.9745625681818304
v 0.4543955103647129 0.2916763825095931 -0.7301641325584431
vn -0.1510400374031106 -0.9487646115646399 -0.2775475075439612
v 0.4450442757292595 0.1435102786144330 -0.6554470909696126
vn -0.2383693684067867 -0.9704339016343153 -0.0379221144472401
v 0.4418410305827827 -0.3357332974934933 -0.3343855650956016
vn 0.9957846738059694 0.0636452967563534 -0.0660466472573363
v 0.4525737224733307 -0.5143161858213771 -0.0904534135333796
vn 0.5353274104478190 0.7474338543203585 0.3934046225440741
v 0.4590859113059759 0.3568779243025303 -0.5565301737696877
vn 0.8752268169395532 0.3609242330547580 0.3220430357944301
v 0.4550593018573467 -0.0004614778680891 0.2301296205832573
vn 0.1558537386416772 0.9177028632723453 0.3654190291886163
v 0.4638004691591291 -0.0805167761199063 0.4118663966911940
vn 0.3963839977490513 0.8992795449992085 0.1848675911956899
v 0.4467971125854769 0.3693888192793061 -0.5762392400599312
vn 0.5668529405991818 -0.8226686664079640 0.0435202142067625
v 0.4653297029468503 0.1354703898490909 -0.5796867419225326
vn 0.8330663049073034 -0.5518482427825712 0.0382628875789632
v 0.4525611255345021 0.2280386573184253 -0.5602886723180268
vn 0.4056031882603877 0.8106435477561629 0.4223068696508624
v 0.4524734604545497 -0.2027868041720410 0.5769952068848486
vn 0.4827412209394448 0.7940716817980418 0.3693387033230115
v 0.4513518032927855 -0.0348396045469955 0.2757764960374650
vn 0.3388087378520394 0.9294713843426299 0.1459163624933931
v 0.4536042678724552 0.3710207051307713 -0.5993465520403899
vn 0.1205866373190819 -0.9904578347195726 -0.0667243624375091
v 0.4694288301008038 -0.4388497617196345 0.0649499424026559
vn 0.6568767475102586 0.4711538499477362 -0.5886654298154174
v 0.4564457054560573 0.3410929277299759 -0.7019937997333601
vn -0.1310659888338102 0.6719460102878211 0.7289103277010794
v 0.4557921650466479 -0.1777163526714097 0.5372560871420724
vn 0.7582311041360922 0.5633209971463380 0.3282606386617470
v 0.4574406954875919 0.2796619456503420 -0.5686568410188582
vn 0.7407299143165792 0.6709233517321103 -0.0343664100118736
v 0.4642522363598400 -0.2266054137568367 0.6256005758084442
vn 0.7034867360163549 0.3211259948749631 -0.6340224819867357
v 0.4762385014130171 0.2012791306279233 -0.5321077406555484
vn 0.9724498764143426 -0.0996402986982300 0.2107440360652166
v 0.4574394082084767 -0.1572469316449774 0.4243527187045269
vn 0.7402720937674288 -0.6719126534495636 -0.0230350455513791
v 0.4601632698348008 0.3107434336873393 -0.5782661850418003
vn 0.8402934128658567 0.4453968008352757 0.3090771264586766
v 0.4625808799631959 0.2872268154466072 -0.5935467336776816
vn 0.4858957960818202 -0.8739927014666311 0.0064832964666509
v 0.4694264769458754 -0.4702118566515020 0.2006035343727273
vn 0.7845989973845566 -0.6190914608708822 -0.0336180960184474
v 0.4856926075225078 0.3068221791075561 -0.5379020606637664
vn 0.1953966430104127 -0.9770181194809699 -0.0851806674435601
v 0.4777137031670829 -0.4620741079800802 0.1656491813457402
vn 0.5084501898142532 0.8055502293579032 0.3042486359201623
v 0.4702739525261648 -0.0194535267890181 0.2113283469911939
vn 0.2674655524477271 0.8815854716982467 0.3889334574762267
v 0.4741344574032703 0.2231765771826409 -0.6161259471799643
vn 0.8976623395043891 0.3499088970006654 0.2678919335017098
v 0.4765166386579204 -0.0088824692130968 0.1801814844797066
vn 0.7005439969613484 0.6063016722112435 0.3763461047961945
v 0.4684015559247626 0.2675919810970542 -0.6233260420917087
vn 0.8031036823718373 -0.5176066990604539 0.2951402724951913
v 0.4801644921644324 -0.1373232656150385 0.4044876658699581
vn 0.8630169031674384 0.1353558492822728 0.4867038307968810
v 0.4742686616718710 0.2871789624373735 -0.5066744843429458
vn 0.1393647633811505 -0.9768412807518867 -0.1623532412572335
v 0.4917040960225600 -0.4653188092592825 0.2184327471127265
vn 0.5715820615069680 -0.8177692542785713 0.0674343660169956
v 0.4650456589253348 -0.3449811490130069 -0.2651890455028985
vn 0.8363591784315013 0.4037120621707089 0.3708367504863262
v 0.5008488203656768 0.2968445321069245 -0.5847469354173394
vn 0.2875107829808594 -0.9520950266742697 0.1041758602165347
v 0.5035736233389185 -0.5146094659072241 0.6596542799489462
vn 0.4605868580346225 0.3268627014562335 -0.8252396746415722
v 0.4795325130969121 0.2678077096115283 -0.6450383702643784
vn -0.1675670347343564 0.5559706091883583 0.8141363341535991
v 0.4873427379892167 -0.1602165485947992 0.3975725261299598
vn 0.7969531164049154 0.4686981703817740 0.3810351103681536
v 0.4942170959242780 0.1754662923955455 -0.6007150340684064
vn 0.6772321052443319 0.6859698568981357 0.2660865104688352
v 0.4799590059457020 -0.0088894834473273 0.1662777143477534
vn 0.0908348157359230 0.9662623977116189 0.2410104043787612
v 0.4845116906977372 -0.0070729994417081 0.1577271709040938
vn 0.1231784133894630 -0.9822646362140194 -0.1413621693318082
v 0.4896995513830687 -0.5177282128343699 0.6072808657332124
vn 0.0388412257786697 -0.8450101794623239 -0.5333377501968727
v 0.4805549186916908 -0.3466300532714887 -0.2517763538360705
vn -0.4921378646947048 0.6504929139407608 0.5784974425583870
v 0.4924345050132287 -0.1696066136519076 0.4226591649894562
vn 0.7674481640684332 0.1020686861059115 0.6329338818428071
v 0.4830758049248454 0.0356309962579313 0.0294018611950095
vn 0.3111305875279450 0.8732734172790149 0.3749550588781906
v 0.4863560318685421 0.2879553593429128 -0.6110684947502912
vn 0.9474917415214571 -0.1690999014767934 0.2714122750893466
v 0.4845570329068043 0.3213350683391071 -0.5378175660969854
vn 0.0298980983086618 0.6976161394817842 0.7158476273984971
v 0.4770790909745981 -0.0634286012197021 0.3561386863715116
vn 0.4993522304046173 0.5851230955404130 0.6389665977616819
v 0.4917361693883107 -0.2231375114042792 0.5983048216434282
vn -0.3197109210662273 0.9433353394458459 -0.0889008678448928
v 0.4891397144959902 -0.1894222817081813 0.5762041554671650
vn -0.2128873405049343 0.9282762717005973 0.3049297355955550
v 0.4972313662557533 -0.1777841298902323 0.4729372690706740
vn 0.3080302097035871 0.9287252766320149 -0.2063655747811436
v 0.5187600808975341 0.1035604711653039 -0.5312160887935088
vn 0.5738582030861290 -0.6366835844815474 0.5150929780170639
v 0.5039814703658713 -0.5214542085930738 0.6372960180534243
vn 0.8399088653890802 0.5058318248829805 0.1966907795916772
v 0.4946637175287816 0.0253885557407955 0.0100903349785376
vn 0.6472895528462040 -0.7617217984695321 -0.0282158911343011
v 0.5004058976271825 0.2381127941659600 -0.5958256588236063
vn 0.3580456060412149 0.7654519385360753 -0.5346837137840872
v 0.5264852152208623 -0.0642613654285144 -0.6992320151566827
vn -0.4119415777732858 0.7743030364934642 0.4803737546730222
v 0.5027982106310543 -0.1777095520906519 0.4803096468425874
vn 0.0181117074516651 0.9145277485162223 -0.4041175116807417
v 0.4974710415632218 -0.1828002545026284 0.4908482150523554
vn 0.9868496365930594 0.0000952828118126 0.1616409158515644
v 0.5134332479322115 0.2463353565086666 -0.6704815977677867
vn 0.6468836045674832 0.1574901198947969 0.7461490898455230
v 0.5207476645542596 -0.2523620197502416 0.7028133834366634
vn 0.4194177323132121 -0.8402778053510233 -0.3435432660607841
v 0.5029591812956894 -0.4922796339014858 0.4136780819067911
vn 0.9642468825627117 0.2501232602079526 -0.0875574335567060
v 0.5074658372928378 0.3024199015653614 -0.6061862649324354
vn 0.5900013721413095 0.8030710340108971 0.0835182327641128
v 0.5077672494067956 -0.2395173181621548 0.6938766158966125
vn 0.4833277617064213 -0.6489627816270180 -0.5875726191942441
v 0.5062965784433348 -0.3498489707669860 -0.2315080016702029
vn 0.3726055944277678 -0.8617949676213219 -0.3442012562203901
v 0.5086657255365917 -0.3546844696556570 -0.2169259738854000
vn 0.5992609316203139 0.1390495187974159 0.7883854178989871
v 0.5263426921538537 -0.0809551340301894 0.3635806521320713
vn 0.4530640029018305 -0.7882398993582665 0.4164263084079103
v 0.5178746991517228 -0.3345058442556100 -0.2508211086100393
vn 0.4835263856841440 0.7014244424535075 0.5236468140607891
v 0.5166263117810508 -0.2422572764432990 0.6918404569308334
vn 0.2279243702345950 -0.9690284720858150 -0.0950489439194043
v 0.5326289698503835 -0.4373445528748588 0.1104676412296067
vn 0.3109317675909460 -0.9341303621902861 -0.1752766451556368
v 0.5245919087941155 -0.4267535513170095 0.0667286957661656
vn 0.2347905242326916 0.0376671960983648 0.9713159074516515
v 0.5182438659758577 -0.3446626760853541 0.6967608366194612
vn 0.5543562956767529 -0.5478557706986500 -0.6265326423704809
v 0.5190704124241695 -0.2447152576807036 -0.5451948652395291
vn 0.5916883768126011 0.0952993246271295 0.8005141494505155
v 0.5515800000000000 -0.2930180000000000 0.6850160000000000
vn 0.5095615935968502 -0.8374963566881719 -0.1973495246132521
v 0.5236508258890076 -0.4059748053700333 -0.0705991341142620
vn -0.3232594847137178 0.7993026892600757 0.5065752821488947
v 0.5381827845445054 0.0302481049192609 0.0013288148244773
vn 0.0985560315639582 -0.9502278949316352 -0.2955565196982758
v 0.5275875091073557 -0.4208458953937517 0.0484797802385059
vn -0.0473467700999008 -0.7192040050291757 -0.6931838735220984
v 0.5434240254370265 -0.3294275106990937 -0.2530933127405119
vn 0.5969777997264256 -0.3891381340547380 -0.7015618427894953
v 0.5216170623731491 -0.0098161761420244 -0.6750816707009621
vn -0.3855893852997336 0.7548954049720631 -0.5305221517488581
v 0.5477465301189344 -0.2135678802711215 0.5580061045866664
vn 0.7548494477875414 0.6163952474605382 0.2241856598511728
v 0.5395992801183117 0.0890147212333285 -0.2498225708919942
vn 0.9163110674304437 -0.0126656511300874 -0.4002669221731067
v 0.5458661964067544 0.0236431529564230 -0.0374442380497371
vn 0.1604298174228162 -0.9786895251516384 0.1281760002502121
v 0.5399114903357037 -0.4351380461731940 0.1139822230844676
vn 0.9075404347568581 -0.0370595179728055 0.4183263694879350
v 0.5452651453259775 0.0298416486190996 -0.1317677283118877
vn 0.1931474222959420 -0.9723180460583414 0.1314978728714729
v 0.5421697899045566 -0.2635700442714025 -0.4979311338491630
vn -0.0180438437230654 -0.9081346517581033 -0.4182892228827876
v 0.5464374326661354 -0.4815889323528054 0.4036230536442956
vn 0.8378971102396098 0.0874780296598213 -0.5387727043744390
v 0.5436035768242824 -0.0063427007342728 -0.0471474735410446
vn 0.3119154659633468 0.7248224652280740 0.6142809910729499
v 0.5451999893483978 -0.2189410768596290 0.3785673039446072
vn 0.3191737542635369 -0.6294860166773008 -0.7084316970584140
v 0.5418535897775908 -0.4330328806849692 0.1463037432223877
vn 0.6136470834351162 0.7383530362493775 0.2797714260836890
v 0.5423660829880533 0.0848001945201657 -0.2619246865077610
vn 0.3192595013740524 0.3421522575334522 -0.8837449877918141
v 0.5523621132599428 -0.2117095010521829 0.4933681669636025
vn 0.8321089550205677 -0.2311676329693660 0.5041390804549069
v 0.5567923196130810 0.0577076084589211 -0.1555419727049831
vn 0.4458513057636004 -0.8512166587614407 0.2768516082595541
v 0.5501371104124173 -0.3337310996738852 0.6890339930524899
vn 0.1222769189868316 0.9571559588438817 -0.2624896674780500
v 0.5682860658713168 -0.1916515224983693 0.5123201694912742
vn -0.0417071524586725 -0.9877496828049435 -0.1503698026617136
v 0.5566924697200551 -0.2664483071912274 -0.4556195122312041
vn 0.0634096848724309 -0.9756751727161657 0.2098503495581061
v 0.5657380872837305 -0.4274186100936144 0.0871907979726886
vn 0.2622470225152918 0.9555914203376450 -0.1344304153045223
v 0.5579443471273727 0.1001128540447741 -0.4543350873804326
vn -0.3324267273334391 0.9339481786794316 0.1312755517823175
v 0.5583787765569563 0.0912286420850033 -0.2592326018700857
vn -0.4481550124942269 0.6621933977660734 0.6005472410487974
v 0.5593809749108626 -0.1417163661010494 0.3609337282920374
vn 0.4301256560448412 0.6657055083303207 0.6097770872955659
v 0.5686512983329775 0.0772000618194296 -0.1749178212393807
vn 0.1495112993367463 -0.9847302331810455 -0.0891781320158788
v 0.5711005847170932 -0.4318068069502840 0.1241085299786111
vn 0.5066455099064615 0.8229594097480717 -0.2569983213928190
v 0.5715584275567340 0.0027490259036617 -0.0148069762196883
vn 0.5819816443793564 0.2450534254270195 0.7754006604923577
v 0.5712173484276303 0.0545096389845244 -0.1803482279332149
vn 0.5432909561105204 -0.4054722781430700 -0.7351375168402068
v 0.5636518090773034 -0.0163645926532370 -0.6426936486094366
vn -0.0322642360443592 -0.9781733112106230 -0.2052705344361914
v 0.5720079013855394 -0.2736156018598708 -0.4198601685791379
vn 0.2874497593637633 0.7507047568603569 0.5948235064865436
v 0.5696638205845908 -0.2441056843985419 0.6627727937214393
vn -0.3691353135818054 0.8632350156109018 -0.3443318575010282
v 0.5723980013608276 -0.0052591015952136 -0.0815460740760988
vn -0.4134190411675632 0.7837523699031292 -0.4634834614862987
v 0.5785798417345192 -0.0201932834509621 -0.0174393991618487
vn 0.5261459501711133 0.4614162125156447 0.7143287184106866
v 0.5744626181972318 0.0513750452848977 -0.1737379030391013
vn -0.0457748631534612 0.8612506576539319 0.5061145785234327
v 0.5837581453915771 0.0858028225572288 -0.2355300332359410
vn 0.0350399240993901 -0.9572690536393749 0.2870682195288863
v 0.5994856344028150 -0.4327374233665791 0.1535601396991290
vn -0.0861397085564166 0.2514051968451589 -0.9640411700799206
v 0.5778013211911833 -0.2373371484122820 0.4801769681822290
vn -0.0776448400758321 -0.9854078806960408 -0.1514681071108236
v 0.5902751445594348 -0.2809801566570063 -0.3866807882680521
vn 0.3152263992463658 -0.6561014900632715 -0.6856844405081144
v 0.5918438832615919 -0.4262550467542007 0.1128127932169940
vn 0.4711876167929382 -0.6442163911205965 -0.6024678175575404
v 0.5876746413693487 -0.2067642129330651 -0.5779006635943955
vn 0.5413335484946793 -0.7295596617568048 0.4179721153515569
v 0.5867752781580996 -0.4747834850904202 0.6228008948475016
vn 0.3211590026043324 0.8591484437877513 0.3983978496218012
v 0.6086625031780288 -0.2355039952492342 0.4443607584577509
vn 0.3753400385467217 0.5851836009317907 0.7188045691731849
v 0.5956169522145095 -0.2325866250144965 0.6317418484032161
vn 0.5018165133888972 0.0026397897682937 0.8649700679215379
v 0.5942640651958290 -0.1364885489018801 0.3331245320854481
vn 0.4406393555920673 0.4599871877473314 0.7708753111961162
v 0.5942337792575221 -0.3614076929691334 0.6805518446461565
vn -0.1069655527687802 0.8418183586137425 0.5290559721066702
v 0.6133309040178216 -0.1532143634858678 0.3474466347361256
vn -0.4867447003594247 0.8690078290207649 -0.0889100094063138
v 0.6061736068501121 0.0224084205554380 -0.1522332810495072
vn -0.0269858774270404 0.8382518811505515 0.5446150440146273
v 0.6028668405778927 -0.0084066636103959 0.0685886155992114
vn 0.1049723179965812 0.9295734671991107 0.3533751286294052
v 0.6073164370095910 -0.1068847396313094 0.3351563777467136
vn 0.3053977027179778 -0.4673950142648322 0.8296228925330829
v 0.6048658754073609 -0.4228450605565459 0.6629457212713742
vn -0.0181919339086027 -0.1251997652143529 0.9919647535728958
v 0.6095372661248318 -0.3737551077430958 0.6856682038078462
vn -0.0972783313699562 -0.9905456979972104 -0.0967271752151195
v 0.6137125236352021 -0.4650038416480738 0.3689501571739830
vn 0.5777905105374453 -0.3133585102163931 -0.7536342415308906
v 0.6045651648728666 -0.1281035410587944 -0.6505099208029539
vn 0.3129902088331494 -0.7878384794024554 -0.5304221522027606
v 0.6161589890692334 -0.4101786604538079 0.1186741970455561
vn 0.4176032634744196 0.8056935079926574 -0.4200779517113463
v 0.6062829552698109 -0.0165299308181015 0.0328301379988811
vn 0.3117134276717653 0.9180500179668023 -0.2449875578887079
v 0.6113858960133952 0.0833396227511840 -0.4513520985898875
vn -0.0018142288815742 -0.9988090072790821 -0.0487573128026962
v 0.6085629873462598 -0.2226302657206402 -0.5256022048110899
vn 0.9986202009573515 0.0027483951538679 0.0524417826163167
v 0.6091527690479094 0.0365813513767343 -0.2006472111319562
vn -0.4042840548780283 0.6065581778731605 0.6845740134029124
v 0.6171164609632963 -0.1562848173266826 0.3971926426093882
vn 0.6632444641004229 -0.1068948219150393 -0.7407295578602859
v 0.6203818037577896 -0.0316529033825795 -0.0507015671255906
vn 0.5774430118972095 -0.0719875641463680 0.8132511042841268
v 0.6215445677285115 -0.2674069181286876 0.6207327046231442
vn -0.7543267811203275 -0.4059193136098011 0.5159657140965800
v 0.6213433119439948 -0.1864324424484396 0.3983569756091355
vn -0.3261927079659740 -0.9030406737550395 -0.2794921444582459
v 0.6324802243346914 -0.4629620275982644 0.3222388422197459
vn 0.5966644200374270 0.8005694054685043 -0.0554995215223188
v 0.6215670867943867 0.0292648340569198 -0.1818178009553791
vn 0.6393488252466246 0.1204748950088869 -0.7594200941036250
v 0.6299324138609466 -0.0768848459507761 -0.6277123718405799
vn -0.2241344956940085 -0.9206123669268543 -0.3197445819733737
v 0.6259757679333953 -0.4548381701515345 0.3201435492713172
vn 0.0238144719271712 0.8631374781411872 -0.5044071418555665
v 0.6305116698926990 0.0224650630097038 -0.1688665564823767
vn -0.5901742567168362 0.8029933569971351 -0.0830422502537197
v 0.6280634243409268 -0.2151337490527024 0.4624759140683247
vn 0.6572756842167210 -0.0212264401746760 0.7533512548439487
v 0.6281032905620051 -0.2648894547744684 0.6144712470560112
vn 0.6732687724776243 0.6957366437829462 0.2503191612803836
v 0.6185550767259551 -0.0413163557457104 0.1520351370950049
vn 0.1626246211909610 0.9764472843262065 0.1417883405448869
v 0.6392885893465712 -0.1651320833392445 0.3779615497810057
vn 0.2653590003284852 0.9326754576142368 -0.2443380684804173
v 0.6353528517856852 -0.1597831787778564 0.3927412922937187
vn 0.7289311428511883 0.6341832154123470 0.2578197786650928
v 0.6376280008557320 0.0281027751869984 -0.2076859493648817
vn -0.2275451881451102 0.9465545140685130 0.2285995171659982
v 0.6412016922843683 -0.1767153923141605 0.4544517371851834
vn -0.2476812550203356 -0.9639623378952732 0.0971113125801023
v 0.6463451877453364 -0.2251689148373830 -0.4883509110813865
vn 0.5787424958635349 0.0976252520882183 0.8096458692764129
v 0.6477074097781504 -0.1623611836589174 0.3963441946191565
vn 0.5166221981697581 0.8560817582036220 0.0150175773426440
v 0.6440286676104672 -0.1718769794968398 0.3987721792251401
vn -0.4134202269330848 -0.0618685506768578 0.9084360177798664
v 0.6476893843891457 0.0330772672795673 -0.2140501044075520
vn -0.3230573021079862 0.9254546453761640 0.1979082588129863
v 0.6508455617768152 -0.0321881793129300 0.1321948349713904
vn 0.2059008325290054 0.1590328947472937 -0.9655637656582597
v 0.6510509537842352 -0.0697266251590890 -0.0477013277860543
vn 0.0609766480241565 0.9633704820091094 -0.2611496942163142
v 0.6624091659229004 -0.0183404944420453 -0.0193263101600176
vn -0.0295611289686329 0.8002035385985357 0.5989995296062275
v 0.6658850534709168 -0.1262910821319546 0.3497415792662969
vn 0.3849613264263017 0.9226720151068097 -0.0219346687880484
v 0.6670963535561663 -0.1202355098264167 0.3631383686351266
vn 0.3206706520860861 0.9470419270576133 0.0167905117756034
v 0.6680153397907448 -0.0672206233280868 0.2664769544200450
vn 0.5646703952272829 -0.8097486288904020 -0.1595446732547911
v 0.6756259911067608 -0.3783349416947463 -0.0119359602505513
vn 0.7066596130240992 -0.4407971440046692 -0.5534709289185451
v 0.6777848187145205 -0.2175491676064336 -0.5076662673520599
vn 0.3275293813321417 0.7179197959333168 0.6142602632201186
v 0.6822484553547201 -0.2070347190619594 0.5623870179292887
vn -0.7352421907680959 0.5096376889945219 0.4468650208629600
v 0.6860592620841102 -0.1484836930545382 0.4177509355779329
vn 0.8414347888199538 -0.1032704501602314 -0.5303986333760889
v 0.6915265965174000 -0.2317146636265082 -0.4409194378195812
vn 0.4780817194821129 0.5512376957118843 0.6837944664321862
v 0.6941145980124298 -0.2080090967144058 0.5611753071810370
vn 0.2362615436238424 -0.8657781404670050 -0.4411447545805961
v 0.6993609181760968 -0.2882865516186192 -0.2765144093055207
vn 0.6702748014477848 0.6183837824034109 -0.4102842773060938
v 0.6851919513836094 0.0155810580045915 -0.1788096561787326
vn -0.9661792397704354 -0.1058077492310673 -0.2351646164695687
v 0.6877588825751716 -0.1821375752805706 0.4591836455568107
vn 0.1472815793149047 0.9141424308555661 0.3776926693807863
v 0.6923696598674081 -0.0335419626136898 0.0523372583071175
vn -0.4853154461876645 0.7013114082546187 -0.5221410023581672
v 0.6990020248629299 -0.0507870530705195 -0.0473899315991489
vn -0.0381678057192482 0.8998318437143288 -0.4345640017813829
v 0.7040056182183393 -0.0094184355946257 0.0608877786740983
vn -0.0424448088767564 0.2310027560892945 0.9720268334148834
v 0.6925747335805571 0.0299806676533719 -0.2047987513419659
vn 0.1261578408827263 0.9043035792009723 0.4078225543396535
v 0.7087386084636653 -0.0171227521296362 0.0384540113950589
vn 0.0145288138125559 -0.2729083325994086 -0.9619303278133040
v 0.6989027275471806 -0.0630984720944844 -0.5371936465621464
vn -0.4760161635786938 -0.4481689695679591 0.7566724434841117
v 0.7052023213605136 0.0266858912012775 -0.2026709527003611
vn 0.9697398868705667 -0.2375653502475680 0.0562783810535712
v 0.7175955269194646 -0.4207035437234721 0.5478559972642839
vn 0.6691919569048038 0.6588327244705330 -0.3436881813223343
v 0.7115833571015115 -0.0297134575134661 0.0054179902287760
vn -0.4298488414529325 0.1495199390298764 -0.8904345912721909
v 0.7203567421852433 0.0421978386646604 -0.3462772587248811
vn -0.4301698931169462 0.6691599736291111 0.6059527974590450
v 0.7110531441580509 -0.0246569415152101 -0.1345730992496647
vn -0.3054260234083516 0.6668929762113243 -0.6796827955046113
v 0.7095638331016482 -0.0181666400039708 0.0216025543985228
vn 0.3790342394699281 0.6578843669589054 0.6507850682218620
v 0.7165760325601719 -0.2863196946543492 0.5633846151985245
vn -0.7444639245656299 -0.3560192855103452 0.5648218598505580
v 0.7048982443042988 -0.0432408631683879 -0.1429388012722422
vn -0.5976690757014583 0.6020529803086384 0.5294562161800074
v 0.7104158253422826 -0.0600258790428185 -0.1274409037511715
vn -0.5004103588998469 -0.8210663551834336 -0.2746625440272440
v 0.7166185302335724 -0.1529294720902100 -0.3985396775372572
vn 0.7431718074301932 -0.5754418826255531 0.3414122205799012
v 0.7160691648036249 -0.1445554768165465 -0.4846741407741261
vn 0.3649395360414699 0.7041212727301795 0.6091242634493137
v 0.7133969252110076 -0.0209110545256679 -0.0253916119495231
vn 0.4561582174794191 0.2474750795533155 -0.8547957449742478
v 0.7185041081776957 -0.0794676902339235 -0.5356824046975559
vn 0.2116648247087198 -0.8889711274230971 -0.4061136990907034
v 0.7443097885059911 -0.2875449128150255 -0.2531657723919736
vn 0.6986729931993045 -0.1590872133177397 -0.6975294310154379
v 0.7261796578744367 -0.0741547300852840 -0.5319850013082176
vn 0.6872100375406430 0.6004938846699468 0.4088391600340954
v 0.7193579419027857 -0.0270637771117469 -0.0269224448257709
vn 0.6299973538631612 0.7657899615143458 -0.1291087486163179
v 0.7215439083595102 -0.0376818246546875 -0.0287041662103904
vn 0.4988789211135458 0.7491123292210010 -0.4358331564689304
v 0.7320686500428399 -0.0276427268667366 -0.0133571655601811
vn 0.5662336228731067 0.4959939405905286 -0.6583080549601954
v 0.7285178597981142 -0.0807598672087203 -0.5303283688814400
vn 0.8013896772101686 0.4816178660554761 -0.3547094816284886
v 0.7350405773455240 -0.0050368520852113 -0.4250522321648234
vn 0.0849649632799740 0.2189603635895603 0.9720274246087712
v 0.7297631408985611 -0.2641159100389350 0.5235241995283739
vn 0.5741147736819894 -0.4131364251875522 0.7069020588619955
v 0.7422389644968577 -0.0666042918790637 -0.4679484797236674
vn 0.9280330598522589 -0.2706409542756430 0.2559455287556764
v 0.7369181797112971 -0.1282075986235152 -0.4985214329665144
vn 0.6131007906903864 -0.7896157791293571 0.0247859194858987
v 0.7360728321092046 -0.4296731546149414 0.3643653071957056
vn 0.5338092830048563 0.6727490696063353 0.5123049274813306
v 0.7428882047041977 -0.2716045974753055 0.5356363330546805
vn 0.3916828413178378 0.1663931550946257 0.9049297595696814
v 0.7364970131025191 -0.0281378915329874 0.0797790942672889
vn -0.3214026275666950 0.9173943981916465 -0.2347080509053988
v 0.7427616395195319 0.0113464505689870 -0.1517669346495393
vn 0.7593192888495178 -0.2107907958231853 0.6156309429985555
v 0.7682855114334671 -0.2673838620860704 0.5113788312438249
vn -0.3306477059172536 -0.5377939254684769 0.7755319389302182
v 0.7575179558890377 -0.3980999439900019 0.4702833064268372
vn 0.3528829145292255 -0.8505973349639585 -0.3898176783902579
v 0.7514402603397089 -0.2431404268715080 -0.3657588100849389
vn 0.5262761612616206 0.8389260468040943 -0.1386956743427400
v 0.7837071107654927 0.0337241767003306 -0.2925357787312693
vn 0.6581594157684674 -0.7500644642567030 0.0650344746624024
v 0.7764679848863836 -0.4092218262840218 0.3861725846772822
vn -0.9196492829297255 0.3801166232712345 -0.0987752454804144
v 0.7559703804635892 -0.0253940757916712 -0.0197814328317009
vn 0.0764038381435606 0.5924621047116816 0.8019670242581904
v 0.7636979830904965 -0.0059273479373147 -0.1308240727603951
vn 0.1852091799860841 -0.2892765069307143 -0.9391574214085980
v 0.7574742964459614 -0.1218557537789119 -0.4186444364989586
vn 0.5153048282036667 -0.7297092046508767 -0.4494278703838628
v 0.7590813780102785 -0.2455232093342271 -0.3535552096806157
vn 0.4232107382616271 -0.8268476469628581 -0.3704262946012787
v 0.7441498468138470 -0.4005568748304372 0.1983564425594661
vn -0.9782077805493948 -0.0296817229334470 -0.2054958233062880
v 0.7586524394519012 -0.0343557192978112 -0.0164940282778249
vn -0.3312598161125858 0.9392174197569824 -0.0902084954651854
v 0.7680306975373471 -0.0043378782425678 0.0243729522100839
vn 0.5638238227534579 -0.6801381926842381 -0.4685239969818998
v 0.7610113785489272 -0.2508842759350056 -0.3469674719591178
vn 0.5259078817411759 0.1294489142209285 0.8406330225071652
v 0.7717792345204291 -0.3038883174154768 0.5242043094546311
vn 0.6812658791696267 0.7287285582807492 0.0695089219114819
v 0.7917437116525444 -0.0878217427722153 0.2047086388816873
vn 0.2105864540902848 -0.1550196051120697 -0.9652058160747781
v 0.7903427244688905 -0.1645364981123417 -0.4248221409220814
vn 0.3455043701128815 0.7718174739621454 0.5337832117251291
v 0.7989683694702701 -0.0461897987688603 0.0955423497001874
vn -0.8549689334304876 0.4436423513454775 -0.2687184157466515
v 0.7848146633267619 -0.0237280933307454 -0.0134292311515074
vn 0.8511012777511667 -0.2242174970482127 0.4747137337678002
v 0.7818566096834227 -0.2625813238818281 0.4896913958612137
vn -0.3345123257574905 -0.8631137213689184 -0.3783334612494800
v 0.7819705109370158 -0.3342213423049593 -0.0104420265852282
vn 0.5445861844954608 0.8201085796206458 0.1756354328980422
v 0.7884358663088378 0.0145800978530145 -0.1118016667423711
vn 0.5536726758027678 0.8005227407178503 0.2293685018981125
v 0.7852167021097346 -0.2949337274936462 0.4924730134755507
vn 0.2341603459269578 -0.9280063508322123 0.2897812023069274
v 0.8028633044051642 -0.3541104162010095 0.0384930486321898
vn 0.7456735912906108 -0.6329444390310821 -0.2082119889713172
v 0.8287262854442031 -0.3178619454090848 -0.0589836574446689
vn -0.8651047977451727 0.5012439565364788 -0.0186597147336282
v 0.7935470251547876 -0.0173232417598603 -0.0387568752890046
vn 0.3125606495511747 0.3504823874588177 -0.8828748135683308
v 0.7940619923234991 -0.0050814288668030 -0.3752798658005981
vn 0.3639304252094639 0.3224303594907503 0.8738382624293378
v 0.7962044284744663 -0.1347028093074540 0.1563727607009266
vn 0.2626151058233915 0.3862991760779957 0.8841980845686279
v 0.7990135609820423 -0.1142123080984132 0.1537263120088429
vn 0.8397289025273246 0.2503347762306392 0.4818587656874271
v 0.8034201351580856 -0.2485253827993594 0.4499691387719018
vn -0.0630956517503256 0.8291103291432657 0.5555132769233758
v 0.8049320090529121 -0.2817666704364893 0.0997840661964178
vn 0.2716234328386384 0.9162476997076484 0.2944670839217801
v 0.8045412437745220 -0.1439211713323467 0.2830251064492038
vn -0.2433898107118505 -0.9071942159008535 -0.3431618490999332
v 0.8056068957870706 -0.2755162763304366 0.1163383277074934
vn 0.5915865226325545 0.7999950578231541 0.1001663301616390
v 0.8185227654758787 0.0286270116532342 -0.0945853345724238
vn 0.2684089031687281 0.9597132642437516 0.0831090316052571
v 0.8051300978014490 -0.1500348420727926 0.2979692905379727
vn 0.8113688368581287 -0.2044136207291274 -0.5476273205711124
v 0.8236042270301817 -0.0342384835459721 -0.3557743707701208
vn 0.9481288288052607 -0.2519136350359545 0.1938846163864906
v 0.8352876319240783 -0.3098132648389044 0.1209393309967543
vn 0.7201358469351991 -0.1385802604387744 -0.6798528321450497
v 0.8271093505429092 -0.3233952524166995 0.1490569528207113
vn 0.4162038532016029 0.9080422174731719 -0.0472618648229537
v 0.8357025267377974 -0.0725887991130016 -0.3538266926522983
vn 0.5692523362743904 0.6977254631026248 0.4348918897661531
v 0.8391625490485580 -0.1583605877523882 0.1468019625288151
vn 0.7389175643632717 0.5978431367909492 -0.3107803353936802
v 0.8438149418876323 -0.0210179542134901 -0.2999829570528112
vn 0.5261123042442621 0.6971276552754786 0.4870512042618377
v 0.8359110694635257 -0.2241517880704572 0.3828016600853179
vn 0.3172567058549848 0.9173682005157202 0.2403825436103731
v 0.8363705643072252 -0.0189853541564183 -0.0103325127672151
vn 0.8928841343304115 -0.4287608474321625 -0.1375574729714299
v 0.8556939179829348 -0.3186369447577462 0.1787274836758986
vn 0.6611472737356098 0.7492878906610306 0.0381043218114960
v 0.8751616168491060 -0.0232789393423811 -0.1024044904980728
vn 0.8306469403109098 0.2027634872730190 -0.5185678632358626
v 0.8509206737441348 -0.0543610187197638 -0.2913880152249783
vn 0.8772851154655464 0.4798164778255767 -0.0121232747086169
v 0.8569768116852206 -0.1760710103473549 0.2414475839149768
vn 0.9548052689851174 -0.0117902206793338 0.2969981296483034
v 0.8653840173139383 -0.2661159526238787 0.3553003579608728
vn 0.1340045546119844 0.0036404199581312 0.9909740292690683
v 0.8572870716675206 -0.1949586957000311 0.1255663529413701
vn 0.6113730957240072 0.7846191995189760 -0.1029351716909482
v 0.8722016787711748 -0.0868617344405331 -0.2912731506689850
vn 0.9211324801532913 0.1921214213174690 -0.3385325885016123
v 0.8852191231425027 -0.0512007301533100 -0.2449628669858178
vn 0.9644896146769463 0.1753650526042806 -0.1975015987414114
v 0.8807949147428782 -0.2172571248280123 0.0849506687366113
vn 0.8106169484931282 -0.3740564442621940 -0.4505351699053177
v 0.8844085460913650 -0.1820844851302167 -0.2994886791741511
vn 0.8008337994407921 -0.5980079400807575 -0.0324303757855867
v 0.8858208675543850 -0.2094308738136313 0.0634551595099299
vn 0.9269257274371573 0.2724607305879342 0.2580190808885767
v 0.8897174470665439 -0.1660401954267298 0.1227580377214166
vn 0.9502967151814863 0.1427737982956224 0.2766799516327813
v 0.8868828070606647 -0.2045958461758851 0.0834395997539987
vn 0.6323281781909985 -0.7707697534983261 -0.0779426850819408
v 0.8930811363466948 -0.2175394131357852 0.0543816024575346
vn 0.8827358725212390 -0.1505626845928383 -0.4450935377787061
v 0.8895395820699624 -0.0912464802523574 -0.2494405115856413
vn 0.5202451360077902 0.6044937417904795 0.6032680288200104
v 0.9068615358023682 -0.2316793565193093 0.0018553292562402
vn 0.9681471382237149 -0.1636101341419234 0.1895332233548852
v 0.9223698561093021 -0.1677111883206705 0.0567444582722752
vn 0.8725010730015316 0.2977268326039503 0.3874282007789257
v 0.9142073953998513 -0.1693959376539280 -0.0075339911106029
vn 0.7839579825849337 0.6206222440412961 0.0154243879135188
v 0.9209787648846127 -0.0981616537966720 -0.1211600558711431
vn 0.4627516549187442 0.5851221250810793 0.6659527044847593
v 0.9231840372544423 -0.2234075508340622 -0.0134818519696201
vn 0.9619192395934396 -0.2649996936316600 0.0669816308782131
v 0.9349476306733385 -0.1511992699258456 0.0030114470811248
vn 0.4081929224000218 0.3888960978744493 0.8259166805196251
v 0.9412742507559623 -0.1307073969047882 -0.0106672292563282
vn 0.7304857192623160 0.6332562083773045 0.2556896331598467
v 0.3129530000000000 0.2215720000000000 -0.7146880000000000
vn -0.8218597710006054 -0.1851160280404485 0.5387750671415301
v -0.9438214056451641 -0.1479530304910289 -0.0178442208977286
vn -0.9474876277995957 0.2763979387503396 -0.1608458100830057
v -0.9356357004476177 -0.1198010725209362 -0.0442489809842057
vn -0.7762679184958109 -0.6289846760833691 -0.0422657777224122
v -0.9153132269079719 -0.2536612825462073 -0.0100337592383826
vn -0.7160076875079586 -0.6976095609241728 -0.0259594286664447
v -0.8955520000000000 -0.2752500000000000 0.0032110000000000
vn -0.3877076793670604 0.9195634690606402 0.0639201199073471
v -0.9054584908299963 -0.1046623444940347 -0.2217812891432207
vn -0.8106578713021454 -0.4449717907011646 -0.3805705206345775
v -0.9040907406448940 -0.1992945200323191 -0.2406281880765389
vn -0.5926463866761018 -0.7686131431859895 -0.2408403962825047
v -0.8918625997056571 -0.2469717491894740 -0.1645937742953728
vn -0.8476427573146386 -0.2344726076502278 0.4759457450526677
v -0.9053808134482811 -0.2076767450131224 0.1132715965269754
vn -0.6590728519105554 0.3138401935008459 -0.6834671234359694
v -0.9024169694212796 -0.2370496008463589 0.0801052762760731
vn -0.4602850239390964 0.8138364195884121 0.3546942047579857
v -0.9163657006221991 -0.1501492695519682 0.0471105125992831
vn -0.8514399304326938 -0.5233732345415474 0.0336229420230895
v -0.8930077891673617 -0.2109387798170580 0.0309002197214549
vn -0.8833099804990742 0.3449915044183020 0.3174024893253392
v -0.8907274989707602 -0.1447998041731053 0.0378977217523062
vn -0.8564722666955825 0.5105031563482907 0.0764315624579509
v -0.8824009530218718 -0.2532277669293722 0.0624589309410297
vn -0.4492824003216965 -0.5372136358750214 0.7138254928139754
v -0.8833945451666890 -0.2615136824161773 0.0928845967038490
vn -0.6315705066498939 -0.7686907620440421 -0.1011593173076326
v -0.8946715313468349 -0.2008988447516653 0.0441933841053169
vn -0.9163531967096218 -0.3624233248046110 0.1701356885477845
v -0.8930405263125167 -0.2224623180105221 0.0245351472099148
vn -0.9753830127063974 -0.0683709815978396 0.2096506317642279
v -0.8814881302042552 -0.1378205664827628 0.0559588655361274
vn -0.9635249230255631 0.2593707447525283 -0.0659282904002640
v -0.8766881562474285 -0.0396951504202930 -0.2403415457659382
vn -0.9604658304486720 0.0599965472384060 0.2718562172546599
v -0.8763333288185778 -0.1254257200474055 0.0796272840148947
vn -0.2069757868649390 -0.9516608275387426 -0.2269420476243107
v -0.8387946252461912 -0.2883180992503875 -0.1430513909213651
vn -0.9948353914945015 -0.0270996490198247 -0.0978169354098991
v -0.8702078612791908 -0.1356355866399754 0.0864661519724182
vn -0.9123400925832440 -0.4088945974264882 0.0209943721179705
v -0.8663001747778997 -0.3144332355088574 0.2696821372382694
vn -0.0173745764638416 -0.5940715850677595 0.8042245183453324
v -0.8528075804370521 -0.2685450545171979 0.0938773734718945
vn -0.8663340879763335 0.1020105783581747 -0.4889366931548962
v -0.8532699124153078 -0.0546361320568218 -0.2894583544714244
vn -0.7074340660113327 -0.7052925242174075 -0.0458202742212561
v -0.8323280149123100 -0.3602342184769683 0.2438632255267566
vn -0.8725218500526057 0.3583416138214134 0.3321097845361429
v -0.8468999658565046 -0.2025620194974496 0.3337465228224480
vn -0.8572582157465668 0.3559847757278756 0.3719989126126403
v -0.8463359685652888 -0.2920437719263170 0.0930233335649708
vn -0.6962428569806105 0.5180150612492174 -0.4968966496389834
v -0.8378101057220596 -0.1380929996720143 0.2109519225146519
vn 0.0275107499038860 -0.2250739202941144 0.9739532273385434
v -0.8257632330777634 -0.2830454203127147 0.0966489048429797
vn 0.0619827449459284 -0.8829404656813000 0.4653754112450047
v -0.8290879257105214 -0.2639545332980615 0.1070743922049722
vn -0.4375452120632575 0.8941386295091246 0.0952381153743782
v -0.8311709120117323 0.0086355078151432 -0.1272851427948539
vn -0.6302390752825674 -0.4744087694353493 -0.6146015192543962
v -0.8351076709647047 -0.1925893582472048 0.1833031437639225
vn -0.1778258692350964 -0.9695393980498086 -0.1684378694355793
v -0.8140624629489009 -0.2736221357667840 0.1395771265958459
vn -0.6020427616474644 -0.2174465934516653 0.7682847728181006
v -0.8049307660873649 -0.3186481742965523 0.4872721187732449
vn -0.7060870203082967 -0.7080690224196606 0.0089095028939435
v -0.8160455189804449 -0.3765545191750889 0.3033117591263417
vn -0.7691144911514249 0.5970720839013446 0.2279645282200506
v -0.8284285392284317 -0.0039776237614379 -0.0504293994595552
vn -0.8426955409039145 0.1126092345015223 -0.5264820848287624
v -0.8225364587193355 -0.0284197263784202 -0.3578145506962474
vn -0.7071749620853396 -0.6581638098365952 -0.2583098380259196
v -0.8206221176561499 -0.2845583361640925 -0.1577477707306630
vn -0.5361072460545327 -0.8159850947516299 0.2162344696642934
v -0.8233396756489383 -0.3245314807572386 0.0671151253116903
vn -0.7910687657021052 -0.6052290751213615 0.0889267932531546
v -0.8218837586179156 -0.3338918996229055 0.0405764059984410
vn -0.9361005963530594 -0.0575844205114581 0.3469866107241113
v -0.8189604964047267 -0.2665618726607912 0.4317316431391098
vn -0.3733617224952819 0.9224035486329781 0.0988570566254402
v -0.8187543588961550 0.0176176881453444 -0.1579567120596924
vn -0.6232008005254661 -0.7722321763379468 -0.1236051295568939
v -0.8171800331731488 -0.2015179124722399 0.1581719528421135
vn -0.4276926284013221 0.8893649072109918 0.1615830357208098
v -0.8136202225858817 0.0206158485214515 -0.1678324559749881
vn -0.5106570202616888 0.8587907547910982 0.0413261072784381
v -0.8049188597691572 0.0422977883513405 -0.1382575344782899
vn -0.5347514417276999 0.8448887917036656 0.0142767371505723
v -0.8117778436683405 0.0207444504568613 -0.1460109198152577
vn -0.5421297186185982 -0.7524437529836130 0.3740638538892191
v -0.7965883235428143 -0.3389518065445896 0.0458081601039290
vn -0.9530509827574808 -0.1804510110503670 0.2431691939286315
v -0.8098564025106316 -0.2696944261811237 0.1255504578531605
vn -0.2419364410376752 0.9320909457893518 0.2695797234131956
v -0.7884560781110461 0.0377024516588492 -0.2103754409821565
vn -0.7057829058302072 0.5311250700083167 0.4688034234586279
v -0.7985727907675808 -0.1257547803442152 0.2431847306679609
vn -0.6549276292712458 0.6929427180398444 0.3014965836169595
v -0.7978144872770635 -0.2831501678241494 0.1395480873549128
vn -0.9973993376160953 -0.0628250323257458 0.0353210508938155
v -0.7973268163788964 -0.1231181353402315 0.1587987660921973
vn -0.4914572666437447 0.8670920899285028 -0.0813699124153415
v -0.7952289519332854 0.0297842488224808 -0.1740688365568765
vn 0.5523719674645681 0.6855045076875803 0.4743087385863036
v -0.7887893824013928 0.0387063459580601 -0.1243245388221183
vn -0.9195417328254309 0.3521669938686408 0.1744173443838899
v -0.7857557653353391 -0.2881939409172785 0.1332848289157873
vn 0.1048310575757316 0.9735428147805012 -0.2030390040283204
v -0.7807052391440732 -0.0341187280157031 -0.3953345992770836
vn -0.6754864248019506 -0.0733536288691283 0.7337147504582476
v -0.7834088461010251 -0.3174205681788189 0.5137309150713257
vn 0.3735186786269907 0.7549882442546403 0.5389587625728359
v -0.7753847877296218 0.0480752474780540 -0.1503925710569005
vn -0.3541560877804904 -0.8874594149415862 -0.2949394044876931
v -0.7767359797358047 -0.2503792057443231 -0.3184665424416303
vn -0.4763851249797075 -0.8722926349620882 0.1102849567663958
v -0.7756786519699236 -0.3626904389682300 0.1194953222415329
vn -0.5920691863636942 0.3220194117686488 -0.7387540707182645
v -0.7620540140849609 0.0489986614849014 -0.2063864412259516
vn 0.1554416830208353 0.8050995227946366 0.5724095051407678
v -0.7449940976079462 0.0609938879860796 -0.1810003191304952
vn -0.8597117901966477 -0.1088928318671184 -0.4990370617146932
v -0.7525336257999617 -0.1074502154566715 -0.4353029968312594
vn 0.0506225898538998 -0.8272581646879574 -0.5595366675684410
v -0.7519188407100126 -0.3716078695991789 0.4486331257117170
vn -0.2807724644599001 0.9478777841390166 0.1506470362696253
v -0.7334399158682834 0.0607318204582050 -0.2565458830089825
vn 0.0022140053089663 0.8807105170589595 0.4736497475162759
v -0.7527299078960650 -0.3745566266544211 0.4524625504668098
vn 0.0778678127098268 0.8930013817868414 0.4432664389174745
v -0.7445802973057242 0.0529648755906641 -0.2228074243711431
vn -0.5520522181004448 -0.8326319284201091 -0.0442992129251637
v -0.7447724385938364 -0.4223523295155190 0.3331825869654840
vn -0.3429142187002223 0.6926117882475485 0.6345854941564210
v -0.7383192530688572 -0.0172674414560944 0.0255658060475659
vn -0.5736420953211412 -0.0951498116597631 0.8135608519445133
v -0.7485984213546952 -0.2290912882975934 0.5239893104838553
vn -0.3607756515824438 0.9326165782747770 -0.0082004361048755
v -0.7438123245028442 0.0536760617996266 -0.2399030198129961
vn -0.0213527142546243 0.8917735623588650 0.4519778479878632
v -0.7266685649557146 -0.2685647592787226 0.5230452627675376
vn -0.2758051137426748 -0.3929304341522887 -0.8772327018244840
v -0.7397967593060021 -0.2007587218896706 -0.4170448597156160
vn 0.3746170932198591 -0.4840302584530217 0.7908076519416113
v -0.7399912306916457 -0.4272026037346099 0.4146918824982707
vn -0.7511347324667839 0.1732580432200607 0.6370072716552053
v -0.7384193034279369 0.0027106994217137 -0.4327473383878774
vn -0.9020536412808233 -0.1850081274275942 0.3899631021490916
v -0.7296143944206801 -0.3758167169776917 0.4568042391693544
vn 0.0894064505354572 0.6189642757929623 -0.7803138547371463
v -0.7348783562502108 0.0070175599358102 -0.3530053839064853
vn -0.7742555502309809 -0.0831844776417699 0.6273824077992520
v -0.7359510048551294 -0.4101551035425924 0.5013778501802392
vn -0.6821293201863161 -0.2375479393843415 0.6915710860326707
v -0.7235533963736936 -0.1528561975015746 -0.4909125653120444
vn 0.3576823880986329 0.7902240762187919 0.4976034752774703
v -0.7169579935016419 -0.1275956780539121 0.4161646092143507
vn -0.5405516540302305 0.6639792902293232 0.5166579250062330
v -0.7316779392100317 -0.1660612051654617 0.5025178615450933
vn 0.5299307638435453 0.8091406073615908 0.2538993167590504
v -0.7290569099323342 -0.0410315109448492 0.0039468283267361
vn -0.9595699118596226 -0.0527345053962512 0.2764862676415032
v -0.7241881593278641 -0.4038263779600964 0.5087294665301914
vn -0.2760847897160568 -0.9046072705913266 -0.3247504809553806
v -0.7088327079612082 -0.2685911093358922 -0.3417179087356436
vn 0.3727603453202561 0.8179403516062803 0.4382046396045094
v -0.7202791124459446 -0.1349673449355475 0.4319702671870065
vn -0.2868391348695781 -0.9429817768439344 -0.1688451339172333
v -0.7094121760900333 -0.4362600626753353 0.3258185823966634
vn -0.8821059162398843 0.4169516576747511 -0.2191813580048982
v -0.7181905078001966 -0.0495987998592136 -0.4336421294505906
vn 0.0183205110574620 0.9978850679858250 -0.0623678600363924
v -0.7184923081287082 -0.0338733972737940 0.0446164585710184
vn -0.8154012839780385 -0.4682409887612237 0.3403984760995237
v -0.7201122608900711 -0.1396944471361846 -0.4864028347069156
vn -0.5964740935758504 0.7817238490722401 -0.1820068116432718
v -0.7082323106936215 -0.0286766086969365 -0.0034458363506762
vn -0.3701258506310142 -0.8946142894262321 -0.2503440189999871
v -0.7041908767583919 -0.3678595260546658 -0.0005949069867863
vn 0.6012878953634672 0.6917778105867973 -0.3998703885874886
v -0.7084389187145180 -0.0487889471678600 -0.0530970851150351
vn 0.2008807268833426 -0.9101259208943598 0.3623778989991158
v -0.7222262413330637 -0.4374556264157179 0.3935036698893322
vn 0.3816711108729985 0.7237625802615343 0.5748868502045750
v -0.7082520389664798 -0.1194396924918299 0.3980801188235260
vn -0.6082485385291871 0.2909601296160789 0.7384957131567538
v -0.6977284415752593 -0.2708278734523560 0.5571266822171564
vn -0.6694549628379999 -0.5583074179941034 -0.4900233461217228
v -0.7026520167990272 -0.1583287277601265 -0.4393437592341721
vn -0.3392413940532630 0.6952697106223572 0.6336523542542096
v -0.6900667513764714 -0.3091229306306686 0.5994904752681404
vn -0.2764652308132093 0.8560659124165922 -0.4367128687704845
v -0.7109878059762206 0.0738371944501616 -0.2210071074623827
vn -0.2312363416613907 0.9476339103800993 0.2202719369161184
v -0.6992808964274874 -0.0977829090160316 0.3573214906380989
vn -0.4716825330555214 -0.8381996602343790 0.2737460823341562
v -0.6994237628518786 -0.3637454247384915 -0.0241875031922481
vn -0.4395899700448446 -0.8401921384360950 -0.3175497264148632
v -0.7020276538259588 -0.1370913574508818 -0.4485473606886987
vn -0.3302265272444925 -0.9438975200996257 0.0028128728764459
v -0.6803227104120740 -0.4672472375315539 0.5022247343483438
vn 0.2861892915863268 -0.9381712064790034 -0.1947574817947891
v -0.6928932519744296 -0.3609007659891131 -0.0497339264246927
vn -0.0968226996082234 0.8352543694251280 -0.5412721156653162
v -0.6876963728537040 0.0406079002563969 -0.3279642445785944
vn 0.9412095174143131 0.2854535478363371 0.1806679726912433
v -0.6903032008278940 -0.1795593951536664 0.4493622244750278
vn -0.2658005893375199 0.9430591969908256 -0.1999734924404887
v -0.6905594450578337 0.0713998241129487 -0.2506276839663251
vn 0.2550661925598520 0.6245362629406741 0.7381705044805825
v -0.6788908511440971 -0.1032416846680011 0.3657148121354993
vn -0.7878154761285883 0.5575046344251214 0.2617925861570526
v -0.6853323277438139 -0.0404969908050209 -0.0079416111183668
vn -0.6645101338904766 -0.7443931235379827 0.0656137149247506
v -0.6836647990901144 -0.4618075539125892 0.4648443166301297
vn -0.2152654509217236 0.9405075132627000 0.2628809676181960
v -0.6770290104099287 -0.0713572000951234 0.2648147443840501
vn -0.1680286557960194 -0.9561968408994725 -0.2396955825317846
v -0.6838080636624493 -0.3424183617196027 -0.1216930220401048
vn -0.4303126839551202 0.6740193303853600 0.6004406184579885
v -0.6859323554866215 -0.1578256916697287 -0.4538853707959950
vn -0.2990661479930303 -0.8658795830560310 -0.4010136989821231
v -0.6826034976445514 -0.2963617643820784 -0.2667081021159061
vn -0.1934124670282640 -0.9699016783262088 -0.1479268467116236
v -0.6634021133909768 -0.4735945776100499 0.5179966707844438
vn -0.2113235601226910 0.9036529789721790 -0.3724965053953904
v -0.6632758270613635 -0.1177881155331036 -0.0930328749603371
vn -0.4787566648947497 0.4385094829380914 0.7605928537609488
v -0.6418459018464070 -0.3367231442348951 0.6479360124823585
vn 0.0917245250156576 -0.4608262777219526 0.8827376469096476
v -0.6642261494980704 0.0390360929160213 -0.2020891346164648
vn 0.2619854530458456 -0.4215893750332393 0.8681163638887621
v -0.6768751639399914 -0.0345428273639766 -0.1537298960292691
vn -0.6536684660854024 0.2451961363059993 -0.7159583725232682
v -0.6485988970885026 -0.0083977707182714 -0.5898668580330073
vn 0.5436952298476834 0.3258700895037269 0.7734366049054749
v -0.6715112131451285 -0.1900356044978969 0.5581462462157819
vn -0.1015610777948311 0.4633215822950622 0.8803513269466641
v -0.6526219092144054 -0.0133544923946794 -0.1566956025990573
vn -0.6701332915254909 0.6828166454770728 0.2910030931942975
v -0.6582330483858341 0.0761661239328958 -0.3528907061143337
vn 0.3951006179973253 0.8478036498726661 -0.3537293780854476
v -0.6545413277770156 -0.1625313736938560 0.3994576959240742
vn -0.3658245468429531 0.8005025159550595 0.4747295260216789
v -0.6558224800696169 -0.1094911111964556 -0.1201372866029425
vn -0.7268765954638478 -0.4405898738589848 0.5268120898572939
v -0.6674972848125564 -0.2508920154009346 0.5959777997832751
vn -0.5706179526421185 -0.2994346571541520 -0.7646790426168959
v -0.6686685844475966 -0.0323019294385527 -0.5611338833235243
vn -0.1551809296120570 0.9360674806018734 -0.3157476062370055
v -0.6687477127241795 0.0702319624658450 -0.2356902386618831
vn -0.5074205574939180 0.8437747444801870 -0.1748386639446692
v -0.6595399879054370 0.0612862092239162 -0.4467878949580278
vn -0.5001304758607492 -0.8168269003859144 0.2875122987304023
v -0.6567467567997076 -0.4210747031397139 0.1723849198177137
vn -0.7470601714001165 0.5353180128348815 0.3941265348110203
v -0.6460124735808745 0.0633176153470843 -0.3278239049592736
vn -0.2259261379609419 0.9478051793681667 0.2249949380517948
v -0.6169983889378071 -0.0582333085877724 0.2777881089263976
vn -0.8200538170485551 0.5447269608298144 0.1754544821006540
v -0.6556418144478264 0.0257729814277928 -0.2031210030090967
vn -0.3184260819913152 0.8000372276399687 0.5084734650872286
v -0.6432902638777771 -0.1932805282258119 0.4859560513940956
vn -0.5337202058439435 -0.3822095711343795 -0.7543597189717730
v -0.6490841020804794 -0.0468729193558754 -0.5702380556207676
vn -0.2850843852149541 0.8984057521895787 -0.3340568780002726
v -0.6439803799284747 -0.1722305785749020 0.3978915626254999
vn -0.2272623648118943 0.6715544463987380 0.7052421166253402
v -0.6427297610199594 -0.0501233730802897 -0.1476524214758482
vn -0.2798038326543438 0.9364259817471753 -0.2116983607418318
v -0.6449027706620365 -0.0789240399849517 -0.0662673191782516
vn -0.1596037311379453 -0.9683035039256671 -0.1921326970927172
v -0.6492282535987994 -0.3257881452343618 -0.2324671161861837
vn -0.9821801393499374 0.1294551917540103 0.1362480355618743
v -0.6386056029429177 -0.3113281353385794 0.5999457372113934
vn -0.3517151807698931 -0.4790140517562634 0.8042648629873428
v -0.6395621628741606 -0.0350255580331381 -0.1573635820446735
vn -0.6191640847924327 0.7442240003441422 0.2505323799729524
v -0.6383305285853005 0.0849958049472518 -0.3268037840487208
vn 0.4413810546788615 0.4783825915269140 -0.7591658980055476
v -0.6409335734352500 -0.0340566820023122 0.0246505881535208
vn -0.5252324651104474 0.2275123138604349 0.8199811001699208
v -0.6335668865176172 -0.3169897399658690 0.6168145006613719
vn -0.4887781433682246 0.6374768794830599 0.5955830376110887
v -0.6330131760724029 -0.1918869908759520 0.4972345789674434
vn -0.2983392589214307 0.8342280202755519 -0.4637427053586340
v -0.6396964497068647 -0.0491620165440436 -0.0373956523213385
vn 0.9805816948314237 -0.1884259005391795 -0.0543619330739089
v -0.6335857306906175 -0.1981486890847665 0.4408309372669671
vn 0.2377138287181699 0.9591543005998449 -0.1533465463483641
v -0.6361597228387642 -0.2185375728454411 0.5884824434518687
vn -0.0747148737648077 -0.9966130103856028 0.0343539687438742
v -0.6307015091775001 -0.2944165673683292 -0.3169697424593204
vn 0.5024244867301194 0.8369922041127170 0.2168263945844966
v -0.6264191025116861 -0.0185013049507202 -0.0151289032364650
vn 0.9743915017840076 0.1920475401956265 -0.1169570158473417
v -0.6253677864456990 -0.2290689765296349 0.4330952757794575
vn -0.2034813636054616 0.9772314559050974 0.0601166886551948
v -0.6253913113196120 -0.0629277511520183 -0.6213728614812124
vn -0.3305396508358509 0.6877880893874847 0.6462902469649585
v -0.6270722366879612 -0.2007717681398150 0.5049345862428989
vn -0.4657986837577285 0.6169579671762626 0.6343456888379562
v -0.6247317637840680 -0.1610744551919057 0.3634975506677666
vn -0.0139056571334379 -0.9047312000523567 0.4257559023096563
v -0.6121490315597785 -0.4307954988738482 0.1566486294913171
vn -0.0809288745528966 -0.9607251865592488 -0.2654385676089637
v -0.6192575968287426 -0.2987670554967960 -0.3125079532428829
vn -0.0877224578068053 0.1806726370532802 0.9796234830875314
v -0.6016539546202833 -0.3567356282920197 0.6832255838284123
vn 0.8491506620097224 0.0613908839334355 -0.5245705982785552
v -0.6146640868918762 -0.2332302308602835 0.4566064064296892
vn -0.6912346006084068 -0.3685911753697679 0.6215587440952540
v -0.6084450713891859 -0.4208912285962425 0.6633617153534278
vn -0.6251470171137682 0.1001090759101211 -0.7740603205914766
v -0.6149480214962393 -0.0629440746244421 -0.6028116740424457
vn -0.1008714539284087 0.9763923842737524 0.1910048735362159
v -0.6019037646523021 -0.0648562205810468 -0.6179940467343231
vn -0.1774172640767069 0.9614597350309919 -0.2100435486313995
v -0.6042810544137910 -0.1073736835544659 0.3348267251202267
vn -0.2994287562682997 0.7226785474113490 0.6229591776601755
v -0.6128618038220078 -0.2327490579393738 0.6295107742584691
vn -0.4146660596742400 -0.8082965322930318 -0.4179817876861379
v -0.5984981912635475 -0.2918935811353895 -0.3600919227626849
vn -0.4356976045096259 -0.8451511009996645 0.3096566064265844
v -0.5913221383186971 -0.3043943414017036 -0.3291515379938957
vn -0.3485096440343193 -0.5579121151649040 0.7531766723467309
v -0.6059743427147319 -0.4478098403888480 0.6497968620930459
vn 0.0413203962608490 -0.6546834329685163 -0.7547729641749265
v -0.6136734376151675 -0.3138103730884652 -0.2764306570963334
vn -0.3677413916679495 0.5572821563357309 0.7444480284639873
v -0.5963713405107561 0.0792852659246536 -0.1918403557001675
vn -0.6186660060649725 0.7468256108927113 -0.2439341711493982
v -0.6002913532252285 0.0317736862310366 -0.1733439693322660
vn -0.3737406218090492 -0.6654330631086085 0.6461553885341202
v -0.5975273034403833 0.0394144344182148 -0.1905349285421891
vn 0.0241617201172954 -0.8754913899732082 0.4826292960065244
v -0.5891104804514290 -0.4151017005026557 0.1023431167904600
vn -0.3716893557109222 -0.9159587189606337 0.1512172212785113
v -0.5849729881680148 -0.4717675342154263 0.3764913451308203
vn 0.4243008145918179 0.9054484574647567 -0.0114851909610816
v -0.5846216380262579 -0.0063559618039505 -0.0562569559003531
vn -0.4075499593719858 0.5221181942788543 -0.7491966509661406
v -0.5809451539184597 -0.0099488485580376 -0.0140090782336131
vn 0.0285620063292302 0.9436236748624063 -0.3297856455845472
v -0.5842662312836564 0.0080499703589705 -0.1321353382843533
vn -0.0787130931718854 0.9277464907277039 -0.3648159781393143
v -0.5684419428637386 -0.1963731755990679 0.5706435651593073
vn -0.1734713352485364 0.9584627564767318 0.2263997356317248
v -0.5651870289139401 -0.0267000308243447 0.1814783151792315
vn 0.6841704503479759 -0.4432231154237165 0.5791925973497439
v -0.5815418503590808 -0.1296120344194990 0.3406750317620378
vn -0.1859021768068405 -0.9669492838845389 -0.1744977451248460
v -0.5748864776292048 -0.4737130832612034 0.3863737538625657
vn -0.5732990534932489 -0.7867255910967682 -0.2288908901140140
v -0.5754306483689148 -0.4976030089049840 0.6086862294563062
vn -0.1048385284918085 -0.7785276071118952 0.6187920877874076
v -0.5541907701659982 -0.1243152041795167 0.3504446930871970
vn 0.1834019566392486 0.2039655896071515 -0.9616453403189256
v -0.5783399258357169 -0.2432579191289900 0.4816766188224115
vn -0.3890512144174061 0.6638812220033024 0.6386711795844113
v -0.5749530320042255 0.0776560921694161 -0.1786900921114546
vn -0.4989929992800033 -0.7573577464163519 0.4212068738905996
v -0.5681405753613041 -0.4835176010164613 0.6501945975751836
vn -0.2276704904605988 -0.9597340060978490 -0.1645502516339749
v -0.5832534353687363 -0.4523713952804470 0.2332206126849652
vn -0.2866067774058391 -0.9183757995939046 -0.2728414298916063
v -0.5694263076527915 -0.3036096052401185 -0.3123809757156152
vn -0.5827761706267932 -0.2949082712638139 -0.7572324917023565
v -0.5724727068363993 -0.0103307252643428 -0.0199945990926498
vn -0.8422074935752912 -0.3082056303208089 0.4423752108834520
v -0.5644589996141879 -0.3348760836199066 0.6692160938000513
vn -0.0719381981560903 -0.9199594392895959 0.3853563619664627
v -0.5320726531453107 -0.4430332316958043 0.1320345248162013
vn 0.2192167507273984 0.7074975273101157 0.6718565807154038
v -0.5708251711491534 0.0128830931703339 -0.1503045951597331
vn 0.0697336205442257 0.8966984897592194 -0.4371144479759611
v -0.5633160294043621 -0.0039965086909304 -0.0472592414553242
vn -0.2407721730584637 0.8736916827660957 0.4227192971063105
v -0.5557691122140015 0.1050154176249273 -0.4560351025743423
vn 0.3984352736583234 0.8708481519366378 -0.2878764126727988
v -0.5505257880028517 -0.2396114364020661 0.6556607921466401
vn 0.6000067745163979 0.5681104735079050 0.5632427189276860
v -0.5588788601070338 -0.1400487731184533 0.3569431431116603
vn -0.1263135318561083 -0.9631553611045541 -0.2374376592825823
v -0.5547727663693970 -0.4797400170927048 0.3985503579466682
vn -0.7772149875858635 -0.2243763867720889 -0.5878708192545434
v -0.5513219408516111 0.0008044855902985 -0.0492540446384476
vn 0.3244749431091729 0.5748001047376543 0.7512129198089452
v -0.5546348461103572 -0.1445457392128248 0.3409497649023095
vn -0.3804101086630900 -0.5082736327543161 0.7726228468493970
v -0.5473609677908408 -0.0937407523188666 0.3552887126913896
vn -0.6164715981607319 0.1603550510571432 -0.7708754933590858
v -0.5389670359250859 -0.2380448729025800 0.4731857024627812
vn -0.9364813452891567 -0.0009302033835022 -0.3507161596605953
v -0.5421082144962418 0.0309089830432562 -0.0495765963001347
vn -0.7365539260543442 0.5322487776003639 0.4173721993099801
v -0.5433010520920656 0.0236672231883757 -0.1298216225918863
vn -0.1650009088976059 0.9836362477188205 0.0723493762005108
v -0.5384812964240229 -0.2452515203686679 0.4658126619145654
vn 0.3712405329931925 -0.9203609700412921 -0.1229477591808083
v -0.5149594424078893 -0.2262964476567046 -0.5859166072011933
vn -0.2869135900915338 -0.9552741895435530 -0.0716366848248532
v -0.5284862721750795 -0.4341346691004575 0.1404069056686096
vn -0.8067989420296156 -0.0143041195910692 0.5906529093322216
v -0.5299400000000000 -0.2044670000000000 0.4010860000000000
vn -0.1850188842095671 0.8593263401669750 0.4767874301835980
v -0.5251329909200013 -0.1043913484125708 0.3607234776991384
vn -0.3268181849202788 0.9213621126671433 -0.2104322488283402
v -0.5258897509959444 -0.1890377935065281 0.5612050171450405
vn -0.2857356841540165 0.8737265864069170 -0.3936457430314118
v -0.5228728257180330 -0.0666367596390714 -0.7008345616191499
vn -0.3197536362187714 -0.3640743176289377 0.8747613979639801
v -0.5185464612121695 -0.3268688894812324 0.7141165036417976
vn -0.2487689036287253 0.8919238748228532 0.3776053947023923
v -0.5207198036390770 -0.2274329763658900 0.4137604694299988
vn -0.3086323820129745 0.4389274232478508 0.8438535239566162
v -0.5268256079714895 -0.3448323432705561 0.6980521345857852
vn -0.9029048205530883 0.4291847892597730 0.0237339775435956
v -0.5293005503862536 0.0242306053900565 -0.0738613400154645
vn -0.8300052137394832 -0.2490953333713766 0.4990419421830969
v -0.5289590397547596 0.2918675424076919 -0.6433541578393087
vn -0.4231166680059958 -0.8969255873568397 -0.1284397757709513
v -0.5247955670942155 -0.4266292842307401 0.0672835692261410
vn -0.2137891837599046 -0.9607725812954474 -0.1766641784238009
v -0.5170413688246973 -0.3209465976523345 -0.2914672977669436
vn -0.6416332856255214 -0.5927636732316401 0.4867627291343613
v -0.5275410456813393 -0.1811556754587015 0.3982676575711487
vn -0.6035122758870114 0.1708768047594452 0.7788286399772945
v -0.5190952736970105 -0.1025141037732844 0.3596195587790709
vn 0.0305538845485228 0.8269511708290640 0.5614429812576126
v -0.5118072222358216 -0.1910818911107175 0.5698973053789368
vn -0.9247637266412899 0.2533691152017183 0.2839298176493831
v -0.5170480748769599 0.1661533827247356 -0.6072705942195705
vn -0.7058379626809155 0.5944447964962839 0.3852637464866715
v -0.4889596180712629 0.2901033572315525 -0.6003315842345449
vn -0.5510905826253601 -0.8303660220753450 -0.0824101882318484
v -0.5183261885945023 0.3175082389982187 -0.5661342869005248
vn -0.1123849205221688 -0.7847552546691771 0.6095316397926698
v -0.5085816318685806 0.2909709688858629 -0.6301469510940858
vn -0.6663511705006362 0.7355139208799067 -0.1224556644843277
v -0.5182649095797510 -0.2104410962008744 0.4652206875194893
vn -0.8197111671828653 -0.4888566926540668 -0.2984840639682993
v -0.5154126587242610 -0.3746958876680204 -0.1627928942189565
vn -0.6563922224098930 -0.6268280492593672 -0.4198045343031657
v -0.5051214445153179 -0.3506898004675236 -0.2301570552928739
vn -0.5450829226791000 0.8053945430556902 -0.2328609830343552
v -0.4998515022171739 -0.1802624907371542 0.5431697230616189
vn -0.4574194057791064 -0.3744545445431446 -0.8065675925101847
v -0.5011987494209728 -0.1275930591481731 -0.7187481357283622
vn -0.7324412156762876 0.5247585827624076 0.4337721699185314
v -0.5068523202854582 0.2268500497258197 -0.5405202705466037
vn 0.0542544555805986 -0.9446187243149443 -0.3236540123700927
v -0.4939704073630368 0.2594018202749182 -0.5678645185896238
vn -0.9116179197146446 0.1124341615498796 0.3953622740876010
v -0.5020400713227502 0.3199877921414352 -0.5182495845367822
vn -0.5209329142497403 0.8255821933629242 -0.2168938469697474
v -0.4871304759815034 0.3641715411421185 -0.6547595903198120
vn -0.5251666088115773 -0.8508256841509318 -0.0171955860163761
v -0.4980012442365819 -0.4418183218781329 0.0878067572682003
vn 0.6123364627798791 -0.6929465168973130 -0.3806168428618310
v -0.5042562937539091 -0.4436218928963421 0.0926808024116215
vn -0.0199009076820961 -0.8701694171357727 -0.4923506264391448
v -0.4987276149081492 -0.3381119081262745 -0.2661565629120633
vn 0.0966109393091385 -0.9952387825230875 0.0128876750334812
v -0.4966577225309212 -0.4387776231622098 0.0695469857805049
vn -0.5817253432909069 -0.7601101799563571 -0.2895308952422710
v -0.5005840270584210 0.2879564801589212 -0.6347502893187608
vn -0.0499735536121555 0.9639685838715728 0.2612799518677384
v -0.4680109443161151 0.0976011323500093 -0.2705892196918945
vn -0.1580737774460241 0.9595420305982381 0.2330059492788861
v -0.5091981069264911 -0.0070135955864008 0.1404080037630410
vn -0.5484952427068732 0.6775824028078761 -0.4899337262661487
v -0.4949121816872890 -0.1565485107768606 0.4137261964491291
vn -0.2112730724054167 -0.8528562485535713 -0.4774933593040897
v -0.4826841345147102 -0.4474196853413587 0.1047148546514789
vn -0.2233461453860088 -0.9415544547194559 -0.2521739640390341
v -0.4835790651000670 0.1468314345611149 -0.6541369477073645
vn -0.4201323409414903 -0.8726044485805271 -0.2490989610827343
v -0.4960150295213077 -0.3968113419260224 -0.1047363462688728
vn -0.9832768628852308 0.1335394980329097 0.1238297758202672
v -0.4923478204406960 0.1800419135342838 -0.5258924308049587
vn -0.0978441615483965 -0.8720128571742150 -0.4796041044171260
v -0.4927606426496511 -0.3607580152284556 -0.2259534257928753
vn 0.2069930434504426 0.9270878351954331 -0.3125092411365921
v -0.4914292825644458 -0.1940845568362142 0.4875379954219654
vn 0.4436245356771064 0.3016029728817001 0.8439389303108323
v -0.4929789321859027 -0.1747980788467025 0.4555099174351328
vn -0.5129387208694128 -0.6001757232538608 0.6137450365172460
v -0.4933232124716970 0.3201443579472983 -0.6038527668588386
vn -0.5120437437190160 -0.4531075686082559 0.7297292208676649
v -0.4913377391496109 -0.3165260665651501 0.7329801277513454
vn -0.3339585556030670 -0.9300097331221950 -0.1534717545266771
v -0.4893029266532990 -0.3371194967877988 -0.2781428291518438
vn 0.2693256134228926 -0.9628449669340624 -0.0198313792794867
v -0.4590910118791852 -0.3396031731419346 -0.3084063131321119
vn -0.8477056961152705 -0.5250464077012621 0.0756394244671698
v -0.4894806412175360 0.2723461872927112 -0.6045455609207235
vn 0.1526109250051713 0.6630536030511172 0.7328504793271254
v -0.4835915074552355 -0.1712529084408447 0.4189385925145661
vn -0.6617896228493018 0.0841653999670414 0.7449501194961761
v -0.4757330030061936 0.1992924754022690 -0.5433795824557194
vn -0.3005448904727605 0.1949019604924150 -0.9336412558402342
v -0.4889241843582370 0.2615310464036780 -0.7223231857941081
vn -0.7398957267100496 0.5318662030470468 0.4119134079542996
v -0.4845042086696352 0.2548999271904509 -0.5855058486249286
vn -0.9382680366350434 0.3265547675467041 0.1140836325751375
v -0.4797169324887443 0.0714197464830575 0.0237279626192520
vn 0.2420163076724446 0.7727552054614485 0.5867516504048634
v -0.4824468769619414 -0.1799640791209449 0.5472029576499032
vn -0.0666141035243461 0.3415586846395409 0.9374967872792709
v -0.4777152492887727 -0.1678765732919800 0.4175691280149979
vn -0.9753312099282433 0.1158165779706187 -0.1879243230853443
v -0.4693192598000758 0.2375618611144395 -0.5206694060480533
vn -0.8761257668724433 0.1223276457613464 0.4663041793772170
v -0.4732198822132369 -0.1462184743232012 0.4150373659872433
vn -0.6063851761142298 0.7221306647574164 0.3329028705282167
v -0.4757543960731498 -0.0129526097736360 0.1893876194046094
vn -0.8240986098623052 -0.3577523634521735 0.4391750535576899
v -0.4722967014669872 -0.1448111157201599 0.3922323890459344
vn -0.6284248557018771 0.7205251620450839 0.2931308438154883
v -0.4736850454632176 -0.0157835682848112 0.2000806933708463
vn -0.0684730194476221 -0.8936069727603689 -0.4435966905216658
v -0.4739559703908987 0.1581151715634272 -0.6860586896109040
vn -0.5075917385267311 0.6832800129645791 0.5248609824158540
v -0.4541956569201571 0.3424798314199791 -0.4937321560305279
vn 0.0039161868801732 -0.9647425875813703 -0.2631661132956170
v -0.4695110819062920 0.1470486283028563 -0.6538005336953377
vn -0.4127889425461168 0.8523859300170791 0.3210039177651543
v -0.4676254954620531 0.3656340541976827 -0.5496327571265335
vn -0.1504362452278149 -0.9512629472180087 -0.2691983309232515
v -0.4590551993167402 -0.4476256494745059 0.0974330461549718
vn 0.0096689235446867 0.9441368890948220 0.3294116673219679
v -0.4372497745313227 -0.0598762729976883 0.3638101137296800
vn -0.2079141803206094 -0.7880666246112494 -0.5794158168322997
v -0.4697588398073894 -0.5148501439150540 0.6231851086847926
vn -0.0946686582019420 0.8651405812603723 0.4925135732248493
v -0.4597863845619601 -0.1955466757095463 0.5647384549896881
vn -0.9688784150230233 -0.2475362782528691 -0.0006386322827080
v -0.4589325126001609 -0.5638420155830433 -0.0420608658878617
vn 0.3385482943450708 -0.8608409116618156 -0.3799183822945362
v -0.4606961940387791 -0.4596659971042874 0.1904168217222036
vn -0.1384671460569216 0.9722958399710885 0.1883285667066115
v -0.4614340846351010 -0.0639256416457486 0.3534264081272687
vn 0.0996255392971927 0.9730338254907718 0.2080382810218779
v -0.4442414934987297 0.0594416895071377 0.1374106540009052
vn 0.1956185011399212 -0.9475478190934857 -0.2527578535732357
v -0.4509983219782572 -0.3968770523356191 -0.1014982759585737
vn 0.2312919789079029 0.8754890673670305 0.4242910715695927
v -0.4511775455104141 -0.1540882056157308 0.4915665728936403
vn -0.3219321408906129 -0.9467492268802711 -0.0050594528553421
v -0.4496648694261146 -0.4675723610760602 0.2599748566006828
vn -0.6478785762344537 -0.7314040869408406 -0.2128412837366201
v -0.4503389036847257 0.1535221657641332 -0.6733826916548994
vn -0.9958112144725860 -0.0907485437138097 -0.0111681217962576
v -0.4468364629606161 -0.4076268106352742 -0.0598299777552032
vn -0.1074629231909644 0.9049671780659151 0.4116869280930198
v -0.4428186349709025 -0.0613633638764373 0.3519733061871198
vn -0.3807430007257042 -0.5050607853206610 -0.7745633418447219
v -0.4494952572118888 -0.1800361478173730 -0.7001753262308279
vn -0.3240521878016270 0.8223852449221157 -0.4676245165892938
v -0.4211926622647935 0.0758030051785304 -0.6894714398735501
vn -0.2323496979185167 0.8948473776134330 0.3811322456254995
v -0.4107398123907505 -0.1503284126976462 0.6138681226911226
vn -0.6886886360092600 -0.1585400392480949 -0.7075118504922145
v -0.4213586129061195 0.1186708627013860 -0.5865926729880401
vn -0.2071742691752513 -0.9575162790554796 0.2006025860637129
v -0.4322103502811765 -0.3531409116710534 -0.2513275980803364
vn -0.3762702351165801 0.2329414601650003 0.8967491211601554
v -0.4311831140152598 -0.3478251403509326 0.7411817993121168
vn 0.3736406745640622 -0.8455647649626022 -0.3813304007878887
v -0.4280003679547454 -0.1993824561305570 -0.6826460845300337
vn 0.5121843115679566 -0.7933392623557951 0.3290593347535078
v -0.4240610296361485 0.1375523360072637 -0.6659695585452055
vn -0.7054075052334158 0.6769097035311276 -0.2102225126521166
v -0.4079126283335137 0.1697740115048870 -0.3353239985034466
vn -0.9207949907519566 0.1447441560461862 -0.3621956850882980
v -0.4139002389849389 -0.4281613293029160 -0.2256410635360225
vn -0.9874189843480642 0.1432528956080405 0.0669504088781347
v -0.4109766014076589 -0.0588062976722262 0.3616407949576437
vn 0.9752555121423307 0.2077043053368169 0.0757337941777007
v -0.4124928840598591 0.0922657625086464 -0.0035131227195027
vn 0.7658044081356647 0.6036286458433248 -0.2217567730585431
v -0.4131426239025763 0.1032034503487510 -0.0326245091317908
vn 0.1159541065048544 0.9865158116005909 -0.1155041066226160
v -0.4108351181542664 0.1211329255761551 -0.3787561143318158
vn -0.0649143600582657 0.9974402645294476 -0.0299840716656571
v -0.4035032311932493 0.1228117249316549 -0.3729666411964840
vn 0.9870151305305753 0.0560497432833955 0.1505309216791580
v -0.4076796270970770 -0.0259062650942880 -0.0929218352684800
vn -0.0435800020838257 0.9774323050838174 0.2067047952924872
v -0.4073837040837328 0.4124895854945470 -0.5743696602630860
vn 0.9868162286334473 -0.0055592810301943 0.1617492667683139
v -0.4045672663246057 -0.0182953751461212 -0.1158372674893796
vn -0.1874548304278047 0.9499895479466282 0.2497609764183430
v -0.4035527350496886 -0.0819923724549110 -0.0877137597828709
vn 0.9156377733864786 -0.3359500889728952 -0.2207827114312975
v -0.4024407964285673 -0.0462663750839027 0.1482711667423632
vn 0.1797835575968735 0.1643068760378082 0.9698871701927539
v -0.3839846636075581 0.3007366320045566 -0.4252152587920758
vn 0.9531816751667498 -0.2866748770886742 0.0962403708040552
v -0.3936785092846921 0.0731502818844456 -0.1060354203798288
vn -0.1705248283115750 -0.9300155335000908 -0.3255647253279279
v -0.3904848198669711 -0.3416880727653164 -0.3396125458110515
vn -0.3552238133574805 0.2660676254345219 0.8961160980137589
v -0.3979441398305409 -0.3525923750917085 0.7563931835377601
vn 0.9175701523283822 -0.2012532743563832 -0.3428733514242597
v -0.3883089966687527 -0.0564869519276989 0.2040129603239173
vn 0.0660030715865947 -0.9904132224350770 0.1213476137668204
v -0.3803337501675899 -0.4949708774546848 0.2896909100483259
vn 0.5258777030580765 0.8505066879559030 0.0095401870338980
v -0.3907992922718027 0.0264673880747555 0.2218809761247395
vn 0.5536419666022371 -0.0342241952544921 -0.8320512467847098
v -0.3794047697699468 0.2258759915117001 -0.7586628242536779
vn -0.2242455252789880 0.7944674365587143 0.5643894370380933
v -0.3730579108628863 -0.1969026483757431 0.7216304281194612
vn 0.6154235973460553 0.4750485150401767 0.6289536582195572
v -0.3826836782798091 0.1656289192104721 -0.1308946721524545
vn 0.1917468349020849 -0.3585533393777723 -0.9136042108736587
v -0.3808100034689502 -0.1736689718435775 -0.7543895665868836
vn 0.6510296398346145 0.6023714977030065 0.4618538587170720
v -0.3834751768133606 -0.0574741336570327 -0.1945713978795434
vn -0.5092085737806941 0.5908078584279717 -0.6258216221959619
v -0.3815012509671410 0.0439518089005382 -0.7480329971816445
vn -0.0751084916932590 0.9725956940721928 0.2200371112966924
v -0.3816637723854556 -0.0583153547908373 -0.1905011139662962
vn -0.5991233531339095 0.0133943085853797 -0.8005446897126358
v -0.3629162803630435 0.1411730836413815 -0.4030518709541563
vn 0.9234108415829891 0.0436049894933650 -0.3813279724046997
v -0.3725026936546271 -0.0081621441112856 0.2546249873751456
vn 0.3618135136101911 0.9306564532006448 0.0544935545275203
v -0.3747469262230455 0.4145748537083964 -0.5919456410400102
vn 0.0211927159084102 -0.9826270993945679 0.1843769300315076
v -0.3637358768431980 -0.4957860470475535 0.2813463740614209
vn 0.1630220279536824 0.9808268284988929 0.1067827275296525
v -0.3707849809134315 0.0025002095591882 0.3570613771843912
vn 0.0471177189273432 -0.8995091633628006 -0.4343537562741207
v -0.3627349997748197 -0.5339337215878670 0.6484776911252934
vn -0.7729814572123406 -0.6188577224916858 0.1396953332015430
v -0.3694187333273928 0.4454383438918719 -0.0420660071039018
vn -0.7737927387102511 0.1206101316448731 0.6218504592455453
v -0.3575310441524226 -0.4927129338387056 0.2061925494340003
vn 0.6175390061240826 0.4928570320776410 0.6129743239703433
v -0.3719849009533236 0.1819789031196696 -0.1512015469909335
vn 0.4986673878693449 -0.6169063278169109 0.6088985292928687
v -0.3635299816141319 0.1816056631895896 -0.5039826299849688
vn 0.6012906732913326 0.5303235147718095 0.5976675462938659
v -0.3669399664217782 -0.0503599456060889 -0.2231733582953936
vn 0.8771173340738917 -0.4802482723842982 0.0051748564237054
v -0.3641256064197234 0.1936981750988049 -0.1837153787180811
vn -0.2269504864403305 -0.9097718942493864 0.3475752826919380
v -0.3513353384847097 0.1335073883018938 -0.6791756003996109
vn 0.6443958268681844 0.7489218703660599 -0.1544993540513080
v -0.3642223627614142 0.0124846376674904 0.2758965027892888
vn 0.8759930979189873 -0.0673731223929962 0.4775949693802417
v -0.3589325619911792 0.2183680096961557 -0.1973097488330671
vn -0.2244946140693685 -0.9183670950922469 0.3258896238079286
v -0.3648609075561055 -0.5362620392446639 0.7076762921155864
vn -0.5499372604511921 0.6234919698178614 -0.5557218487157770
v -0.3656767274671298 0.1297751546863991 -0.3958523142728497
vn -0.1667796889715116 0.9811441600444225 -0.0976763664214145
v -0.3547179391126725 0.1338901286923848 -0.5906734099669193
vn -0.4795231878712572 -0.8217122362837802 0.3079716107619270
v -0.3525894655065189 -0.5079628861714756 0.3502143423887061
vn -0.7318863487789810 0.0200684002403472 0.6811311413984573
v -0.3409869403207592 -0.5334106349285910 0.2387606529059659
vn -0.7151430784225513 -0.6034985722736080 0.3526469206558215
v -0.3554775274781771 -0.4790625524817950 0.2063793166305687
vn 0.0689884010540579 0.9919133882660178 0.1065290134124621
v -0.3437181122848357 0.2150789458403242 -0.4840895788482079
vn -0.2743253074290580 -0.8970864352990074 0.3463835349817780
v -0.3558881612222103 -0.5395960376362375 0.7052176901892568
vn -0.6689342228240848 0.6204614459588160 0.4093343372030168
v -0.3393829260407401 -0.0592376844552719 -0.1772835512283981
vn 0.4093443867056697 -0.6461026198878309 0.6441960708096878
v -0.3431310279466159 0.1901834027286334 -0.5099283307181989
vn 0.3623206756387528 -0.8986208448361929 0.2473950388155844
v -0.3554646443245203 -0.3297983500640738 -0.3656652979315391
vn -0.9403005741688830 0.3184840079440380 -0.1200115282027972
v -0.3558134247111205 0.1089378994291920 0.1829919438136404
vn -0.6535985774612907 0.6381526107987808 0.4069031148458771
v -0.3427640182080884 0.1189214446033626 0.2025580528025409
vn -0.5199284641862910 0.8539845251055602 0.0196169062065207
v -0.3421586130181891 0.0048384119198562 0.3806811770279669
vn 0.4848068835751018 0.4531355996042446 0.7480844965707414
v -0.3453543130271285 0.2159906534108562 -0.4901327604599079
vn -0.9335827604518933 -0.0628888770786691 -0.3528005364604859
v -0.3452660637525119 0.0954540474374836 -0.1811096131620070
vn -0.7536047864789321 0.1976438082472303 0.6269104807367437
v -0.3413699805025078 0.1557865130466102 -0.1658356527404729
vn 0.2940532226676890 0.1239080003815552 -0.9477233297118896
v -0.3471248629342885 0.3454222538213436 -0.7081790944180297
vn 0.4595362008425671 -0.1155586312436881 -0.8806092679845386
v -0.3480769316822895 0.2575664170757921 -0.7080337698787640
vn -0.3575361995408186 -0.9326598926835988 -0.0480977192528468
v -0.3429949624197689 0.1598861741077466 -0.6223008207629352
vn -0.0070708679280584 0.5706243763700127 -0.8211807498468763
v -0.3461530000000000 0.3398440000000000 -0.6897680000000000
vn -0.4903430065333366 0.3516315519322629 -0.7974452881731489
v -0.3441060031293735 0.3165900651907766 -0.7005787432730194
vn -0.9207244702799009 0.2130411243294516 0.3269249595430715
v -0.3442560000000000 0.3686300000000000 -0.6615060000000000
vn 0.2952918904376620 -0.9111149386865923 0.2875278559442176
v -0.3375070640932394 0.1969434717843781 -0.5071663279073430
vn 0.8062283148517189 -0.2919556672692156 -0.5145462007252066
v -0.3393157711983317 -0.1182668617195893 0.3238750124211990
vn -0.6632995547885605 0.4990979625054935 0.5576153911435395
v -0.3363384254372749 -0.0759801444817323 -0.1062612157789538
vn 0.0069659047409935 -0.9782969982016639 0.2070904620709339
v -0.3225683440752575 -0.4981538714201565 0.2724420074952073
vn -0.6468561743430324 0.2218833829661199 0.7296196639878934
v -0.3203401225324007 -0.5308879342437012 0.2552760275208453
vn -0.3396776511325137 0.2391518316528718 0.9096293172156308
v -0.3332852030719435 0.1235825026753677 -0.1537413914221504
vn 0.8550899372358969 -0.1725010760876395 0.4889423053761215
v -0.3347035630169740 0.2136868072155291 -0.2357921387830204
vn 0.6487083450671356 0.7223723703856645 0.2394903788122906
v -0.3300162479960568 0.3584256438070573 -0.5373928536228142
vn -0.5499032348355378 -0.8351035572337199 -0.0144388715971352
v -0.3403808073450845 0.1517654289053695 -0.6335337409084594
vn -0.8005358263043041 0.4038500419664721 0.4427725538094744
v -0.3315891924378824 0.1403893686283615 0.2181321568776304
vn -0.2538476427024488 -0.6500184707974112 -0.7162662646785796
v -0.3290246356780528 -0.1639050707352920 -0.7644008846780900
vn -0.0383441776950858 -0.7923616092208673 0.6088454683002948
v -0.3304131038060220 0.1738054641108709 -0.5390772596005429
vn -0.9654122806897630 0.2586507202020749 0.0328471190873428
v -0.3291630283335227 -0.1514266621566325 0.1955070966545275
vn 0.8468634025665078 0.4509733323258949 0.2818606587027621
v -0.3276059413541523 0.3479521831007252 -0.5178490379772033
vn 0.9615166124557609 -0.1575662755425102 0.2250748159685122
v -0.3268152131395601 0.3167584931686384 -0.5026107983354947
vn -0.2180303256735863 -0.9596694367346210 0.1774749257898851
v -0.3273624083636352 0.0522111012602149 0.2190337510685846
vn -0.7178357839583970 0.6950705577927613 0.0398585870107472
v -0.3253679897305168 0.5578224019992637 -0.0313847553490872
vn -0.8597083136975169 0.4570906268543171 0.2279688009384165
v -0.3196746835830361 -0.0662652116655313 -0.1407654624174239
vn -0.4269100932500342 0.3749269091650188 0.8229080052261085
v -0.3265405571573569 0.1967123649240471 -0.1695249586798242
vn -0.0536812934455658 0.9313095288095448 -0.3602511350191069
v -0.2867101460854565 0.3720779223420538 -0.6745771187218310
vn -0.7328586269200963 0.4729739513108736 0.4890949543086396
v -0.3203542715182982 -0.2471378102941053 0.7919622287143147
vn -0.3116881989304669 0.4865224978075063 0.8161778763079938
v -0.3148742379320377 0.2110028887474268 -0.1695700134762357
vn 0.3697016723498268 0.6450558822470916 0.6687477717646376
v -0.3190426855821126 -0.2109657650569979 0.7581282852728981
vn -0.2489600677884435 0.9682271386747048 -0.0235604028099598
v -0.3092774875936384 -0.1235306801465220 0.3288516752895169
vn -0.1019331483128389 -0.9882312001787434 -0.1140558120759883
v -0.3074084515356464 -0.5001426461434936 0.3178632824161734
vn -0.1514342030047314 0.8122515330327189 0.5633073133257900
v -0.3119531353062918 -0.1932879892044794 0.7286983625457621
vn -0.5383049414410340 0.7169104349269548 0.4430205619528395
v -0.3132156877585520 -0.0132917901184258 0.4547225894959359
vn -0.7882837872681121 0.5992532218921118 -0.1396576055292556
v -0.3091292047132846 0.2417379031443687 -0.2759585546188785
vn 0.6180120104072033 -0.5930842680808293 -0.5160544602534444
v -0.3097161592179921 -0.0215486335399927 0.3780252731263026
vn 0.8034957779320061 0.1167860794339616 -0.5837427057324870
v -0.2985883744870029 -0.0733743612177235 0.3879038700066604
vn -0.4526709103467377 0.1481381493099398 -0.8792861511731445
v -0.2995953126719217 -0.1005203586340928 0.0149471465605770
vn 0.8532038511342113 0.2906029976167689 0.4331201752238044
v -0.3064665457401101 0.3182197515642232 -0.5202217372946164
vn 0.0160398707724573 -0.9764926816109248 -0.2149529374209804
v -0.3063687519899835 -0.5316811166227277 0.5688018782340780
vn -0.7907058713766344 0.1821864082263343 0.5844590127871283
v -0.3083534205255141 -0.0017816003962191 0.4602179211143679
vn 0.8123568525699051 -0.1107433786595427 0.5725489046062238
v -0.3052433301469777 0.1661049702509149 -0.1910638975584766
vn -0.0908322276325878 0.8887330939613772 0.4493361705017076
v -0.2877724610984458 -0.3768230527788963 0.8046021281066688
vn 0.2097581881880979 -0.9676525633711741 -0.1401785257778181
v -0.2810018970045696 -0.2445029542267519 -0.6086921315153667
vn -0.7871877505407775 0.6139859888979916 0.0579366104937630
v -0.3009137921414883 0.1396077584949958 -0.6032903148867991
vn 0.3449696970736432 -0.1404840022210078 0.9280410299231854
v -0.3022216261248086 0.3276156449988804 -0.5259011969740340
vn 0.9462186377823624 0.3123743506701515 0.0842173055653763
v -0.3035353062483241 -0.0285465803736242 -0.1567902481206513
vn -0.7541420192827448 0.6178546560237551 -0.2225431166805919
v -0.3009511656638164 0.2623388338543062 -0.0750989869136989
vn -0.4355143216941137 0.3807801526498633 -0.8156799316810869
v -0.2855024793220798 -0.0409555879544596 -0.8028055767824898
vn 0.6031327548567056 -0.5299726657226629 0.5961206703392994
v -0.3049423856356691 0.2535816958102387 -0.5023584301274020
vn -0.3713469558439670 0.7859706541599937 -0.4943192988188205
v -0.2955074501896071 -0.1101603624721948 0.0133286028106171
vn -0.2861144792175196 -0.9420314675506017 -0.1752575787991698
v -0.2901431227589779 -0.5331213038973391 0.5500982934089100
vn -0.2240657898565507 0.0611245346516702 0.9726552899560958
v -0.2936619376841559 0.1026788343986936 0.2896761530407123
vn -0.1282121053146646 -0.1692814604122531 -0.9771926336252623
v -0.2953937841061505 0.1220913960731168 -0.6806969499075742
vn -0.7544854742268587 0.5953759274648251 0.2761868464935855
v -0.2961237161598576 -0.1250065060076743 0.1884073728088650
vn 0.2193241056690546 -0.7151014429325520 -0.6637219771773808
v -0.2566442656411769 -0.5221787443290803 0.3899370715737920
vn -0.2791267575493660 0.8472710106702266 -0.4519071671237693
v -0.2830293428914108 0.1098934850325862 -0.6969967245083940
vn -0.0457563597624408 0.9936163691009052 0.1031157921757082
v -0.2783555780312107 0.1388513670516093 -0.4604436960563697
vn -0.1346587979487981 0.9685348128901288 -0.2093019931937295
v -0.2838783528527004 -0.1454707814901286 0.2557664131055306
vn 0.8210895110424512 0.5347255834421671 0.1997011899526446
v -0.2896839679645914 -0.1395828925649896 0.1127641639702469
vn 0.8511087254176628 0.2447679011377438 0.4644379528963424
v -0.2866140023976348 -0.1015650877066399 0.0660520020217406
vn -0.2143542395971597 -0.9244108528200128 -0.3154628902982096
v -0.2856224249492885 -0.2960434547721087 -0.4825322778773193
vn -0.8591122581965412 -0.4391682724180508 0.2627876639376058
v -0.2830895290614166 0.2070476419912801 -0.1076366134071136
vn 0.6878676050917237 0.6992823994506453 0.1945309324604308
v -0.2895110187696205 -0.1446137196549884 0.1278640581011787
vn -0.6130357576725848 0.2054284665667021 0.7628802690716632
v -0.2925831508580237 0.3420370434460537 -0.1901946088544980
vn -0.2384349704833586 0.9710366049592865 -0.0153842997806981
v -0.2854265981490005 0.2741904478095127 -0.0428756162729122
vn -0.7255889689212826 0.3559201128903752 -0.5889325270519982
v -0.2718142836159679 0.2997208265625170 -0.3022534731501427
vn -0.0494763507487508 0.9118710200315892 0.4074841512784709
v -0.2886096437207489 0.3087307249984230 -0.5138174210177002
vn -0.0457265668075086 0.9743095383418273 -0.2205221181290756
v -0.2665372853693465 0.0900985840105538 -0.7285612610675414
vn 0.7397417831424347 -0.3414052341932959 0.5798487391886542
v -0.2812776399761092 -0.0913321802407339 -0.0044526311776558
vn -0.6668146331039067 -0.2978314891340376 0.6831212550921718
v -0.2880270984265094 -0.5727082911685988 0.2688525147089173
vn -0.8483149018207216 0.4850972013048879 0.2122322610610004
v -0.2741946875847293 -0.1016878298993029 -0.0108947558691669
vn -0.5833455138286605 0.2187156272138810 -0.7822221461377927
v -0.2797581457943958 0.1792685839287105 -0.4524985702635491
vn -0.4110065196603397 -0.5168462776434943 -0.7509617607327010
v -0.2789319681187195 0.1250389057596116 -0.0834510651743960
vn -0.2536704355608272 0.3434753401727659 -0.9042543894367242
v -0.2775082637501396 0.1165285138444098 -0.6851097880268247
vn 0.0094268530678184 -0.7080079223909906 0.7061415695686175
v -0.2691529306080952 0.0330131079194917 0.2697099863431899
vn -0.1980609616830995 -0.6942518787944651 -0.6919437724609718
v -0.2720364705900435 0.0954423010470792 -0.0572999762682413
vn -0.0581228634500048 0.9020718060613517 -0.4276542873087834
v -0.2696457049370445 -0.0594927378458995 0.3179817887849433
vn -0.3902801938370430 0.5822174858525385 -0.7132350029731218
v -0.2756216879907474 0.2701349286022504 -0.1349450803334781
vn -0.0167606317148063 -0.6365275226653704 0.7710718475693475
v -0.2738550452813641 0.0450980228869955 0.2749870502993985
vn -0.0948623977579457 0.6929546235926627 0.7147132397914316
v -0.2712486817362808 0.2774939779903013 -0.5020152194455100
vn -0.6684276861771230 0.7259850335587825 0.1617101091476683
v -0.2717100626393495 0.1234514576446687 0.3180650583915910
vn 0.1561047053565761 0.9861284079832522 -0.0564099630734927
v -0.2654202079252169 0.1333626639138035 -0.6740343601486114
vn 0.0589889162248685 -0.8046963921835353 0.5907486979836837
v -0.2609824848395967 0.1962457261022399 -0.5167314895111654
vn -0.1314069356819573 -0.9120691933147038 0.3884095826069993
v -0.2665519857174006 0.0417954804868052 0.2708612621949875
vn 0.1278977880380684 0.9868514127839346 0.0988253252022038
v -0.2763860238762670 -0.0226327644437549 0.5049309062494209
vn -0.4533372244551318 0.8120250306463205 -0.3675604855355915
v -0.2421265995424731 0.3219303628801631 -0.1168924505880871
vn 0.0009709254313146 -0.9798518265921461 -0.1997234468655142
v -0.2775009820583881 -0.5487402357126950 -0.1460062578435960
vn 0.8474146110604184 0.5274977548619129 0.0602876071590267
v -0.2574644488476695 -0.0422220311494305 -0.0551569989843337
vn 0.2294005452926332 -0.7789668462484529 -0.5835975002218411
v -0.2581866426628388 0.0186486920262983 0.1354520867050674
vn 0.2817347141476428 -0.8456582292970896 -0.4533075226226200
v -0.2626317974094726 0.0286861712783547 0.1266045037616811
vn 0.4145808040337018 0.1790409295890580 -0.8922259256817499
v -0.2466306908937242 0.4274853154594266 -0.0104232763039215
vn 0.0556595085004387 0.1145347472621602 0.9918587655422937
v -0.2644524260437399 -0.0917908968839335 0.3849550923329946
vn -0.1724367479418383 0.9668695788610099 0.1882253581013366
v -0.2587858730140148 0.3108478054993905 -0.0274640699798478
vn 0.0118132081369791 0.0043068570033756 0.9999209464233985
v -0.2441090849739530 0.3368888626341863 -0.5100203724065339
vn -0.8729321556498726 -0.4870676199700658 -0.0274697143989924
v -0.2588595507008042 0.0512603110982641 0.3856818824861793
vn 0.5424887727128718 0.8001127236908089 -0.2559796102594061
v -0.2545481558103953 0.0174107159223870 0.4785395259744413
vn -0.5023153643464592 0.6497965736628597 0.5704767195929138
v -0.2541424221824458 0.2853209647447170 -0.0233873002671424
vn 0.0534534635297832 -0.7328637530311661 0.6782723986200117
v -0.2502046234694925 0.2965828631552136 -0.5067951973870849
vn 0.4819838086106233 0.8643405582634601 0.1435514109230847
v -0.2452275901101784 0.1664095817981897 0.1925717150714799
vn -0.0536533306348898 0.8012413024798969 -0.5959309484429396
v -0.2388083317158295 0.3064017782335229 -0.7364592858773401
vn -0.2496282267649387 -0.9228406843108488 -0.2933442001861921
v -0.2570020180609380 -0.3186757080053912 -0.4390142238427965
vn -0.0623147005869677 0.9948232109767237 0.0802723924691290
v -0.2440439572069079 0.1397629937217683 0.2908919237837098
vn -0.0497592779090684 -0.5316202581713612 -0.8455199083190079
v -0.2280208206722470 0.1939711284997800 -0.7176258862588517
vn 0.2813509547395731 0.8922538739757515 -0.3531637929380564
v -0.2518040479952243 -0.0630358536419609 0.3114749104578711
vn 0.4286980561077576 0.1431905223622692 -0.8920282792574742
v -0.2273874209883567 0.5938508236139467 0.0028843365641272
vn 0.1255776028327420 -0.8959588015262774 -0.4260141918227357
v -0.2493172281779536 -0.3112068617227616 -0.4515098329790932
vn -0.4233103679721080 -0.9009588346732216 0.0952969600333052
v -0.2524605223626721 -0.5195916506897066 0.3828795929622541
vn 0.2249073304781711 -0.3552507234755040 -0.9073112013897512
v -0.2398118074279856 0.3519838903564947 -0.0170978443767821
vn 0.0015084099116024 0.8701614954942991 -0.4927643417077410
v -0.2323001687684807 0.0191393277344410 0.3496763605223735
vn -0.3774172632727518 -0.6553444940431804 -0.6542780781219820
v -0.2331474476309441 -0.5228926494482425 0.4295504265213176
vn 0.4392712804883821 -0.8618324615530675 -0.2535459531356741
v -0.2397695544406317 0.0299338567672616 0.3072793967875074
vn -0.5702211439984067 0.6588248047269301 -0.4907114463854200
v -0.2236140070238282 0.2993130900840456 -0.1528831572814192
vn -0.0691317879187698 -0.9801963085186317 0.1855693742663416
v -0.2331170319482797 0.0263797359272262 0.3295120106852636
vn -0.3927267171659553 0.6930299845752759 0.6045454210426582
v -0.2296798017086458 -0.0683310156567771 0.2089693408244294
vn -0.8027820373585456 0.4135976385643114 0.4295090148861698
v -0.2349801502538231 -0.0545411236078114 -0.0439329743607575
vn 0.1607842528448229 0.7229494949743726 0.6719318802925129
v -0.2338618990794358 -0.2294459213496888 0.3729159644992995
vn 0.4932644036431304 -0.6013789840954900 -0.6285169413682208
v -0.2373277086443251 -0.2809639318578191 -0.5083043345242864
vn 0.0820752846574998 0.7247658390626658 0.6840892676955110
v -0.2360092907309848 -0.0598178462845251 -0.1696286903059639
vn 0.3868875625358038 -0.9080763445264987 0.1603601149491241
v -0.2224463958471334 0.0312020806281391 0.3340770124585036
vn -0.0417395379069480 0.1432992408669048 0.9887988362363112
v -0.2326705836313163 0.1083215591365781 0.4333041885126044
vn -0.5567302824355568 -0.6105362460841299 -0.5632911190820640
v -0.2142155674354277 0.2545183246816266 -0.1825787329394990
vn -0.2359285456602200 0.8500846980627309 -0.4708436337705429
v -0.2207741222207379 -0.0527784288126242 -0.0739822600271315
vn 0.0616857060373399 0.8517459734853955 0.5203111283857870
v -0.2313493532502913 0.2667272848054276 0.0172571370733226
vn 0.6718928527948711 0.5408072702912742 -0.5060508776430196
v -0.2248794323293185 0.1356829208711925 0.1222749792931787
vn -0.3359849473709807 -0.5016875245032296 0.7971347081252583
v -0.2184552037185636 0.2984691225844321 -0.5067261220563839
vn 0.7010028582935066 0.5773567642730595 0.4186336816507680
v -0.2140492875078316 0.1433240237258617 0.2593575627771430
vn 0.5383689404558923 0.2290036439290118 -0.8109970499450871
v -0.2150346742050403 0.1342191997819967 0.2972847429783362
vn 0.3407551079410034 0.6219478000873329 0.7050297088624295
v -0.2276342405986425 0.2824167261414614 -0.3680751061684370
vn 0.4630269563937806 0.5022573763058356 -0.7303037488600824
v -0.2175307383197422 0.0168612364824954 0.3513450145978445
vn -0.5664764058083087 0.2211293050899770 -0.7938553470834118
v -0.2201062480568862 0.3166161038044742 -0.7335929827183461
vn 0.7585755281473086 -0.6354348728746193 0.1441724329781819
v -0.2015705141208113 -0.0101387069867984 0.3727497491501670
vn -0.5643304124245663 0.5392752797421068 -0.6250706826206069
v -0.2168897213829058 0.3519289509620548 -0.3284885591501807
vn 0.4134837509953820 0.9102440056367110 -0.0220689343925798
v -0.2200155350911931 -0.1204647860094390 0.3154287765389768
vn 0.6260126135891780 -0.2334736350805161 -0.7440418465043053
v -0.2179998744621200 -0.0066387839588192 0.3394348012938768
vn 0.6411626205257882 -0.7285237441820747 -0.2411714083456726
v -0.2143835197773137 0.0775628817747244 0.1299859625742052
vn 0.3205067228840335 0.5825073906477155 0.7469675899441199
v -0.2035301780028025 0.2851946522572574 -0.3818820811999756
vn 0.8753939340559516 0.1862412693829488 0.4460937679419792
v -0.2122434396846366 0.2227640493664539 -0.5181500549141702
vn -0.2826757977243951 0.9408298919730053 0.1869050768463507
v -0.2064421570153244 -0.0185726780019214 0.0880580906282362
vn 0.2796374495887691 0.7083136623961470 -0.6481470916778426
v -0.2046056320717250 0.1333387169951928 0.2963669911925824
vn 0.5555814164641273 -0.0535768232837707 0.8297341825467560
v -0.2123085951674944 0.0006753981201865 0.3934767060710448
vn 0.8735645085255275 -0.3039888253320245 0.3800997810020543
v -0.1994422733657047 0.0644558198077862 0.2423327246171127
vn -0.0995464413337092 0.9892727270348122 0.1069110731538147
v -0.2106935594083402 -0.0464218241184901 0.5658949492132648
vn -0.5172040321695324 0.8558324875252095 -0.0071233702690056
v -0.1903704411167048 -0.0194750218948967 -0.0426917088750536
vn -0.3284942101094280 0.8647554965024750 -0.3798545579473031
v -0.1998504473148125 0.0945644975437600 -0.7559158419955498
vn 0.4166785603085917 0.7733706045700953 -0.4777833037748854
v -0.1880028802188555 -0.2269971732193962 0.4300835567633997
vn -0.1119778401127158 -0.8469170697339911 -0.5198003850680385
v -0.1930907933070492 -0.3113184470776794 -0.4250866689115566
vn -0.7988968094710703 0.2085714635710630 0.5641469953839771
v -0.1983938726163019 -0.1272601318365862 0.6472795920822521
vn 0.9505763455083429 -0.1484629497758122 -0.2726964684477378
v -0.1954330411142262 0.1228364796882474 0.1680269600169779
vn 0.5721311150159907 0.2644532659213682 -0.7763571712646709
v -0.1998750391828930 0.1090778669681934 0.2031871488350609
vn 0.0858824052505258 0.9042340879459275 0.4183119967978218
v -0.1996442047189604 -0.1595303284171646 0.7058014670848894
vn -0.2964528347110237 0.9243449066659537 -0.2402128437709107
v -0.1866768500117921 0.1402524905421637 -0.6964066425420209
vn -0.7051801635689690 0.4312994565192176 -0.5627625749062117
v -0.1962300371593221 0.3374314026117945 -0.7210222047468228
vn -0.1485785003263030 0.1587447673344730 0.9760760872415176
v -0.1901690408443610 0.2277969659090477 0.0243246153569989
vn 0.8830308846627527 0.3697304822203864 -0.2890602484756369
v -0.1762459167571247 -0.2170159528893231 0.4488846851814540
vn -0.1217803696772686 0.8650330170075797 -0.4867108187086372
v -0.1937663980854246 0.3633572546786243 -0.6833748752689597
vn -0.6212922284367872 0.2497201426011402 -0.7427218976597615
v -0.1955115597595323 0.1748395953150408 0.3842758570399101
vn 0.3362745644910041 0.2217554624204023 -0.9152835255608499
v -0.1936575230436759 -0.0922628301353302 0.4992569018795479
vn 0.0350696559985679 -0.9992580835701017 0.0159185944087289
v -0.1922907004212811 -0.2380825966356881 -0.6387591708462215
vn 0.2720414514571927 0.1957507404856787 0.9421651109483796
v -0.1926580300399316 0.2179316506708444 0.0321705172945564
vn -0.5590120833030702 -0.4811451347231518 -0.6752813117904283
v -0.1687800051011486 0.2252849053616976 -0.5070421817670738
vn -0.8184846224737858 0.1908951674875987 0.5418874032525814
v -0.1813994700592517 0.2847464871202034 -0.4614621638844018
vn -0.2026852213398912 -0.9610431915635783 0.1879220184004276
v -0.1870676110552294 -0.5094413840794034 0.3417861617732009
vn -0.9592139054100465 -0.1570581827996766 0.2350349141801484
v -0.1812971003423540 0.0448282662106789 -0.0527632617525134
vn 0.1125189461359495 0.1899547293187726 0.9753238885467161
v -0.1781054424898840 0.2226515445876664 -0.5209838703963485
vn 0.7468864007569551 0.4762828250684353 0.4640208776651661
v -0.1876200358350647 0.2676762396077038 -0.4872389791375352
vn -0.2489777461395019 -0.4584372260590129 -0.8531385536304237
v -0.1847892508201729 0.1582877074547002 -0.1698026949319898
vn 0.5011808670777034 -0.2142897281691223 -0.8383899157769283
v -0.1760977232632358 0.3171656285753418 0.0245265270141992
vn 0.0925788097732152 0.0329243735089306 0.9951608661970280
v -0.1903638074939683 0.3996464696937999 -0.1893786904716257
vn 0.0255388659166044 -0.9798565494350232 0.1980628911658711
v -0.1613503204254607 -0.1738476842388806 -0.7673256022036949
vn 0.5277809458236618 0.4143127511727288 0.7414797485037373
v -0.1806052451442771 0.1280890149191792 0.4198799006726467
vn 0.0271079837136263 0.8989869773218840 -0.4371356446512272
v -0.1730375426606502 -0.0271746999489329 0.1305697348327820
vn 0.1433295549144681 0.1249145779377276 -0.9817601473408156
v -0.1516618039655235 0.5408672885238228 0.0233637731697339
vn -0.3224116468061938 0.6825853546188231 0.6558414165509935
v -0.1784030575641619 0.3170143533461090 0.0014790179417124
vn 0.5517005905242074 -0.6999589781903750 0.4535238552335777
v -0.1675430880087169 0.2558322862888993 0.0382427186361268
vn -0.0712736019612979 -0.9962767155056242 -0.0485054615975151
v -0.1775984051909162 -0.5474688377967301 0.7018433474746191
vn 0.1469789814580844 -0.9065105895753491 -0.3957723209084955
v -0.1779927973687513 -0.5260777608184369 0.4477625474021210
vn -0.4454896878552181 -0.7546950583562263 0.4816371112231203
v -0.1755694118795276 0.1575529334804034 -0.0115496227305671
vn 0.7855588354951734 0.5813038444144960 -0.2120923299989757
v -0.1742186820781871 -0.2470049112427585 0.2817082919103410
vn -0.1623952262432564 -0.7061469338855757 -0.6891910462690312
v -0.1749522076279391 0.2035407205812930 -0.7160438595805777
vn -0.4937749175056204 0.4281050362808331 -0.7569097758341506
v -0.1680284814204533 0.3604190062187728 -0.3634507001901598
vn -0.0940712399141156 -0.9520319423800117 0.2911799830159399
v -0.1797930604503212 0.1284917936540535 -0.0812426343196669
vn 0.1771426203654767 0.3278939120488903 0.9279580133235164
v -0.1642838930685077 0.0415574398044326 -0.1910253778153078
vn -0.2471423269539782 -0.9544220430334815 -0.1673297164270835
v -0.1696173883226156 0.1181219861841607 -0.1170196435765266
vn -0.0851398439804213 -0.9318342992093110 0.3527549372922819
v -0.1341556005115763 -0.5578922987182852 0.7802371470327707
vn -0.5608068784501092 -0.3251021227187151 0.7614487867787498
v -0.1765799218586396 0.2888107170690976 0.0575738227864767
vn -0.5127172640170099 0.8549439830402327 0.0786879472486979
v -0.1653198364857811 0.0820353420621971 0.5370422337370404
vn -0.3445531139303127 -0.7663994375486913 0.5421393306208052
v -0.1647046752884279 0.1477687256878722 -0.0204801373368491
vn -0.8435244196995443 -0.0785732586979868 -0.5313123341200788
v -0.1681478321462424 0.2215078574373124 -0.4982870957484801
vn -0.8283704483739276 -0.0309245260684616 -0.5593264466733351
v -0.1620742256913846 0.0226438366154640 -0.1591390470106228
vn 0.4396598845931012 -0.1642678210664507 -0.8830148746434917
v -0.1748627629854434 0.3476944361059873 0.0180254327078619
vn -0.1416422317113203 -0.6949765409408455 0.7049433209398711
v -0.1602428582738915 0.1621019693102831 -0.0012816344473532
vn 0.1785952044580936 0.9037708003730435 0.3889756976182959
v -0.1662931869069756 -0.1857783494661119 0.7509230544433487
vn 0.2612208125488499 0.3777572267798215 -0.8882922743708498
v -0.1464485217923790 -0.2101726018764516 0.4604677638919740
vn 0.0329316643429055 -0.0932583344663622 -0.9950971754236700
v -0.1609627667997434 0.0322368272073731 0.5094679768285783
vn -0.8161512820027867 -0.3421385569634944 0.4656589875908608
v -0.1606587744674530 0.0346958160782959 0.0915209832906366
vn -0.3969589342866418 -0.0426843958610171 0.9168433054999058
v -0.1667477245176134 0.3458598014627988 0.0593561861920135
vn -0.8924001720283103 0.4471023458563548 -0.0610034859134049
v -0.1638951637558120 0.0863419562465793 -0.0430977547433510
vn -0.0459098566048619 -0.9503589434707893 -0.3077501643080087
v -0.1640459957196879 -0.2778748125063350 -0.5214262747940548
vn -0.4620830400204728 0.2777470191030901 0.8422207890480892
v -0.1617300887845246 0.0065228370201089 -0.1822059105323111
vn 0.8370169537126156 -0.5438501398038896 -0.0602465321237890
v -0.1592175793025038 -0.2349051961717301 0.3177535640433754
vn 0.1818005587055953 0.2320889231599140 0.9555539171605153
v -0.1533113566771712 0.1043383037845594 0.4089493079631225
vn 0.8474277435867896 -0.5139426859616902 0.1331507977666146
v -0.1545779427723684 0.2689454105950965 0.0273491070802900
vn -0.2060653434169396 0.5595894776551478 0.8027432283987811
v -0.1205493619450481 -0.5254316166700498 0.3759808953537093
vn -0.9209451056976458 -0.3641977057150919 -0.1386367319414865
v -0.1474437539969537 0.1131183464685300 -0.1238188363842367
vn -0.7058619021966208 -0.2253724267135058 0.6715402030441913
v -0.1511834488947932 0.0231265947308985 0.1055373610712471
vn -0.0432469528717518 0.3867025311051748 -0.9211899117468447
v -0.1440041598196995 -0.1450189134756423 0.4822564289374920
vn -0.5888064037684020 0.5583583336501708 0.5844167948688042
v -0.1506645697001611 -0.2131351534770879 0.7984648199052442
vn -0.9634393072717580 -0.0794771974303702 -0.2558673021164075
v -0.1420946325794063 0.0996596252674122 -0.1661891512372509
vn -0.2977233666333136 0.9040442189145593 -0.3066999302375043
v -0.1456950970633082 0.3054462060856549 -0.4615563615609924
vn 0.4641933251869047 0.1350371199163920 0.8753796508353450
v -0.1399192308562613 -0.0911437559419671 0.2133369554079070
vn -0.9659660853030471 -0.0885273634005476 0.2430482009265938
v -0.1466882024474014 0.0942294414984697 0.0413317651614298
vn 0.0319303822863287 -0.1542098317967500 0.9875220394827992
v -0.1376047703429267 -0.3110054923560583 0.8557455843486724
vn -0.7489125298093385 0.6317877082269965 0.1999357757577571
v -0.1370314684685800 0.0857011628594240 0.0685135671247270
vn 0.0648245518336691 0.3045385115904413 0.9502915723281159
v -0.1280314235484154 0.4016820426876108 -0.1966090335336277
vn 0.3239749190603088 0.7533213194283274 0.5723174307275903
v -0.1220471965606790 -0.0352654780594155 0.1233906409157206
vn 0.9702553599977958 0.2317923775541740 -0.0698343046312571
v -0.1366888955421344 -0.1959212044594425 0.2240035752571760
vn 0.6342470401859420 0.0364372841831349 -0.7722713359543585
v -0.1001629390079298 -0.1872732470066460 0.4689873067208474
vn 0.0692751633382482 0.9859277395795055 0.1521428410149675
v -0.1270372010817974 -0.0546082063764073 0.6451435195387191
vn -0.9958317128901552 0.0498618880382089 -0.0763740251887032
v -0.1341171866878376 0.3853569632725341 -0.0577588658258829
vn 0.8811200665479962 0.3041117809429317 -0.3621373399943354
v -0.1300588159357143 0.0709005027190824 -0.7762696663093679
vn -0.7986229953387251 0.2280043602494855 0.5569697685004327
v -0.1278837692854393 0.2614084350551510 0.0549858230103692
vn -0.4170164048822846 0.0275503265486853 -0.9084813138233033
v -0.1245732409581362 0.2780874096092417 -0.7539114840353865
vn -0.1128583995652175 0.7624336518300573 0.6371482623413964
v -0.1210080809613020 0.4599967177726012 0.0622120710594282
vn 0.0380252555642279 0.5843932496592379 -0.8105791816300187
v -0.1276176998938235 0.3551171161215145 -0.7240155467119517
vn 0.4079396087298249 0.5125436570776837 0.7555688421439778
v -0.0998875008877338 0.3142080640608982 -0.4254065022774665
vn 0.9494234455952746 0.1949655713907857 0.2461372522115680
v -0.1253650906680385 -0.1776251004489568 0.1798568823290461
vn 0.4138975518520576 0.7868583185656027 -0.4577584549464770
v -0.1263390127269010 0.0776083912066031 0.5418224624043930
vn -0.6667049677857626 -0.2738887696881470 0.6931734471028866
v -0.1142864982027758 0.1139727950733441 0.1136673132173882
vn -0.9831209925184259 -0.1795575311704331 0.0351028071464968
v -0.1175491093107778 0.2161734305441846 0.0827750666902667
vn -0.7162585045362855 0.1466236846303094 -0.6822574659062920
v -0.1181006856764550 0.3543509215557368 -0.1737304591316237
vn -0.1599276856994881 0.9143334607244400 0.3720449676403039
v -0.1185904552353698 0.3819378357534497 -0.0433717061136167
vn -0.7495087527035570 0.5733690630880691 0.3308844921030114
v -0.1170352614695916 0.3939509323416158 -0.0342218593885676
vn -0.8179583934728705 0.3671332730101679 0.4428964059417531
v -0.1172905731363362 0.3724834073750530 -0.0242899116689746
vn -0.2693313399829113 0.8694853872448443 0.4140722046584301
v -0.1320751259938450 0.0791891136488439 0.5658313673710268
vn -0.2221945448689549 0.2985715517688955 -0.9281619539201076
v -0.0907367523980719 -0.3366538576288031 -0.4700642445327263
vn 0.2579877956925484 -0.1707242301011085 -0.9509445486094779
v -0.1127186593393615 0.4831127107887377 0.0328323784609508
vn -0.8419085877186280 0.4530233138901079 -0.2931890294633307
v -0.1037683255859601 0.0582128334825145 -0.7896289377038147
vn 0.8353917356644860 -0.5029116799442466 -0.2218118350294529
v -0.1118730588131065 -0.1336428312321532 0.1745456083128574
vn -0.8850572107271907 -0.0874972720156156 0.4571848216308482
v -0.1060771808028538 0.3243818113786624 0.0528116007409577
vn 0.7484959244402982 0.0949678018144741 -0.6563040207973664
v -0.1046156354993335 0.1179163930891239 -0.6506258001182341
vn 0.9220962867915368 -0.1685656598276621 0.3483160292207706
v -0.1098963096722238 -0.1581158645973651 0.1592328466952048
vn -0.2558004100619480 0.8079948627200044 -0.5307640266919192
v -0.1093684825109349 0.0921281455121399 -0.7026482218234051
vn -0.9549689508858636 -0.0095371796451168 -0.2965524322078129
v -0.1059562538851272 0.4759466228808185 0.0207965436571733
vn -0.3489916019034118 0.4530295825026152 0.8203469139202005
v -0.0911108908565416 0.0144747616301065 0.6354127104800928
vn 0.8885749471373550 0.2655912080488924 -0.3740265679426757
v -0.1082372928923753 -0.0263335481554800 -0.8308677326095186
vn 0.0754565764718713 0.1575415657956007 0.9846252891906723
v -0.1063670261622486 0.2184291171990446 0.0911725432841564
vn -0.1258359672928623 -0.0641880001692207 -0.9899723278808078
v -0.0927250073124472 0.3020575429926241 -0.4109757651696999
vn 0.5222361408359329 0.7928858197132569 0.3140087420796249
v -0.0962627218759817 0.3365054433363053 0.0427060214067550
vn -0.4915178203441697 -0.3696299968814978 0.7885327499156267
v -0.1034934387429071 0.4040565268221632 0.0694724168991585
vn 0.4095472569487559 -0.6886168739382790 -0.5983960605261555
v -0.1032217205217401 0.4050091116032198 0.0599591421722557
vn 0.1721387284993572 0.2671683118808231 -0.9481504897838611
v -0.0975579729558972 -0.1398030660765082 0.4896201857556064
vn 0.2654421983360765 0.2772630373977661 -0.9233989643894323
v -0.0656375682467084 -0.0853941461211750 0.5007578962071177
vn 0.9726247435041734 0.2111109589239037 0.0971250294500389
v -0.0986820642168258 -0.2959785842184217 0.8250323174829357
vn -0.2087945955035022 0.3031014000461502 -0.9298033975946702
v -0.1009893321974344 0.2878210255427882 -0.4010146241130927
vn 0.9501122641936643 0.3036800917416522 -0.0711694267826428
v -0.1003150259532284 -0.3909129518657759 0.8240813298415977
vn -0.1252285552627232 0.2831933247100198 -0.9508519073896293
v -0.0738821189542069 -0.3551951144972837 -0.4792091642760595
vn -0.0509446164250946 0.0514625615617925 0.9973746792528867
v -0.0771657604811002 0.1497222164045554 -0.5576793188558735
vn 0.3084413159028107 -0.0341354523816514 0.9506306988178125
v -0.0973183217826254 -0.3217452494677437 0.8300865493882693
vn 0.6022237241745002 -0.5933601135241805 0.5340883463622543
v -0.0952963572347591 -0.5423212331916515 0.7102228902617628
vn -0.6284761724421150 0.4371101334391984 -0.6433913520690770
v -0.0869714039866919 0.0390791912798724 -0.8437084235548749
vn -0.0000189551507408 -0.9795503062017181 -0.2011993967705239
v -0.0704661198329843 -0.5117665697016458 -0.3269739269227504
vn 0.2544887354753814 0.3423487303632123 0.9044516738526377
v -0.0957762467364781 -0.0727618559950441 0.1519970928326745
vn -0.6863674245115789 -0.2524662825707439 0.6820267844698267
v -0.0903658395032229 -0.3939464856912194 0.8312089081832917
vn -0.7593860858456586 0.6441317929930157 -0.0917987248256358
v -0.0813895843464516 0.1388417956270641 -0.6876784815581641
vn -0.6005236997294560 -0.1799908694558851 0.7790857289000748
v -0.0939244219400056 0.5135665302131619 0.1263217789973650
vn -0.1039433190264370 0.8334098255308087 -0.5427926391712358
v -0.0770092175396352 0.2986553144380051 -0.7262646225168453
vn -0.0999577453260568 0.9343976508652896 0.3419202819470637
v -0.0754182513376007 -0.1475747829010866 0.1647932905782279
vn -0.2277948828800268 -0.1295048888924799 0.9650585345390307
v -0.0851657808930385 0.1067487190234969 0.1278922385609093
vn -0.8742767265136183 -0.4812234131243627 -0.0637513304768660
v -0.0905694507903433 0.2699476472274500 0.3648114733372884
vn -0.2701166108675296 -0.6313149041828082 0.7269652730977535
v -0.0879123989437514 -0.5193580853580488 0.3752402844531054
vn -0.5584937487667194 0.6252465477903076 0.5451160308271982
v -0.0917933974200250 0.1058643067862165 -0.6542746418329628
vn -0.4230262323728774 -0.6590845213201780 -0.6218170152710202
v -0.0892791438526942 -0.1628576696943378 -0.7831530083696185
vn -0.9471777853869277 -0.1680015744632752 -0.2731843953218705
v -0.0827867393327158 0.3906624603319837 -0.0350640220228438
vn 0.2455034030881478 0.0540966906280252 0.9678851311675545
v -0.0884592607188610 -0.4042255323701943 0.8252985076631760
vn 0.3347039216182380 -0.7426793025425876 -0.5800006365757093
v -0.0738178968602622 -0.5350983899493987 0.4703133197861521
vn -0.1150742969319123 0.7239351640931856 0.6802027524018103
v -0.0865405991401720 0.3469481126079074 -0.1887092218145837
vn 0.3237538277362410 0.7019780989744981 0.6343581067396256
v -0.0837560009677174 0.2373158377346032 0.0917467176427823
vn -0.9768373428587778 -0.1889279261620667 0.1004740977202748
v -0.0826545317924714 -0.5133802030732654 0.7530588120287796
vn -0.7358008135688437 0.3687666970234427 0.5679861670127609
v -0.0748517851136345 0.4165958790310952 0.2235991605266783
vn -0.7604454870129879 -0.2516935222237880 0.5986426581460457
v -0.0720373942469800 0.2993471194011165 0.0531526548518991
vn 0.5411353860877588 -0.4523973835190012 0.7088787634770942
v -0.0789015695440466 -0.5066719838328975 0.7926948371385510
vn -0.9322213767993685 -0.1837829469787949 0.3117485092796425
v -0.0785259627163582 -0.4751861451183840 0.8050026653988521
vn 0.1112987785097483 -0.7424791944948831 0.6605582696813866
v -0.0725621123603136 0.2681493924357926 0.4332747840046475
vn 0.3735512911808802 -0.9268004342205601 0.0387348420117923
v -0.0714017092257825 0.2621681916959462 0.3997229148199260
vn 0.0110885336619278 -0.9978305519364433 -0.0648940216309724
v -0.0797783677627905 -0.2735295801410296 -0.5407176903137164
vn -0.2942290925028237 0.1179302827724842 0.9484311727954574
v -0.0676759310351818 0.0283466719860216 0.1323685227134100
vn 0.5904942376033848 0.7436695133332960 0.3134839873036832
v -0.0738310373164619 -0.1627320746178842 0.2071110512380208
vn -0.0015229202285568 0.4142555355942713 0.9101593442598284
v -0.0693283715106411 0.1801834875315593 0.1198930377804328
vn 0.0291572272489940 0.3442824478448018 0.9384132630164291
v -0.0655313614964535 0.1688104172320018 0.1237855034158801
vn -0.6724520690905548 0.0969271300674400 -0.7337665475018068
v -0.0559216436907788 0.4724685888842245 -0.0732559371426769
vn -0.7312880103795877 0.4429187364926615 0.5186914677713605
v -0.0666144558960040 -0.2543888704736993 0.2739339105636359
vn -0.1888360861841451 -0.9779160860208022 -0.0895603777147530
v -0.0599847974625888 -0.5408164875190387 0.5029066514934755
vn -0.2570737857184862 0.3018482644124436 0.9180417713631343
v -0.0596130849074739 0.1990856310882086 0.1109456302031265
vn 0.5227387574073163 0.8325001531617139 0.1835420564611215
v -0.0651451648889102 -0.0722065706882375 0.1156979490215328
vn -0.6467520154398683 -0.2755019549092970 0.7112035597250790
v -0.0602778292369113 0.2918961775373282 0.0626544615285866
vn -0.5038154721173248 0.3500564864823743 0.7897027455484833
v -0.0536014692009093 0.3584624998673701 0.3036106600250181
vn -0.2383544002716586 0.2657480330357072 -0.9341119648140637
v -0.0618121958352873 -0.0570359634843926 0.5122218784561625
vn 0.7885789126479358 0.2684044045439202 0.5532651933281388
v -0.0573264366919185 -0.0974982423598272 0.1178707160184164
vn -0.4729730994605658 -0.8249432263300527 -0.3094594004370029
v -0.0596317706820295 -0.2521282685304059 -0.6224863552614653
vn -0.3739504077226264 -0.6784033382970976 0.6324001922449386
v -0.0512920676743457 -0.0609905890411001 0.1237307212351118
vn 0.0561207131248885 0.7046428888863806 0.7073392854212254
v -0.0493528574315634 0.2418082363453174 0.0862906339268345
vn -0.6839660004719210 0.1603486931847284 0.7116732443982940
v -0.0583353423938178 0.0394235643226171 0.1323808801383782
vn 0.0002854318649582 0.2040889464226539 -0.9789523075598430
v -0.0539203007793022 0.3553121430685885 -0.7216183831011127
vn 0.1786236718716340 -0.9743256942195802 -0.1370511781438898
v -0.0548684764659387 -0.2773246807095728 -0.5537835719205517
vn -0.1704694189960896 -0.1444354538495569 0.9747197427252657
v -0.0425750482098600 0.0045737525430247 0.1473117886421104
vn -0.3365184801847202 0.2383636554480489 0.9110093744059992
v -0.0427315933891966 0.2473140297666734 0.0451887908439452
vn -0.2210961926678222 0.1124197908543143 0.9687508783026033
v -0.0506991383222760 -0.1024583180327807 0.1113898551419826
vn -0.1937961471238827 0.9226962109240691 -0.3332787957646035
v -0.0444212885098668 0.4187581911061425 -0.1207674413682134
vn -0.0009623867478165 0.9156714346323307 0.4019264828424682
v -0.0604724009618198 0.3053033320873830 -0.5119340405623815
vn -0.1327143141844471 0.1687395812612380 0.9766851409365938
v -0.0485403902054144 0.3143858122099771 0.3107862141107327
vn -0.5850964503229069 -0.7793468570509474 0.2242334056833291
v -0.0288109828561613 0.3026733718139588 0.1794008080572577
vn -0.0522884312123441 0.3939558197858421 0.9176408513237720
v -0.0325068600198674 -0.6051073854006249 0.3847633690930090
vn -0.9551706140172049 -0.2881063097054782 0.0681458173763195
v -0.0406123308749339 -0.1355236891081412 0.1370662519373380
vn -0.0000460093886871 -0.9798069676870731 -0.1999457525305276
v -0.0422193423235227 -0.4995022548884218 -0.3869333818082496
vn 0.8978717854601052 0.3884242892032806 0.2072506415710437
v -0.0417304524822823 -0.1101981277032963 0.0839938736917050
vn -0.3855605499344310 0.7543295393133126 -0.5313473519776163
v -0.0346687060280538 0.4078029761256429 -0.0841272477963404
vn -0.2936925103105015 -0.9119984674559174 -0.2863625407513593
v -0.0453515711381509 -0.2820798898643606 -0.5473084956526948
vn 0.0348145450638594 0.9543347343619392 -0.2967038291669376
v -0.0208366216095564 -0.1732192748321365 0.2217266261191632
vn -0.0691162816749077 0.9928815186171150 -0.0970011834773470
v -0.0279241571029942 0.4395275405411996 -0.1138654845733277
vn 0.3916935735088203 0.7800641846855867 0.4879303354401131
v -0.0271831096315704 -0.1436338613043260 0.1286358847719437
vn -0.0304601241385366 0.9369751839812791 0.3480656338116605
v -0.0306230721644231 -0.0918301098962182 0.7552172411865155
vn 0.4634430282407156 0.8208947889155771 0.3336949281998835
v -0.0306469332488185 -0.0822573381407562 0.1128418444653767
vn -0.2515096650024005 0.3503738189930927 0.9022089976133999
v -0.0341379696810181 -0.4606991836861451 0.8459664584565812
vn -0.3368477639568547 -0.8960267213077903 -0.2892571496431483
v -0.0226854476666003 0.2888071145189941 0.2855898308024091
vn 0.1419752392942696 -0.0183108544341194 -0.9897008356252042
v -0.0318917494853969 -0.0753335168468612 0.5056333997664646
vn 0.0094566829646271 -0.9090397903480995 -0.4166020051694302
v -0.0267445447729093 -0.1091710343323464 0.1052553542040444
vn 0.0794121640949666 -0.6324004974543321 -0.7705603928396966
v -0.0349868732326504 0.1585049860875730 -0.6835570933382972
vn -0.4154845440004588 0.2052072134147156 0.8861504348920098
v -0.0302263615889826 0.1212869861573952 0.1434032293713516
vn -0.0939661341900792 0.3535002860332775 -0.9307029136087214
v -0.0068484464860222 0.4007101071964686 -0.1044253498926448
vn -0.9870355768578080 -0.1416976270174243 0.0753827069997164
v -0.0236934398863205 0.2503789125497742 0.3527436019749865
vn 0.8446235076258319 0.4648986250799191 0.2654814471194496
v -0.0215475509586469 -0.1738726549417704 0.1723662655545216
vn -0.4591993234940017 0.5562585312280237 0.6926127545307644
v -0.0098036692387297 0.4623162155188300 0.2786854377386231
vn 0.3876112470663615 0.5753115977776238 0.7202597355192207
v -0.0154769502715611 -0.1487423892621133 0.1268222081169852
vn -0.4849339693192791 -0.6004111783517906 0.6358816417466876
v -0.0193195397819835 0.2845035244342730 0.0929907883096206
vn -0.0932952620756899 -0.9949966703041383 0.0357438128618960
v -0.0013787351446007 0.2954356986423981 0.1211790570548638
vn 0.0094859435435705 0.9167817254110152 -0.3992759507251724
v -0.0169937276689814 -0.2414934580175196 0.4799252299857059
vn 0.0209483347677537 0.3924745984908217 0.9195242556941748
v 0.0137716180150851 -0.0858434913213644 0.7507174735965283
vn 0.1691160633938913 0.6300455424544116 0.7579197658957574
v -0.0134604905921914 0.2137218635776531 0.1016369136088407
vn -0.0636623083520058 0.9398512650236686 0.3355990317755760
v -0.0018690534415440 0.3908620182383440 -0.1105941992948030
vn -0.0553442196296903 0.3043454194696261 0.9509526186942430
v -0.0101641078921703 -0.0885180346991963 0.1149340207872388
vn 0.0764742833227939 0.7654663755451862 0.6389154184240518
v -0.0026817052097179 0.2218533588958554 0.0926369675904451
vn -0.0144419875609658 0.7209609794803197 -0.6928251547555609
v 0.0129249327840837 0.0549630050591306 0.5511234351318828
vn -0.7913970157189640 0.3054807374727402 0.5295019193017420
v 0.0027733678760910 0.1397181922103450 0.4592526377871347
vn -0.1140288190784873 -0.9240190210259203 -0.3649469512160163
v -0.0021111390568364 0.2875114884932793 0.2748755347351809
vn -0.0065819294585731 0.7822831715508415 -0.6228882064327106
v 0.0236262804934756 0.3536277117090688 -0.7319504317992250
vn 0.0457245318809730 0.3386894486775106 0.9397865313669853
v 0.0183748467896204 -0.4613478346619377 0.8454798266025385
vn 0.1271076766905983 -0.9917784279977772 -0.0148050087665007
v 0.0234135188750302 0.2867344516111590 0.1545118807425881
vn 0.0135429881152619 -0.9831667518015879 0.1822079186666286
v 0.0246916314215436 -0.1832628233363537 -0.7616753688416663
vn 0.1426579629099387 0.9877239672742377 0.0636401609868110
v 0.0219332002712129 0.3707810125959093 -0.1925400769988500
vn 0.0609014527633792 -0.6461845680645804 0.7607473411366625
v 0.0197442050682292 -0.5207192060226481 0.3854484347946621
vn 0.0012415510406807 0.2948658276172168 0.9555378601890284
v 0.0194906670657135 0.3067672162702708 -0.4825709972079756
vn 0.0002093235420820 -0.4645778424851639 -0.8855322605390979
v 0.0214611616579238 0.3601445981448601 -0.7312554013507846
vn 0.0469678706792835 -0.0636070903604347 0.9968691775653080
v 0.0202027534454127 -0.0797277479636408 0.1162771876534149
vn 0.0227799081703751 0.8849553606824292 -0.4651183563171646
v 0.0366154644468474 0.2957348482590980 -0.7272074795429758
vn -0.8041118350519280 -0.4988660711127658 0.3233215115360157
v 0.0209383984843149 0.0966474986827109 0.4972340133615603
vn 0.2275044744494525 -0.8628560403717856 -0.4513548135329918
v 0.0618959724918954 -0.5361465009761591 0.4713209739144232
vn -0.7490738993666056 0.6065979246644817 -0.2663217059881753
v 0.0355713189104229 -0.1352112900034246 0.1303763641282063
vn -0.2576040419693031 0.1472318061844329 0.9549675140070195
v 0.0255805446883285 -0.1267831409052449 0.1527082163865013
vn 0.0706899380297625 0.9495220590660713 0.3056317915536216
v 0.0376438309778991 0.1379618057954562 -0.5587113963568695
vn -0.0835248317517679 0.9854247189271775 -0.1481948913024062
v 0.0284164872118745 -0.1838504145205962 0.2107943682232592
vn 0.0286833487154014 -0.9786964297980185 -0.2032991977531707
v 0.0481476727555722 -0.2306482618851064 -0.6642632705375681
vn 0.5823143071193165 0.2505959075785894 -0.7733768414098092
v 0.0497585655954084 0.3512680362084487 -0.3970093177141024
vn 0.5914208151317986 -0.3083675050899831 0.7450710712632842
v 0.0338017531286185 -0.4445640136300684 0.8574658419085502
vn 0.2345266665980087 -0.9681748829970749 0.0873764189471439
v 0.0297514177958508 0.2892426016347184 0.1715879158336917
vn 0.0792773858312168 -0.0504654571684142 -0.9955743737805585
v 0.0790579056678790 0.3022906462501709 -0.4122086050462033
vn 0.0786539527866720 0.2490776734621438 0.9652843458244402
v 0.0425593462874546 0.0303093258700510 0.1440259514615109
vn 0.5972786063770931 -0.5735632780553845 0.5606098754308552
v 0.0404770473557118 -0.1032926157744688 0.0899945163090309
vn -0.0062543436273313 0.3790303144358492 -0.9253631200369141
v 0.0654789107212569 0.0524448301179071 -0.8542082048326076
vn 0.5065554642058225 0.0979378917592983 0.8566269497517386
v 0.0382236148467513 -0.4585041405740263 0.8431169001319139
vn -0.0942526262231437 -0.9776396127230496 0.1879819940440199
v 0.0455312150648197 -0.1044573099653314 0.0879071981890130
vn 0.2260661209310222 -0.0316294163420381 0.9735983201449467
v 0.0487376063980915 -0.3472889347427061 0.8606301991120788
vn 0.8679063514132636 0.2921062343567494 0.4017617615284415
v 0.0504288718833582 -0.1381360431543145 0.1418063425492981
vn 0.5779427472062226 -0.7692548861113940 -0.2724501810340203
v 0.0505721198867361 -0.2954245985121909 -0.5124013327475380
vn 0.1983635482740149 0.9535439398104280 -0.2267285989171849
v 0.0655721571667167 0.4237661198676938 -0.1366322747387309
vn 0.0781112130330402 -0.8601625474351606 0.5040030063286945
v 0.0497919929518636 -0.3006174030059133 -0.5294414375667813
vn 0.3898449335101211 -0.1015755828591041 0.9152613445258805
v 0.0528102345454054 -0.2498159911567018 0.8511519578622154
vn 0.2807908481960470 0.3789321241465999 0.8817975645572459
v 0.0569619106338046 -0.4498892357368042 0.8296502685020674
vn 0.2522218027678813 0.9483852728910782 0.1922226219044866
v 0.0624969302945209 0.5933649254083986 0.1445989158600262
vn 0.3898924615349569 -0.9169259873248417 0.0850329477707121
v 0.0572461763357486 -0.5661348096479679 0.7542092440615979
vn 0.1117509370215367 0.8884041354641912 0.4452525352706390
v 0.0823113308994816 0.0748637309443151 0.6003292503649961
vn 0.3673641341141723 -0.2233443687620245 0.9028626063299096
v 0.0659280756498015 -0.0525283279009794 0.1105316253711390
vn -0.0297166822779736 0.6563903137507311 0.7538359734110643
v 0.0898594765557049 0.3997926027381502 -0.1919949680647486
vn 0.6431720896397608 -0.4230750153460635 -0.6382297348904639
v 0.0593270965360061 0.2623235552576622 0.3117690254854319
vn 0.0939369809511138 0.2014060702632647 -0.9749930453448882
v 0.0649758100923740 -0.0982440048705885 0.5041759190549207
vn -0.4974881332172201 0.8558003253526894 0.1418145282905686
v 0.0671725959485357 0.2392582573709668 0.0494586671722534
vn -0.2664503155561223 -0.8937585914095957 0.3608321072487565
v 0.0673135700794798 -0.2272171433567535 -0.6590145004944150
vn 0.2505771549459525 -0.9659542357673754 -0.0643700537692634
v 0.0738185875014161 0.0716777077433585 0.5507780621494172
vn 0.2359658622631945 0.8772632127487048 -0.4180064202906551
v 0.0694117321206383 0.1209284294071581 -0.7595211151324957
vn 0.4574485689932479 0.2892147394186908 0.8408897913692428
v 0.0822650975152227 0.0194508485893695 0.1447123324166580
vn 0.2697088725074392 0.7275616928142401 0.6308019556406299
v 0.0758508929676946 0.3057634249836946 0.0619187464987072
vn -0.0038655827980186 0.8111632791000025 -0.5848069697852132
v 0.0868837191951682 0.2958203176029923 -0.7254182548515838
vn 0.8072861756959582 -0.2665450322443079 0.5265384851234290
v 0.0892884296123801 0.1073182334581016 0.1304811948435957
vn -0.8309629542444016 0.4381009650086944 -0.3428820688398085
v 0.0778359020910672 0.2701915273235593 0.0613250161092745
vn -0.0593673178783473 0.4682991269766931 0.8815732806980928
v 0.0718150349438279 0.4050114096001987 -0.2016452760301291
vn 0.7924089658698238 0.0226277926405247 0.6095703518129255
v 0.0768878792360181 -0.2721080774047534 0.8342221491985033
vn -0.0219191062208056 -0.9750378352865569 0.2209542317815753
v 0.0778365995259380 0.1990819692341824 -0.5293545488531778
vn 0.4439367349326551 0.7962018590530799 -0.4110751452201326
v 0.0937302117237029 0.4173636660347569 -0.1252798626234458
vn -0.1198835717988284 -0.4166909392561335 0.9011085341703275
v 0.0804165676376072 -0.4622138365472512 0.8082511604887671
vn -0.0014028999199357 -0.9801478897919953 -0.1982628205390846
v 0.0662108667077296 -0.5494007487212041 -0.1431876599951173
vn 0.2606503686233603 -0.1792699833760862 -0.9486430616395422
v 0.0790453326772002 -0.0444164515192324 -0.8051157955220556
vn -0.1363221234837246 -0.9897940297671411 0.0415217688232556
v 0.0822486406058360 0.3015151805539926 0.2875714662010913
vn 0.5687705534009204 0.2708340200184178 0.7766266742680642
v 0.0817112640578378 0.1691863037844075 0.1153246028856759
vn 0.6909592925588940 0.3130168569327805 0.6516100853289764
v 0.0887866825400569 0.1299368445840670 0.1218044968207828
vn 0.2433704116525442 0.9610033085560180 0.1313144458026529
v 0.0870730182809480 0.3570217418246739 -0.1881066557550719
vn -0.1807496629597524 -0.8652603154946790 0.4676046896364330
v 0.0856727858788352 0.3030879068697155 0.2990584716035566
vn 0.7563719263439564 -0.3816209346239760 0.5312880304462499
v 0.0924587678185481 0.2638286234065746 0.0773193501556511
vn 0.8264685271004349 0.4861471836325748 -0.2839202168894516
v 0.1028729303128394 0.0688114958814469 -0.7720186569193583
vn 0.5769166021954049 -0.3608925504555306 0.7327508451970638
v 0.0915678406176285 -0.0199612039186205 0.1229597250259957
vn -0.9656422592708632 0.0583185633504557 0.2532468603536911
v 0.0937357713376535 -0.1196638250796265 0.1320142133887605
vn -0.0808598346392997 0.1672467573442966 0.9825936135045470
v 0.0926553440986122 0.3205251980022110 0.3016426203177003
vn -0.0212435894401097 0.7322659606781210 0.6806873531510986
v 0.0864426618752886 0.4180595171276389 -0.2043944222848166
vn -0.0600578797072654 0.8334283473892222 0.5493543854863976
v 0.1159482242390959 -0.2564575584362193 0.2669192158675259
vn -0.2769214639891707 -0.5005701051771848 0.8202097735244298
v 0.1023116332169290 -0.2721141467464043 0.8254957020306686
vn 0.8387864136254254 0.3866396091491897 0.3833368818081018
v 0.0917134873077023 0.3769247174083084 0.2835084388363138
vn 0.9082272954094220 -0.1477390932706054 0.3915307653210228
v 0.0928484855905902 0.3103402220257949 0.0355499275588858
vn 0.0812311158833471 0.3798750025367749 -0.9214643174100837
v 0.0934244301635790 0.0188500863831191 0.5357043016959118
vn -0.6978234345416843 0.0949703973967825 -0.7099458273859668
v 0.0981611229017609 -0.0555888486375701 -0.8142235699290095
vn 0.7824078139962378 0.2522503645914326 0.5693924535512546
v 0.0973786397364327 0.0624757314288301 0.1334907206049594
vn 0.7584330441537203 -0.4259964955823126 0.4932608876520719
v 0.0977002097897360 0.2750101434738020 0.0727572592275611
vn -0.5461571536389336 -0.0997662265062424 0.8317205441599500
v 0.1062396844987461 0.3139031291098658 -0.5175062777485622
vn 0.9281782638330928 0.0577872440928135 0.3676217416964658
v 0.0982870260457264 0.3347730525704740 0.0154937180949262
vn -0.5722280152864097 0.2815196662781539 0.7702608493361280
v 0.0990145082740955 -0.3910508602225882 0.8208912996499821
vn -0.9229370235437652 0.1018104740425108 -0.3712436907846578
v 0.1029349193464590 -0.0301603319325276 -0.8243070121458945
vn 0.3542914370907171 0.0322226575340762 -0.9345797333270374
v 0.0989690479028226 0.3425895086263933 -0.1832261290424606
vn -0.3026006623863647 0.8750859291418538 -0.3777002194085566
v 0.1027372499251480 0.0770372277247084 0.5613485723852012
vn -0.7978157083478791 -0.4263754478780661 -0.4262558773320910
v 0.0998480809883597 -0.1912326628524001 0.4906931283879350
vn 0.0876061693039312 -0.9960587201403894 -0.0138630852331100
v 0.1122410541177791 -0.5241514297181206 0.4579618200069231
vn 0.3109204318320243 0.8739309770058781 0.3735948775062886
v 0.1228498577543042 0.3188450194765023 -0.4324563690189634
vn 0.0802827497077017 -0.4824430688756257 0.8722404286624410
v 0.1136542679654736 -0.3811641508505954 0.8411992585704480
vn -0.0830532320224678 0.4750972043325029 0.8760050268611831
v 0.1202022357645229 0.3313528522083115 -0.4915071010689009
vn 0.0502625387030524 -0.6814381234476750 0.7301477666303140
v 0.1052433207274553 0.3454807911442570 -0.1864037589960401
vn 0.1493518013544398 0.3961594800281297 0.9059534788365382
v 0.1134274410430721 0.2156069121862574 0.0923754500062494
vn -0.1429048981456920 0.8094127340449413 0.5695868819169403
v 0.1118097108864710 -0.3950942659193049 0.8585414739273506
vn -0.7825907323654466 0.5915281003472115 -0.1940264211784911
v 0.1069912687815767 -0.1107184356358554 0.1605060117257215
vn -0.1191753608407160 0.3280709075370143 -0.9371054972607540
v 0.1082107318143065 0.3020426114881951 -0.7505121012642862
vn 0.2181271809331028 0.2093116111682284 -0.9532099361464598
v 0.1066115495801507 -0.1116879398827589 0.4996760329057053
vn 0.5602378605529964 0.3980242727268647 0.7264366578878382
v 0.1169318623148884 -0.0508275976278524 0.6502110630492047
vn 0.8722332654984700 0.4341403844429075 -0.2252360032358056
v 0.1115889285157913 0.0698749390038264 -0.7233448881560481
vn -0.0369937678321593 0.3706455731651033 0.9280373485128129
v 0.1133651557507829 0.1847946487790373 0.1068253987980138
vn -0.2655431834426586 0.5333089776718529 0.8031614732180210
v 0.1111573459640927 0.2322323867813663 0.0797647763147813
vn 0.1367914354744035 0.2790140286971385 0.9504942266900124
v 0.1176566597278898 0.3184767773189847 -0.0276059630699708
vn 0.2216215085645289 0.5183797978337217 -0.8259335882136363
v 0.1323271315219325 -0.1761330161943417 0.4716730684305440
vn -0.0465199538862499 0.6312925388383474 0.7741483218979777
v 0.1422621411535218 0.3427741192737315 -0.4961269825682954
vn 0.5495103727142281 -0.4679057052598906 0.6921723782878904
v 0.1350850644184517 -0.3756565442079995 0.8412904896109820
vn 0.0384343994300635 0.7689267336775539 0.6381805976182747
v 0.1382308945982175 -0.3940457371370897 0.8558160742388276
vn 0.3699094174755016 0.9289412913353436 0.0153329747654931
v 0.1257826093415970 0.3205241914217949 -0.4436872274036961
vn 0.1450845915332611 0.7287469690688257 0.6692371152085236
v 0.1243324798791678 0.3331870886159352 -0.1830092735976258
vn 0.7920296875739143 -0.5960768576274739 -0.1318383624083811
v 0.1298049827385365 0.3950614280615934 0.0641790529180984
vn 0.9508115882434682 -0.2378756352757865 -0.1984250634473239
v 0.1314660961021000 0.4386248506470492 0.0153378658809226
vn -0.1559946338251850 0.8454055006016763 0.5108377567977681
v 0.1240470079958154 0.2591469274083433 0.0463752642716860
vn -0.2075628886861211 0.1858432339529024 0.9604061326512860
v 0.1305309723085889 0.3557840715413486 -0.0191802485659410
vn 0.2671223946212075 -0.2731138709049186 -0.9241506586110100
v 0.1319783735713468 0.4228061193338820 0.0453904994609558
vn -0.0863618584524811 0.5909758459640331 0.8020531022891996
v 0.1397476352640235 0.3116809038107348 -0.4775518486672651
vn -0.0141121555685005 0.4540827024221328 -0.8908477683792126
v 0.1427578781695100 0.1484178094889877 -0.6564220755941853
vn 0.0512199502701606 0.7379540154925477 0.6729044417394993
v 0.1317488216472451 0.3089709205774633 -0.4210606564119067
vn 0.5490839134771046 0.3703531082183122 0.7492298920850013
v 0.1286050003166616 0.5392126822504003 0.1270923231704159
vn -0.3962572528943601 0.8860430100104117 0.2406407570223803
v 0.1342436621417459 -0.0243998174287293 0.0790741066889448
vn 0.8662442227847300 -0.1913390444650120 -0.4615304069671844
v 0.1378222223204911 0.4622049937069615 0.0178969190536696
vn 0.0149436180694114 -0.9809945974232755 -0.1934587503974453
v 0.1489546239440650 -0.5213938928579461 0.3828160013664888
vn -0.0232748625197447 0.7918624700061210 0.6102557737297472
v 0.1372626709330321 -0.1725393389930645 0.7344476646122271
vn 0.8039989402998035 -0.3233956927313301 0.4989999297791699
v 0.1385173474115793 0.1151904674390289 -0.1866673063160157
vn 0.8493457638466910 0.1344524734509497 0.5104256124241834
v 0.1392478366269997 0.4542900645854123 0.0834636311322969
vn -0.8725836459028153 0.1305385002821400 -0.4706989280283523
v 0.1442799472616208 -0.1808785654488598 0.2805097258369000
vn -0.8009482913877517 -0.1609467099876948 -0.5766957526002582
v 0.1364069826929565 0.3940005676870237 0.0462357418105827
vn 0.0977063458412696 0.5638683153970170 0.8200646272542650
v 0.1375849863043940 0.2576224683134515 0.0543085925506982
vn 0.1953821990720649 0.9736278571204779 -0.1177904585471601
v 0.1537028325634758 0.3006804995677436 -0.4689909798686731
vn -0.0767226136018533 0.3351764748006051 -0.9390262889303685
v 0.1446489436171406 0.0051433847078091 -0.8396338473918125
vn 0.4981613308672455 -0.8289875551414643 0.2541946534629571
v 0.1455730186277445 -0.0090998428169054 0.0778580601231722
vn 0.4551939441020017 0.3264271688691293 0.8283983200592265
v 0.1485595002487431 0.0307804290274260 0.1081495654435665
vn -0.3316958484942247 0.9429054918467152 0.0301180599806883
v 0.1500429551661581 -0.0294563029602853 0.1129407062072701
vn 0.1698877673609245 -0.3012431111904473 -0.9382913910195597
v 0.1565572224516577 -0.0184722738517213 -0.8384810168206203
vn 0.8452790503474592 -0.1913548633911685 0.4988854009692455
v 0.1469223861366721 0.4566901793616294 0.0778074194584626
vn 0.0096857862350998 0.0790483704465639 -0.9968237259790473
v 0.1409316885874133 0.4949243655528254 0.0190054487492417
vn 0.8965211452512174 0.4236163335177898 0.1296111032835928
v 0.1468252781752184 0.3555037630797395 -0.0503583171253235
vn 0.4922506756512205 0.5997530227556361 0.6308609862849297
v 0.1430602493323833 -0.0583293122016899 0.6793471415468429
vn 0.2182868881559971 0.9222108992844883 0.3191831632465391
v 0.1407994733578391 0.0803682188218336 0.5561826519798814
vn 0.1974219111791068 -0.5304985073860989 -0.8243760808317464
v 0.1564954704658749 0.2861573690729026 -0.3885028318465628
vn 0.9435732626201265 -0.1813146273595518 -0.2771182129956037
v 0.1560593794293232 0.1042675903881470 -0.1507988586612888
vn 0.7716514721742751 0.4810793292859974 -0.4160729316177741
v 0.1561687198737716 0.0788627640085414 -0.1687182384803188
vn -0.3701305693725525 -0.7005243486969281 -0.6101385076346968
v 0.1622483703205122 0.0978680961120725 0.3529960076280187
vn 0.0162297204122544 0.6949185439224665 -0.7189052882598784
v 0.1637448881131168 0.1458416939875506 -0.6582250823427838
vn -0.9991914521442439 0.0283564784273479 0.0285017910503275
v 0.1525087846103810 0.1689865768732441 0.4224140071805645
vn 0.1510608979420735 0.7635084619567245 0.6278817035345204
v 0.1528838875834835 0.4388713955212442 0.0686609751186049
vn -0.7487058748151972 -0.6463579584606169 0.1471764334118537
v 0.1546689852164734 -0.1540412361831509 0.2847994832839661
vn 0.6191095194424848 -0.7260678286234820 0.2992138218292690
v 0.1551475665985071 0.2287480608171973 0.0560993791211821
vn -0.7804627308261924 0.1099088528461304 0.6154656528656736
v 0.1571403787405907 -0.2063627978467253 0.3704612387515797
vn 0.2984120016807387 0.2630912602758223 0.9174602258514395
v 0.1551341918932724 -0.5650602007006523 0.3664585250231477
vn -0.4032601254744120 0.5170443039267472 0.7550142111108021
v 0.1720434826092363 -0.0786001812617928 0.2274569130354175
vn -0.0815192761196917 -0.9860855193655593 -0.1448791086336352
v 0.1590576087463256 -0.2364643983089124 -0.6414481743533105
vn 0.4554707147518149 0.0964578218892159 0.8850097833356754
v 0.1582156116647510 0.1100805415586756 -0.1997763362261060
vn -0.0750048980557600 -0.3212272753744085 -0.9440271727144188
v 0.1632204900680740 0.1544914842729358 -0.6576435867674602
vn -0.7251303041503514 -0.5937549843263165 -0.3487707851734068
v 0.1648553353265385 -0.2118622666933171 0.2517270249116557
vn -0.6835778196310318 0.4547289267263289 0.5709141509078273
v 0.1679016376710311 -0.1471876666070510 0.3002914265660961
vn 0.6123055788697008 0.7870035003635077 -0.0755471276795263
v 0.1634755343225973 0.3873558359490266 -0.6783052754929414
vn 0.8771920937546090 -0.4796438289599121 0.0218134819568030
v 0.1686608219191245 0.2723900902175017 0.0078120833901056
vn -0.0163751269763717 0.9734550530429198 -0.2282917320485219
v 0.1847103415793103 -0.0232885410882353 0.1307943358424680
vn 0.9850579489606111 -0.0495092538894213 -0.1649535418499016
v 0.1681439734985942 0.1043855157556463 -0.0773222374558011
vn -0.0588820952498210 0.9955899055399519 0.0730317660059014
v 0.1637897432920044 -0.0177140643095140 0.0730950425067697
vn -0.2514352781044618 0.1815986165920349 -0.9506851441862290
v 0.1865984620272620 0.5348694129157221 0.0101258423914445
vn 0.1982385338239716 0.9046587410483988 0.3772188303253804
v 0.1695343932382357 0.3679375565533295 -0.5606489728911261
vn 0.6786426390922993 -0.4776564341069219 -0.5579323429969795
v 0.1910997499627579 0.2379324190382994 0.0326544384300899
vn 0.7463090404157919 -0.1744625214430523 0.6423282998633894
v 0.1729751791529236 0.2431765903871532 -0.4888387930112229
vn -0.1671631433400711 0.9510893116220137 0.2597799161348524
v 0.1733871795446816 0.3799445112110761 -0.5851317435782007
vn 0.9575854121803488 -0.2823339271738060 0.0575997564752450
v 0.1767251336251220 0.1087666249165320 -0.0174494841389006
vn 0.9723902732886702 0.0895196193439065 -0.2155072949255021
v 0.1730758390592021 0.1780949560633347 0.0111785336722213
vn -0.6206920190402316 0.7816426708178120 0.0614504081073378
v 0.1737788641254939 -0.0832526649345507 0.2313674338311593
vn 0.9851650151304965 0.0008558120362799 -0.1716075771890247
v 0.1736615508363115 0.1133300489374756 -0.0371547134599188
vn -0.6781809081945197 0.7276174876707715 -0.1031670848484688
v 0.1911683513917163 -0.1586684655661994 0.6994020937438443
vn 0.3846860902169932 -0.9011234190939902 0.1999829881612936
v 0.1752837986771831 0.2385100251462094 -0.5066875284972004
vn 0.0938063898347847 0.9906333769050902 0.0992263764720943
v 0.1872391611524759 -0.0172056355450183 0.0687041804142303
vn -0.0192244545192129 0.3408854817189303 -0.9399082448312132
v 0.1894265415256291 -0.0651374212795260 0.5056348489037298
vn 0.7529347923176373 0.5585695834210126 -0.3479787622750460
v 0.1781975943918421 -0.0255827114376897 -0.1576580444009585
vn -0.1859727646555805 0.4137104216503453 0.8912114327275282
v 0.1899592405215239 -0.1899400773267320 0.3711021075980113
vn 0.0112020853530405 -0.6789596680439755 -0.7340901051324408
v 0.2102118997598337 0.1885203351287918 -0.7142627090167979
vn 0.3725984669233036 -0.2726930455988283 -0.8870224829892641
v 0.1933138064103504 0.1814176778852358 -0.1823631097760749
vn -0.0809613086409744 -0.2922012405789943 0.9529237647929858
v 0.1840229747221057 -0.2268960588037344 0.3646944773042217
vn 0.3012486388138083 -0.7671286251832049 0.5663593647476429
v 0.1823143071121444 -0.6453992254110211 0.3422916170197671
vn 0.8231274352798423 -0.0613180352614747 0.5645363795552076
v 0.1870993933936582 0.0384881861088532 0.0864112206627002
vn -0.6192049884197846 0.3508412680805356 0.7024924105836989
v 0.1863250944434194 0.1158634226225744 0.4367613369217425
vn -0.6826249928262645 0.3763646709091645 -0.6263966424402183
v 0.1861871991946585 -0.2026794683731827 0.4660362935028221
vn 0.4919637294385905 0.6566428029625543 0.5716571684448236
v 0.1960127152817694 -0.0466033868456263 0.6235104729364670
vn 0.9055130151487948 0.4243158225755120 -0.0015040306529721
v 0.1948877438409671 0.0702347917577025 -0.0328370486183822
vn -0.1304285366697432 -0.9621991340529430 0.2390841342497573
v 0.1900240836680848 -0.2942328924789116 -0.4924523320425449
vn 0.9873145634882106 -0.0926387700299956 -0.1289496452550907
v 0.1919500828471593 0.0654869719614286 -0.0669914087463864
vn 0.0434979355423969 0.4882495551156723 -0.8716193558732490
v 0.1933936848004671 0.1804158751552610 0.3848980256887450
vn 0.4589631143271203 -0.4833018628720943 0.7455012870756923
v 0.2270388250069829 -0.6371757562603642 0.3236987533649373
vn 0.5697656201819111 -0.1442345172076683 0.8090510132893927
v 0.2162730795992187 0.3248088831677494 0.0288230925341947
vn 0.0474273671239402 0.4314985028131093 -0.9008660760167052
v 0.1984794596471339 0.2111672230788029 -0.7269366781873604
vn -0.6404242570860019 -0.5668608202337200 0.5181945401292808
v 0.1917264402510652 0.0884692823172512 0.4172279636823260
vn 0.2677101032672253 0.2090548162510447 -0.9405463223100144
v 0.1828191875046560 0.1805242099755973 -0.4864366047449277
vn -0.0818060374970608 -0.9932833698651256 -0.0818285975586156
v 0.1967812781033472 0.1126004499526068 -0.1140830326013327
vn -0.8075296271444642 -0.2792022642783641 0.5195594257693311
v 0.2040510857028257 0.0766167666803696 0.2236997129267213
vn -0.0146457730243335 -0.7491408008754531 0.6622488669648323
v 0.2117813017765833 0.2591807732149313 -0.4914245266225019
vn -0.2292726879368420 -0.1493833272052724 -0.9618308874845402
v 0.1924887418113714 -0.0272956713089873 0.5226778827176570
vn -0.6623590821966998 -0.2099910126538501 -0.7191552133136182
v 0.2037518483447224 0.0680174570464912 0.3592679701639016
vn 0.7242571077776215 -0.4816779077507151 0.4933944010814149
v 0.1999783401571771 0.2618657911562610 0.0227501033968715
vn 0.1961928282126536 -0.4707940315430890 -0.8601519365910451
v 0.2045665475900328 -0.2996071834813927 -0.5056963799370133
vn 0.4724026709001374 0.0764266635442853 0.8780630282763904
v 0.2098090442925103 -0.5111907357208401 0.3329066519758823
vn -0.8027370488199481 0.2199682876393025 -0.5542807798263197
v 0.2020384381831205 -0.1416924777357194 0.4787143884070546
vn 0.5234897508368158 0.4850737091134508 -0.7004726814771065
v 0.2101476035504162 0.2790247487090926 -0.3626827898107509
vn 0.1249236884826361 -0.8457805566959965 -0.5186996452388447
v 0.2204640000000000 -0.1917960000000000 -0.7212780000000000
vn -0.0830815450283638 -0.6764457897052596 0.7317913298650972
v 0.2032791602783211 0.0596891310798746 0.4273304710102791
vn 0.2110344378005276 -0.9699280756039369 0.1212600272862373
v 0.2034926120551981 -0.5202900075951260 0.3685375212470577
vn 0.7350136466646888 0.0285308990033802 0.6774517894424185
v 0.2046199104775389 -0.1058316436971314 0.6472606297655940
vn 0.5318047860030781 -0.7831121747304636 0.3223646869201777
v 0.2041143496440580 0.2073682505874947 -0.1886414903026260
vn -0.4161948994686367 0.8614324786117182 0.2910599430515350
v 0.2175327333479941 0.1487439884883852 0.4113700689025845
vn -0.9041144678472216 0.3008189368570905 0.3034550975968355
v 0.2104619354780155 0.0062642787487563 0.5255173807929042
vn 0.9368378710495200 -0.2425779873404293 0.2519736562128460
v 0.2107614843198201 0.1592095394684837 0.4142084774562650
vn 0.0133554667810635 -0.6126504890838518 0.7902411086069727
v 0.2120076741620974 0.3347841931884580 -0.5132309179690395
vn 0.0457154776542276 -0.9365264178741004 -0.3476037452714680
v 0.2008559044517694 -0.1703853249958672 -0.7524743404646927
vn 0.8508571395717895 0.4205277272474039 -0.3149580268160275
v 0.2090918970376472 -0.0475720954121602 -0.1174750240151603
vn 0.9215067362730927 0.3765536521656080 0.0950404232106271
v 0.2052690846071604 0.3290174545188183 -0.0509791484481069
vn -0.0942199053776260 -0.8491704728246248 -0.5196461464433605
v 0.2165183979286464 -0.3082798124229181 -0.4749041678712348
vn 0.0501037626365278 0.8046801440326579 0.5915906344502452
v 0.2362700964772576 -0.0983954318191436 0.2840415580859679
vn 0.1137384325032979 -0.1072435896115572 0.9877056147754353
v 0.2248733319329449 -0.2077871956137876 0.3666613829757704
vn 0.0795890758748104 0.5664268323290357 0.8202598506687306
v 0.2047514827283967 0.2777005218065280 -0.4912995721692047
vn 0.7402787499425888 -0.4144221601586422 0.5293785465551873
v 0.2142978464847101 0.2790052623575621 0.0296394094972961
vn 0.0663356628483398 -0.4013790349854011 0.9135066776486419
v 0.2206365019068519 0.0613820172473347 0.4195134654571551
vn 0.3087001396694227 0.1189785541580348 0.9436886814085155
v 0.2273425968651375 0.4632156592656048 0.0558388903789911
vn 0.4616023597670195 0.4438979817967725 0.7680350533759975
v 0.2307730571875670 0.5994266095450286 0.0752679444151115
vn 0.4655299909036035 -0.3512932766416102 0.8123268193010076
v 0.2080578190166302 -0.5848782058498686 0.3249286364275624
vn 0.0209146483540027 0.8551171431416859 0.5180127884419746
v 0.2390482775484150 -0.0577765655070500 -0.1707931754542965
vn -0.6687538554467282 0.7408793728061807 0.0621774539158462
v 0.2275971303126391 0.1604202407618662 0.1181544169561736
vn 0.1848136782060472 0.9104633462213851 -0.3700005399121866
v 0.2417657905490755 0.3213040400379919 -0.1114580820057522
vn -0.2498807214640845 0.0987584455529684 -0.9632270731621646
v 0.2285513838013162 0.0359328827451740 0.3467056789386409
vn -0.6616250845743890 -0.6761525095816223 0.3241450774705776
v 0.2232540393589864 -0.0136356239604824 0.3700344219402968
vn -0.2429633901605612 -0.8304069127922055 0.5013912147501245
v 0.2376980603966761 -0.3061096610816038 -0.4841057095296005
vn -0.6723064886934685 -0.7401477391674554 0.0136128419502921
v 0.2245849870539679 0.0425559731268431 0.3346080814581948
vn 0.6719769940478820 0.6819971312499727 0.2886638744927746
v 0.2298918436132840 -0.0423848910540617 0.1177350785755056
vn 0.9286650242966759 0.0329268509513353 -0.3694551327759340
v 0.2298510365254696 -0.0550026410762194 -0.0427550489827278
vn 0.1497967057262603 -0.8034257717676231 -0.5762533958365532
v 0.2302043815474552 -0.2833211931229193 -0.5039438954730465
vn 0.9402101258417351 -0.0451468000329235 0.3375895225143338
v 0.2302538913843706 0.3129428659359558 -0.0379742497916981
vn 0.6609824342815539 0.3286203414291485 0.6746190723439568
v 0.2252246717001206 -0.0555703851331000 0.5984476136146661
vn -0.5916659186063731 -0.5465102667443390 -0.5926702026445297
v 0.2305464253204660 0.0571742820843398 0.1167570887736433
vn 0.1555624505398953 -0.2958278954026337 0.9424893528754958
v 0.2389682855343339 0.1335965785602430 -0.1859563660842089
vn -0.0270238784034642 0.4352945267700856 0.8998824284094239
v 0.2424078540797404 -0.0408071042613200 0.5814600477461066
vn 0.0838872663426498 0.9201593961230505 0.3824521045464649
v 0.2322084068034670 0.1511330934719251 0.4197083818685414
vn 0.0744390921471532 -0.0310604076778943 0.9967417281498706
v 0.2446041099891165 0.0682720644857798 -0.1835332535326351
vn 0.1571649281976771 -0.9456061546678548 0.2848300995310924
v 0.2445019721227936 -0.5443944481483518 0.7226340369950478
vn -0.0003249141251906 -0.9805537102844685 -0.1962506450388743
v 0.2359351263691717 -0.5587337409471395 -0.0965538798499951
vn 0.1176256789300715 -0.0755071252908373 0.9901832525783061
v 0.2591246248652313 0.2662195121530649 -0.1899695008610380
vn -0.5848515203917444 -0.8056487862258591 -0.0942270255726298
v 0.2406386857429085 0.0478905005068922 0.1106319646956419
vn -0.1169919420688127 0.9908623064689109 -0.0671176214572436
v 0.2410264586923455 0.1640924982147613 0.3118451698062210
vn 0.2412676899672635 0.1630342202532362 0.9566659525687530
v 0.2539111612991449 -0.2864081341772370 0.8420743966165667
vn 0.0505030909165824 0.4201317765636855 -0.9060566914544105
v 0.2472756810835908 0.2127228067166242 -0.7129793929741165
vn 0.7074455424106516 0.5103724802659185 0.4889179234907571
v 0.2423883337392154 -0.0604233802097580 0.0251792696867030
vn -0.0498203398185663 -0.9172239769305738 -0.3952443673020841
v 0.2439207064763834 0.0473672876303602 0.2791777390416848
vn 0.0922801204095664 -0.9916853808009345 -0.0896910524127220
v 0.2442288755385137 -0.4968842533335669 0.3116575195413576
vn -0.6338358713941316 -0.5639601919144931 -0.5293401459079126
v 0.2478719709495997 -0.2838497737040273 -0.5256872815701760
vn -0.4757505914607350 -0.5961132851071786 0.6467691443192757
v 0.2402038456447650 0.0413262274599224 0.1926585171891708
vn 0.0324301528952790 -0.9992454700112672 -0.0213723149225927
v 0.2544547934116548 -0.5449061948306573 0.6712164986623106
vn -0.0827015024696350 0.9923662962775256 0.0914854933948075
v 0.2476824255998699 0.2881389344169230 -0.0119943011407857
vn 0.4559404945182051 0.8224930891949567 -0.3400343860332825
v 0.2509465350964098 0.0217181408008194 0.3458890779943148
vn 0.8709484374314953 0.3146939251650208 -0.3773811770608981
v 0.2583554457940826 -0.0853951051248601 0.0587471608873559
vn 0.6504918476105906 0.2639884996994759 0.7121589908290000
v 0.2604969263669044 0.2519505516516539 0.0023287687362797
vn 0.4763048977984806 0.6598309612994910 0.5811684324219345
v 0.2482862662221156 0.3013614045217834 -0.0305882050245251
vn 0.5156272111839759 0.4401882548393081 0.7350937895181539
v 0.2555973428864313 0.1414644171027762 0.3587132881803792
vn -0.2593807321784094 -0.1707496808406596 0.9505609829292412
v 0.2805821295374142 0.2932268291572196 -0.4978813751136024
vn 0.6549849609918467 -0.5647737739279661 -0.5020211999086013
v 0.2600017064145840 0.2096156606819275 -0.1567773169381052
vn 0.0261598550263910 -0.6949431940894176 -0.7185886298667662
v 0.2730251887818622 0.1871254669582741 -0.7113074692263406
vn 0.3896331283891289 0.2479551770129589 -0.8869635028873357
v 0.2493068359144204 0.1947847706749386 -0.1518940386811892
vn -0.5453999675753373 -0.8307500020944871 0.1113252414721423
v 0.2618088701578052 -0.5188094002160017 0.4782251385155421
vn 0.1863563858274832 0.2128045619561172 0.9591587542591599
v 0.2648451827042442 0.1394640257946810 0.3591734449609804
vn -0.1507955082550130 -0.9116295930378280 -0.3823508856898287
v 0.2584991295706636 -0.1718395210583070 -0.7643883050402380
vn 0.3771416178207556 0.4751947481403022 -0.7949554399130921
v 0.2513242323470271 0.1920227336390631 -0.1563076965597086
vn 0.6361529386342004 0.0006802930247465 0.7715626843416364
v 0.2622172296345560 -0.0819377848779200 -0.0184869131192101
vn -0.1980210950870205 -0.9560805892670033 -0.2160961654620391
v 0.2574430177922117 -0.5454558867434905 0.6930512163127291
vn 0.7428673005402713 0.3955562511569806 -0.5400772407338099
v 0.2542499039721671 0.3387887998400761 -0.2913012507791355
vn 0.6072096250439365 -0.1970233413473834 0.7697261033759439
v 0.2735656415473564 0.3863435341248931 0.0068753745626549
vn -0.3206329337248879 0.7770792842064809 0.5416108454121970
v 0.2735241643140786 0.2740242464452854 -0.3353029253728333
vn 0.7043128579018786 0.1182392943921678 0.6999734762515866
v 0.2672409811157492 0.5807464568024194 0.0500046932200405
vn 0.6622185029811041 0.7394528025407622 -0.1211453966276808
v 0.2630934577812609 -0.0708884612035347 0.0983286330486354
vn 0.4766035347003766 0.4844180154442130 -0.7336131521614079
v 0.2709242292541965 0.1381973023211646 -0.4555537699033758
vn 0.3471232753246027 0.0723135140402060 0.9350273725485672
v 0.2866416116413011 0.0135138011785718 -0.1763820635991095
vn 0.2706107197831498 -0.1176635648346945 -0.9554711528083082
v 0.2845471281736334 -0.1705456290307765 -0.7796165659202452
vn 0.9092946080246040 -0.1172412655330876 -0.3992966334363237
v 0.2755387496302435 0.2889119168039554 -0.1046514641594644
vn -0.1320496751085247 -0.9482286603813290 0.2888343659178445
v 0.2703721117514028 -0.3262839372258386 -0.4061086378095038
vn 0.7411739629367986 0.5681742876990797 0.3575459906951895
v 0.2731254786588812 -0.1193549652129174 0.2156794503848295
vn 0.1848431451490715 0.6694609001789101 0.7194825326740343
v 0.2809913619449829 -0.0698770692593266 0.3719980647006648
vn 0.9938697065774793 -0.0085070235348625 -0.1102299274161634
v 0.2758049892863372 -0.1579697981277719 0.1648522838085389
vn -0.7163145211250258 0.6092941946794705 -0.3400795365136227
v 0.2812597344657392 -0.0214945725089991 0.4284194379910004
vn -0.6874023125464457 0.6816777194792631 -0.2505864071959005
v 0.2790770846995566 -0.0665363215450065 -0.1219940993644107
vn 0.2793366053273958 -0.7183641008196195 0.6371217148848295
v 0.2982966378826604 -0.3706549470919459 0.8075911830590202
vn 0.8715999325743726 0.2329673448918707 0.4313232821798300
v 0.2815516060118030 -0.0653315879841500 0.0251925663634146
vn -0.3355140677946299 0.9223649405587292 -0.1915025502179868
v 0.2838362661864308 0.1018901388099203 -0.7187981563391872
vn 0.5389080598657376 0.5932913550131343 -0.5979828351035048
v 0.2895929011288943 0.2521136174531501 -0.1024268815483098
vn -0.6265135269555819 -0.7358755319118347 0.2568423681465958
v 0.2822594166875734 0.3287085528668874 -0.5242211248277298
vn 0.8899251102368038 0.4387342024859116 0.1246819864257223
v 0.2855776170337272 -0.0728364649128495 0.0218747045577775
vn 0.0767991362645983 0.6969260516116011 0.7130189136720537
v 0.2891195093265905 0.1706510419262489 0.2121096881447175
vn -0.5831712728395106 0.7125643673631091 0.3900811311754995
v 0.2871552902783165 -0.1832314189796590 0.3638057628688984
vn -0.1593465036822278 0.8565544190905130 -0.4908393004851623
v 0.2893457289831933 0.1885841634102124 0.1517187984364906
vn 0.8128042055338287 -0.1354745290326527 -0.5665650672693320
v 0.2863178320513696 0.2655266964757108 -0.2755660179752507
vn 0.1853083714149582 0.7812773208169639 0.5960424107902077
v 0.2880702684176584 -0.1118047110547128 0.5651535099147851
vn -0.3761350173239280 -0.8161325036127690 0.4386914465652160
v 0.2791957181474933 0.0277856170140285 0.1977304392890524
vn 0.2300944344467447 -0.8704935356027048 -0.4350833893755713
v 0.3064157758860098 -0.4971049939963533 -0.3967034625712685
vn 0.7996094348913234 0.1141896393707367 0.5895638030723728
v 0.2920308830714189 -0.1241199862283706 0.3493290800197354
vn 0.8723602948055719 -0.4029942819974129 0.2767365619576230
v 0.2895255261971915 0.2263603503630265 -0.1034167214163652
vn 0.0650441137353079 -0.9976069720324550 -0.0234433918327758
v 0.2969957708295825 -0.5307449811211488 0.5532215658476504
vn 0.7805269247334714 0.2222941011199564 0.5842628281633022
v 0.2966577609312067 -0.0757248972306156 -0.0515034039731264
vn 0.8972152901334521 -0.4377558314002251 0.0580909220605342
v 0.2917784098730231 0.2095000000918656 -0.1208493298713407
vn -0.1771461095050449 -0.8415885605166167 -0.5102430310105135
v 0.3135686662937985 -0.2455791362259483 -0.6002840218442057
vn 0.1812516518198408 -0.4769952766421847 0.8600135724357056
v 0.2925716351483930 0.1834544213017960 -0.2042881974204460
vn 0.3459934448030825 0.7967017591300424 -0.4955349060887561
v 0.3069550649249482 0.1779591627363783 0.1481449857919397
vn 0.6708432196894537 -0.0156693384474709 0.7414336426338543
v 0.2929797594976642 0.0953707165751531 0.2705565328457504
vn 0.5545774019480376 0.0241289868669775 0.8317822414799068
v 0.3027402581184256 0.1039539193566348 0.2729479729479024
vn 0.2113595080158961 -0.9032293674155792 -0.3735021662712694
v 0.2950348303530749 -0.0408650923523826 -0.0426190223126991
vn -0.6978339868059649 -0.5870117053680219 0.4104204973188098
v 0.2913788161108790 -0.0696096356260095 0.0064312053817910
vn 0.6357008438270368 0.6853240846413354 0.3552679779660827
v 0.2931567742100660 0.2001294620159859 0.0109415726659842
vn 0.1908944481879414 -0.9434312498448463 -0.2711029075226094
v 0.3042052761611875 -0.2686923972400847 -0.5508085584764026
vn 0.5841184311434652 -0.7640121921253866 -0.2740274232303373
v 0.3049046381885012 0.2637727223092696 -0.2519657361459258
vn 0.0975403461530396 0.9318307340944286 0.3495387873604063
v 0.3004404945108398 -0.1382340724433698 0.6299639664735722
vn -0.6233199555008693 0.4539215636906825 0.6367318486545180
v 0.3016563261919079 0.0123150750639008 -0.1236942551024471
vn 0.2737686248157435 0.3776655817750117 0.8845447690247445
v 0.3113804294972400 0.1459898684648981 0.2578811291957156
vn 0.7398514886128913 -0.2061005044678871 0.6404235761239363
v 0.3223707348283910 -0.3460597189833710 0.8067279363110339
vn 0.7071540669800267 0.2131085535119958 -0.6741794048868839
v 0.3199351787363803 -0.4267038258976097 -0.3686053886883597
vn -0.2981005630434913 -0.7717468859225182 0.5617319631123455
v 0.3070608998659730 0.1950825376108850 -0.5147361856199383
vn 0.7533871545180584 -0.3317422927817042 0.5677630197424990
v 0.3101627246273166 0.2675076418912601 -0.1998740713067587
vn 0.5695322602717844 0.7657079511153222 -0.2988717753627596
v 0.3179929861094504 0.2710073918999883 -0.3577948364649796
vn 0.1020422263161178 0.9946062375040871 -0.0185961384812450
v 0.3336838689068400 0.1376686151781132 -0.5714030935156194
vn -0.6450818997153185 0.6264306043191744 0.4375546144562867
v 0.3214069177678933 0.3629008006428048 -0.5081936544387891
vn 0.3166678915758037 0.6917286651749232 0.6490245759755590
v 0.3085326802337855 -0.1070826566076581 0.0040083516144535
vn -0.3124221503017648 0.1527556468538327 0.9375809897577321
v 0.3085007911905123 0.1968006782919551 -0.1662613843772683
vn 0.2902928372677775 0.9191743240631207 -0.2661740607462135
v 0.3109240186919491 -0.1222252911536646 0.2135303465038619
vn 0.0108452123752737 -0.9377019201492774 -0.3472714936715844
v 0.3174018767846735 -0.5393307371545200 0.6720275389524871
vn 0.3147146131046553 0.9386376401743827 -0.1411173013710698
v 0.3087991578328390 -0.1295144715839529 0.3341816722608138
vn 0.1801468175367981 -0.8536033198487457 -0.4887826679359280
v 0.3191816801584246 -0.2989695950584709 -0.4459688949651531
vn -0.3204868084302248 0.8234444477260912 -0.4682173075947546
v 0.3161251135765084 0.0379544774139643 0.4054191386060717
vn -0.8570373533286594 -0.0393977784882024 -0.5137458418805950
v 0.3198907872191880 0.2685174872025581 -0.7130248546297369
vn 0.6337204701596435 -0.7258984164738531 -0.2673384646125448
v 0.3134436944816476 0.0597893558575948 0.0223299085965142
vn -0.5678771763881704 0.7570214557984599 0.3231625411432755
v 0.3228094740280647 0.3812680941447807 -0.5436420869002200
vn 0.0269386667979997 0.9818771278760806 0.1875942802565287
v 0.3178142029970029 -0.0100318487697989 0.4628074734281060
vn 0.6920438367270275 0.5773948294549648 0.4332326614728020
v 0.3159053685697291 -0.2160246965175314 0.7639624043004811
vn -0.9546234673347167 0.2456248226209757 -0.1684116448653636
v 0.3168043736247266 0.3718406856320272 -0.7078302052464955
vn -0.9998596569035639 -0.0161544710523532 0.0044384188294973
v 0.3168072289884484 0.3364332159834825 -0.7130141437439160
vn -0.8658591241826922 0.4093689424081785 -0.2875848501941484
v 0.3171547051931512 0.3828731935048001 -0.6929440767210632
vn 0.5565236234426307 -0.7004044442225584 -0.4468949217249776
v 0.3218997459140966 0.0609613577763153 0.0391773652689579
vn 0.6871058132592415 0.7265461549116137 -0.0040356125316766
v 0.3227777907019055 -0.0854878642180774 0.0557893318504671
vn 0.0963684147303819 0.6773857384513772 0.7292884820049165
v 0.3213416618663964 -0.2426066447982869 0.7828397321603932
vn 0.8048254917292168 -0.4467411721788203 -0.3907406466482826
v 0.3333291817760982 0.0962538229780008 0.0005615702793833
vn -0.4300523293553361 0.5438286546736175 0.7206284676391381
v 0.3237793949497625 -0.2433048469760163 0.7877303227779607
vn 0.5656147676180340 0.5516050047806226 0.6130349527990773
v 0.3271721682120475 0.1329659361894377 0.2223399265439479
vn 0.1929044502448541 -0.9197916064179670 -0.3417181204425459
v 0.3301352477657494 -0.2561140723331115 -0.5632963463363434
vn 0.0558925704422747 -0.9967111068137529 0.0586769982485406
v 0.3332431219405462 -0.4998655055168682 0.2824286021553135
vn 0.9360164416752450 -0.0520137409389749 -0.3480916426275501
v 0.3288823590351146 0.1291020919481030 -0.0539291924171982
vn -0.8343650518109728 0.5482260880411127 -0.0572984878300562
v 0.3263681949283125 0.0046100745073636 0.3503348199435394
vn -0.6833920375096993 0.6076241902192820 -0.4046827974212687
v 0.3257766871512378 -0.1422348373435462 0.3222374474470577
vn 0.3297130039017178 -0.4967777742668579 -0.8028083071646509
v 0.3291680796699863 -0.0346779343575606 -0.0674133346535547
vn 0.7817508173143818 0.4888916551199528 -0.3871054238606964
v 0.3262300395878771 -0.0728036293201229 -0.1233112114261887
vn 0.9606361900066036 0.2733730642370890 0.0494497542887837
v 0.3369521309246593 0.2015169646117415 -0.2136460360549643
vn 0.2704906471022797 -0.3281693884360036 -0.9050633471330775
v 0.3468220151957317 -0.1737183268437011 -0.7600642653296951
vn 0.9487032547529651 -0.2852615550942726 -0.1363377409462533
v 0.3307250032573604 0.0017175744641033 -0.1632195632427699
vn 0.3496182833207824 0.2909146975287468 0.8905816608989805
v 0.3305844889606644 0.0503122530434834 -0.1326729819419208
vn 0.9957558566917748 0.0920270790518931 0.0011360392625980
v 0.3328170868559858 0.1815282206372725 -0.2277832674793053
vn 0.7399700514683408 -0.2556564166337996 0.6221608470194071
v 0.3317671850012190 -0.4849765479820482 0.2324714367062038
vn 0.9946388156654991 -0.0652902173616540 0.0801923555484020
v 0.3342432747386382 -0.0392635290953721 -0.0513926644578226
vn -0.1917333388399731 0.9010367764614534 0.3890643317514841
v 0.3567260701510949 -0.0497051953400245 -0.2224947107027271
vn -0.5791578921312045 0.8044334223393342 -0.1321476636402114
v 0.3426344681244651 0.0130470360239316 0.3283305493500434
vn 0.9895982583539966 -0.1406367971329535 0.0302750450853697
v 0.3374928533337799 -0.0114395769948977 -0.2110649093277942
vn 0.9909384454861742 -0.0631191013100808 0.1185621200352464
v 0.3421777549893135 0.0179630350175894 -0.2153967351878505
vn -0.8561989607369194 -0.3879187616828207 0.3412365366831142
v 0.3471184712844596 0.2062418370768541 -0.2079859142328228
vn -0.7825642366886343 0.5185725896210078 -0.3444933740287275
v 0.3546006071664790 -0.1756516290560121 0.2556197762556752
vn 0.0347645290831537 -0.8643990818951037 -0.5016030848554746
v 0.3409052126453702 -0.2549192964171319 -0.5679588746920107
vn 0.6052136548705651 -0.7329895357301639 0.3105523667085655
v 0.3599902487365909 -0.5527129286151218 0.2067875281704853
vn -0.0853355939164798 0.9184169541619678 -0.3863005756127934
v 0.3594881526562972 0.0014049864830928 0.3814875080293095
vn 0.6976995147333008 0.2971475298966174 0.6518579083030712
v 0.3579268038129603 -0.5298649179957422 0.2170390499453046
vn 0.8585891398373943 0.4702236087569845 -0.2042411484516329
v 0.3467541491952319 0.1952878092679227 -0.4069113629197941
vn 0.1194056240568349 0.9550177412168448 0.2714468841314511
v 0.3858411512116871 -0.1499512706937848 0.1586803365258095
vn -0.1592132621159005 -0.3002131752141804 -0.9404909285018295
v 0.3548863923326513 0.2432542809965343 -0.7805026542971839
vn 0.0566860542545167 0.9591994885892823 0.2769892278467037
v 0.3811597457836368 -0.1431908110661347 0.1337911624364790
vn 0.7167522615151656 -0.5204371928219577 0.4641242548504615
v 0.3518019397799458 -0.5565443214684972 0.2052328582788922
vn 0.9775285417315422 0.1410069565538543 -0.1567003136679186
v 0.3570309086895726 0.1148858395176772 0.1491329783939314
vn 0.9555069002923168 -0.0194133019925869 -0.2943292156744092
v 0.3588593871397701 0.1009950465924828 0.1565295526607279
vn 0.8102248310945203 -0.1149902504348569 -0.5747286015005562
v 0.3628822857644765 0.0875592632320829 0.1592463721911259
vn -0.1664841360982106 0.9317943818071682 -0.3225558284394035
v 0.3597766395246331 -0.0034275831099747 0.3740608732000844
vn 0.6375367127239693 -0.6655388520038560 0.3880785698830904
v 0.3681876449449724 -0.5501287466346414 0.1988749450518626
vn 0.2287407977555357 0.9502814450459026 0.2112884820420465
v 0.3588702325352225 -0.3766826760016893 0.7871764596434008
vn 0.3818915835958310 -0.5398764467056196 0.7501281494992589
v 0.3927957426093824 -0.4939617046979286 0.7727253004814756
vn 0.1328091701854091 0.5066856694111010 -0.8518399830532067
v 0.4107322651816018 0.3458647834734453 -0.7541719679516493
vn -0.0087005033427623 -0.3833913278234359 -0.9235450129752015
v 0.3673797601057255 0.2244415978130716 -0.7715193228587666
vn 0.0050996070548850 0.9632030128347701 -0.2687265339967524
v 0.3589676232084077 0.4186369012166121 -0.6844170526129479
vn 0.6819933546150435 -0.6766290686867555 0.2775935295878009
v 0.3779102839881910 -0.5467018279529461 0.1873208262814031
vn -0.8075951676860068 -0.5613662830504506 -0.1807150834444434
v 0.3732174281632494 0.1679772078666646 -0.1536357730055397
vn -0.6298448657760930 0.7714470738102178 -0.0903596002932062
v 0.3724614530738806 0.0263521110630551 0.2598041312605637
vn 0.0872827524012780 -0.9446855975041916 -0.3161500324235406
v 0.3756211289999239 -0.3045529346189820 -0.4465470018278659
vn 0.2933584252001761 0.5452630360052727 0.7852573182915175
v 0.3811869167558030 -0.3550579433567644 0.7634041727688807
vn -0.8735456121535663 -0.2981224009655180 -0.3847610914967964
v 0.3705161103743449 -0.0599386522007314 0.2424562816787129
vn -0.5948392043029253 0.7865535670523445 -0.1658306581470862
v 0.3800569846389644 -0.1675062658706748 0.2049643317564602
vn 0.1183921478835369 -0.5037655850702851 0.8556889239778180
v 0.3876676834578498 0.2069050707483262 -0.4626881381059904
vn 0.6563616889813926 0.2931220764933690 -0.6951753602579058
v 0.3813833699049913 0.1261556347432877 -0.3802656684839272
vn -0.3648448838154325 -0.8718675706127165 0.3267034589158547
v 0.3817921524257828 -0.4916058217640137 0.3637939518839398
vn 0.4989607440391290 -0.8578807571930264 0.1227956935150350
v 0.3753767137606579 -0.4698490124948104 0.1753738433078260
vn 0.5119840935702333 0.7800938953138876 0.3596189683888659
v 0.3816021820401747 0.0300631122477676 0.2963365801360571
vn -0.9448689674131193 0.2171125233378957 -0.2451219831625010
v 0.3787461826274531 0.0257349436225750 0.2270582639737452
vn 0.2776286942877297 0.8382847352321204 -0.4692558052756556
v 0.3825565063353151 0.0795404872605290 -0.6980985996035465
vn -0.9562966302419762 -0.1777564479351449 0.2321624435719985
v 0.3841856833724506 0.0836663778184941 -0.1427207566129707
vn 0.3944600817770019 0.1081036002846382 -0.9125321120322178
v 0.3869478809013734 -0.0910457678661146 -0.7854118280332969
vn 0.9342688766848560 0.2770518104491986 0.2244637173015689
v 0.3857897309056328 0.4669182937815626 -0.0861217064263667
vn -0.8744527785307064 -0.3380776313236319 -0.3479020743234078
v 0.3876702109917693 0.0207073565717950 0.2164875498837946
vn -0.0673743074854810 0.7330234955487801 -0.6768583734166987
v 0.3841964407573600 0.0514391293093237 -0.7408307047321453
vn -0.2219616912377237 -0.9747849986508571 0.0229611416993602
v 0.3923324937348488 -0.1993889855785472 -0.7002565993065678
vn 0.1216097709068822 -0.8843857751500543 -0.4506360663908442
v 0.4063459953944640 -0.1858888477296285 -0.7280101586727681
vn -0.3609672809967437 -0.4392950000078774 0.8226314636688150
v 0.3900792447067031 0.2275371310838880 -0.4485020157949242
vn -0.3456641988001448 0.5397290475132960 0.7675993857073130
v 0.3896143914063548 0.3345261116260237 -0.4536947985936728
vn -0.3383577871910598 -0.4959650544570895 0.7997078670392994
v 0.3901169739674701 0.2074432075781399 -0.4601872138623783
vn -0.4319932142560022 -0.4391751060108605 0.7877227234865816
v 0.3905940672316158 0.1731625706791977 -0.4795587356666322
vn -0.9743042573631975 0.1132537308735470 -0.1946915676837863
v 0.3952827849872068 -0.1451868976714516 0.1649060961553699
vn 0.2056333928060002 0.7616805278123251 0.6144572249673943
v 0.3936718475062724 0.3638911593113415 -0.4769400721164059
vn 0.8201062639224425 -0.3393235748457701 0.4607442104129580
v 0.3878509483198372 -0.6078943952383368 0.1753905921735761
vn 0.8981454070681321 -0.0032261467496905 0.4396867290919395
v 0.3970970838631062 -0.0666936268633393 0.4045841685644881
vn -0.2061346635411658 -0.9041165562626940 0.3742749700133007
v 0.4007614157596976 -0.5385925947107925 0.6876103524159900
vn -0.2037016733507373 -0.8825626241567969 -0.4237792381837247
v 0.4010372950811829 -0.4816608175020166 0.2807566886712575
vn -0.9906159164078318 -0.0199309710028501 0.1352141359265196
v 0.4044820000000000 0.0623380000000000 -0.0486310000000000
vn -0.2738291257153521 0.9525553027112614 0.1328759014517789
v 0.4032262260820083 0.0192367383279491 0.2649491801811544
vn -0.1087454429745382 -0.8825255156276214 -0.4575184618116218
v 0.4006334585438563 0.1633107369466766 -0.7157128870241746
vn -0.4722971667734670 0.5712759833518426 0.6712519177649634
v 0.4036294737880498 0.1250034780995786 -0.0725026792754988
vn -0.0407025866560423 -0.4219529085524167 -0.9057036173073747
v 0.4121058003501634 0.2290114336004245 -0.7716272362254155
vn -0.9308592521224731 0.0727482577900457 0.3580624857849575
v 0.4089926245481870 0.0821146206743736 -0.0370408507337698
vn 0.5091739346740333 0.7962390905151541 -0.3267188623023830
v 0.4120387214524420 0.4132339491442937 -0.6820159802346670
vn -0.0603873926566866 -0.7939749629320917 -0.6049438990890899
v 0.4143665985595863 -0.4888935740807836 0.3111598514474306
vn -0.9878203980860555 0.0508899105091803 -0.1470410763476461
v 0.4063817231320885 0.0442723826175613 0.1345973180220729
vn -0.9939683706649516 0.0145260287958165 0.1087008399465470
v 0.4109817676562956 0.0110407351217740 0.0008879234491783
vn 0.4984675843053542 0.2209900436786340 0.8382681360947105
v 0.4097673177210895 0.2968847300082575 -0.4698198398773726
vn 0.8648457025895742 0.1982232471509904 0.4612477154428662
v 0.4090568473968368 -0.0418946575410611 0.3623028961529334
vn -0.9952224782265587 0.0841657227287998 0.0494808038548867
v 0.4116988121110994 -0.0080150783334221 0.0180503353006931
vn -0.9176652340249675 -0.2596989873344411 -0.3007440011693790
v 0.4105180327604223 -0.1102783940085199 0.0623325494154545
vn 0.3818861052570343 -0.8488650431854426 -0.3655012189711409
v 0.4164055599770129 0.1520836793811340 -0.7003261926746538
vn -0.9995822424463104 -0.0240238338101981 -0.0160684783058506
v 0.4195104600779467 -0.0559154337457123 0.0412694760052760
vn -0.7519593404285265 0.6538297270535968 0.0840466439741323
v 0.4200807773086229 0.0698199487076545 0.1155437047739141
vn -0.9716586523931099 -0.1210100020578834 -0.2030665965429980
v 0.4200790634308470 -0.0560285905884588 0.0146786803702868
vn -0.5680287248835605 0.7381913368212895 0.3638913545952336
v 0.4214614771784182 0.0742812308628611 0.0365179611911335
vn 0.7294120223212031 0.6583944898916932 -0.1856739006256664
v 0.4237149749236150 0.1605904088848923 -0.2873562112096674
vn 0.0411401538376287 -0.9990551683683840 -0.0140092219140024
v 0.4613192731764840 -0.4994902203648852 0.4077363517008698
vn -0.1262497451553250 -0.9136768317697442 -0.3863361864172422
v 0.4483389491902733 0.1545675443374098 -0.6920308653057363
vn 0.9453659498860402 -0.2064165813852577 -0.2523398813610093
v 0.4457199871551982 -0.5387191987311926 -0.1636575749105945
vn 0.7992007127608294 0.3775989584946290 -0.4676507749019068
v 0.4346904484745534 0.3332369794479814 -0.7181954157067354
vn 0.7924578276563204 0.3673860509297988 -0.4868655676554186
v 0.4349017161308220 0.3262491343791290 -0.7229800266839883
vn 0.8479275370295082 0.3229034331766316 -0.4204191536904767
v 0.4356246869997970 0.1076571965219789 -0.3078486056395962
vn 0.6930768968626326 -0.6451675205293215 -0.3215638124685540
v 0.4359435285002332 -0.3882358582244697 -0.1288463328075098
vn 0.3469461407284512 0.7136491590149329 0.6085501238771648
v 0.4388503549694702 0.3421066478148121 -0.5057676667005157
vn 0.0289288549542821 0.8523430682251164 0.5221823583764859
v 0.4415296483948420 0.1023498501098210 -0.0490010391145207
vn -0.0310944652223723 0.9796895218567692 0.1980948636300031
v 0.4449428358116966 0.0998098460216671 -0.0179855814046121
vn 0.0723782430973655 -0.9704610896447893 -0.2301448748323258
v 0.4392385069691811 0.1282485676631095 -0.5897432872637297
vn -0.0777951854186704 0.8694471201642894 0.4878622903686023
v 0.4435353178775153 -0.1402288678612777 0.4548256801457367
vn -0.3486872009151801 0.9207788858434554 0.1748813292001808
v 0.4444573667730401 0.0636262870695003 0.1178667620353051
vn 0.1211853561758863 0.9752559904992978 0.1849050092446319
v 0.4485535260304790 0.1339239587165328 -0.1647366177940359
vn -0.3015004471876377 0.9255511984739453 0.2290250190461688
v 0.4458136901055476 0.1118721003617966 -0.0626158461853229
vn 0.8676098689982702 0.0256297548413629 -0.4965845656920643
v 0.4582173162050617 0.1047606309853425 -0.2716542527952253
vn 0.8820714352021104 0.3017746324679781 -0.3617762490812602
v 0.4486784720356205 0.2038577751063656 -0.5429911702169058
vn -0.0142262488323410 -0.9759229467410487 -0.2176511333956908
v 0.4492615923159883 -0.3318300581666289 -0.3102419261722714
vn 0.6939789319819351 -0.7199919839430223 -0.0021874695433927
v 0.4537723364079549 0.1884453804740334 -0.5643327447155230
vn 0.4492298870781604 -0.5116123048751574 0.7324243019289245
v 0.4481154554871830 -0.3328595194755014 0.7437704245117402
vn 0.0974603580098012 0.5605269701828459 0.8223812949686052
v 0.4648438899598746 0.2606398802043338 -0.5279101331881028
vn -0.2493094258135981 0.9163140286835811 -0.3133901897605590
v 0.4559101063532124 -0.1963068511659494 0.5492094857656445
vn 0.8034408164941375 -0.2045909026199067 -0.5591291594581753
v 0.4786053277776316 0.2739563056185038 -0.5112477389738591
vn 0.3125097871820869 0.7810998014936564 -0.5405744472521591
v 0.4665163062194342 0.1796851755495129 -0.5499998641953349
vn 0.2699035396327396 -0.9107194883836296 -0.3126373182650756
v 0.4668491166376350 -0.4923878832180740 0.3771356429068041
vn 0.2782776512042111 0.8678266988001730 0.4116289223194370
v 0.4565598937561238 -0.2118610845137024 0.5913627134413461
vn 0.3393647686312225 -0.8641803892137592 -0.3715155564848295
v 0.4581139995481859 -0.3636161331096806 -0.2520416370507385
vn 0.7708938480096953 0.5443607721541412 0.3307476754877531
v 0.4599730027805048 0.2835625257650723 -0.5808407420593329
vn 0.8323487928647409 0.3749782058310260 -0.4081505018597349
v 0.4753388511172799 0.3301998924444190 -0.6810570445210989
vn 0.8816851428510477 0.1007182460404523 0.4609632781364069
v 0.4619657235669337 -0.1808795776036276 0.4896021733135950
vn 0.8738093005473506 -0.2257819172504046 0.4306736956440237
v 0.4670054157490656 -0.1750036589328156 0.4883368147649472
vn -0.4615355056826411 -0.7848843540157093 -0.4134507562160351
v 0.4742504428904384 -0.4682355712648990 0.2218405619281589
vn 0.3982682686993429 0.7757265801251478 0.4895208463738501
v 0.4749337560079025 -0.1243321767668956 0.4206722675398639
vn 0.0864049157678788 -0.9147959644620660 -0.3945662605128120
v 0.4958759827008354 -0.2540379119526034 -0.5447007873202810
vn 0.9198410783583535 0.0329235087231712 -0.3909071924867804
v 0.4769786267566802 0.2555230495446593 -0.5128486196466455
vn 0.0413162324144634 -0.9758537428802961 0.2144817974691346
v 0.4811129625078402 0.3195484247588573 -0.6031102683999900
vn 0.4565669181081243 0.6924609283991883 0.5586094448984762
v 0.4695411948075013 -0.1852499437199272 0.4874767631125682
vn 0.4652251750179220 0.8780514794859486 0.1122102308262519
v 0.4813977784368398 -0.1470145332502243 0.4109656250575390
vn 0.5117955636478859 0.5857682617026125 0.6284431912370777
v 0.4857148352665893 -0.0784344406964732 0.3964355078295348
vn 0.3280523883694161 0.8971306741792315 -0.2958685247400252
v 0.4996256749395523 0.0968851867377580 -0.5807449777856805
vn 0.9795408876058559 0.1842980843844984 0.0808323301689132
v 0.5005789847740149 0.3249973866678076 -0.6227393302126883
vn 0.5215451088598486 -0.3910357909802086 -0.7583414202038888
v 0.4766641156447795 -0.1871422929440847 -0.6725141544474209
vn 0.9385283853099601 -0.1831262259311567 0.2926247688485889
v 0.4799096964383225 0.1622699661536125 -0.5625653574617894
vn 0.9138492500678770 -0.3787871747033512 0.1462867882983002
v 0.4920296250166167 0.3129084512610295 -0.5610885246972703
vn 0.4093645019365316 0.5604299662711794 0.7199576080989353
v 0.4995496057643217 -0.1966636650384480 0.5884908353425420
vn 0.9386184614028886 0.0608820152956544 0.3395419916994271
v 0.4909659695333452 0.1968043442132000 -0.5744473509978382
vn 0.8572434817140063 0.4807426379993132 0.1844454636696433
v 0.4904379278246727 0.0652048917214251 -0.0633339302666110
vn 0.8618656897615443 -0.1778614640436571 -0.4749240280509130
v 0.5099756826815067 0.1911880002987681 -0.6864334708575491
vn 0.5002052027504510 -0.5062780204154167 0.7024794097947832
v 0.4900544043493570 0.2924713237251584 -0.6283976681204663
vn 0.5695122464856734 0.4880751487816793 0.6613912988878693
v 0.4927486637123155 -0.1169273562817250 0.3953979236652480
vn 0.2578732338384794 0.9639326450911880 -0.0658426229519355
v 0.4907001713439053 -0.0206701600249947 0.2087401942896540
vn -0.4101461641602696 0.5330371236117927 0.7400348295021552
v 0.4868776941871099 -0.1790659523156020 0.4517908495948236
vn 0.8188364574674476 0.4220144571229412 0.3891152193134960
v 0.5050772128267121 0.2776028775567278 -0.6036048771324062
vn 0.8523842943341474 0.5178640961212477 0.0725106386746161
v 0.4953140999392565 0.3412141942786519 -0.6066456505198276
vn 0.1800033460938800 0.9737853372903440 -0.1390716084373003
v 0.5006953063832614 -0.0688710287218133 0.3637808191336732
vn 0.1864009914174944 0.7733463331183464 0.6059621435791041
v 0.5001697988134788 -0.1528086038083793 0.3779289902228528
vn 0.0500421198781071 0.9791817759694706 0.1967201968466343
v 0.4950704569090456 -0.1994034976152923 0.5118855488617273
vn 0.4184544758718216 -0.2474594187794892 0.8738762427713415
v 0.5025355257280116 -0.3342634414337877 0.7115337507564018
vn 0.2011819508112116 -0.9784825301525759 -0.0458013193479053
v 0.5097825711613296 -0.4960183172816769 0.4371574227660976
vn 0.3650838308519102 0.7963913403156982 0.4821562293703767
v 0.5028557181571527 -0.1934856950411686 0.5810201444890999
vn 0.4655943481590533 -0.6473415198612275 -0.6034657070837598
v 0.5050640935751139 -0.2468665417639175 -0.5580565685449834
vn -0.3923908843379242 0.8699848423151877 0.2985896314849523
v 0.5108101518354875 0.0555181154812879 -0.0782642230308667
vn -0.5038519593491690 0.7576535034404237 0.4148425867536444
v 0.5024034996174469 -0.2156060340169678 0.6103636790540466
vn 0.2960298602329473 -0.5009140405181260 0.8132966530499599
v 0.5075186876254358 -0.3164652276259851 0.7212634058726535
vn 0.8154234361751770 -0.1667643438143612 0.5543232571058451
v 0.5118409313741398 0.2373085888563010 -0.6716461047937081
vn 0.5596439423077809 -0.2633440758509371 0.7857789482751629
v 0.5096704698836872 -0.1349586822663217 0.3521616299073009
vn 0.4764200968843325 -0.5666867296142798 -0.6722276710786275
v 0.5129779523623004 -0.2448638944286684 -0.5506728334579847
vn 0.6338741287646201 0.4267564090915879 0.6450446156523959
v 0.5172036062872298 -0.2467619637131993 0.6914335932777211
vn -0.2468322972174086 0.8814354365559315 -0.4026728054311975
v 0.5186211128276804 -0.2437324265424576 0.6753464991156636
vn -0.5440765284636628 0.6036854981259909 0.5827045139067512
v 0.5115725026413001 -0.2054038695582972 0.5854236329860704
vn 0.3511889572884802 -0.5981144096811621 -0.7203648167493920
v 0.5276493729348475 -0.4450981187493170 0.1438296651659595
vn 0.4067301956983069 -0.7473764802002972 0.5253560171451658
v 0.5160826430616621 -0.1283483131292290 0.3664944926565317
vn -0.3449256106168905 0.9231363605357416 -0.1698398745801191
v 0.5229997847797156 -0.2094723386493351 0.5304053196956340
vn 0.4754993532975363 0.7359151667891290 0.4820054276700140
v 0.5245770904221314 -0.2447941973897045 0.6851126298429819
vn 0.4635389952890395 0.6835869470072480 0.5637734347481600
v 0.5258345231993381 -0.1914299554778982 0.4031790837172804
vn 0.9981514084223958 -0.0514371464186346 0.0323726092969884
v 0.5345382652045007 0.0452137162508301 -0.0960208428916491
vn 0.9829022818641198 0.0650626671549677 -0.1722496840316063
v 0.5367480873142193 0.0353599824174389 -0.0665161569943010
vn -0.5497520477696537 -0.7916657339920253 -0.2665296448726489
v 0.5368481410369627 -0.4226324634730904 0.0281923594178626
vn 0.3413404481146801 0.5306468411701311 0.7758225495801414
v 0.5336415315110624 -0.1099271744150827 0.3653878661391795
vn 0.6807536004414616 0.1392073521545049 0.7191632975841569
v 0.5397860078656533 -0.1297012202887758 0.3495409222252465
vn -0.5746147754679661 -0.8031052420597700 -0.1576065670903886
v 0.5377356490398258 -0.3976250203898096 -0.0642696622545463
vn 0.1945445765179374 -0.9728273858927879 -0.1255359908729811
v 0.5673736319351147 -0.4864271791573396 0.4479132038749667
vn 0.4171416873480232 -0.1928752503240989 0.8881396007885587
v 0.5443070319055591 -0.1006038365583851 0.3461489725824619
vn 0.5154569481402177 -0.3725418671052525 -0.7716972799405899
v 0.5403826724197708 -0.2064108234001619 -0.6270462614181728
vn 0.9195432796266920 -0.2230644678349697 -0.3235465964631510
v 0.5409503659931633 -0.0024450908724138 -0.0575908631517723
vn 0.5820718332194543 0.6731125488482134 0.4561928074351951
v 0.5463539364011767 0.0901840566011759 -0.2817806449891335
vn -0.3279173023541309 0.9321006191820660 -0.1538137787624986
v 0.5523458121746362 0.0750173543217060 -0.1955300882275743
vn 0.0760161258941321 -0.9525965639520022 -0.2945867188976556
v 0.5564292563154831 -0.4787530990414539 0.3978357728882844
vn 0.4488299730969831 -0.6215343108548789 -0.6420644482292351
v 0.5654843758884989 -0.2014443565385085 -0.6001330416866476
vn 0.7986227766967442 0.5865623319173533 0.1347081709357634
v 0.5654008700916925 -0.2163704641421093 0.5502026320381374
vn 0.3006127771126693 -0.5526548169709130 0.7773059960629760
v 0.5652296932599684 -0.3360287120412348 0.6615078724727097
vn -0.1357567294996577 0.0025671612733347 -0.9907388758288197
v 0.5767829819101505 -0.2073675479347081 0.5599974693993477
vn -0.0134053235355247 0.9227258730919824 -0.3852236498808799
v 0.5652210013834950 -0.0042991852684261 -0.0479510742975136
vn -0.3746186154216417 0.9183498933052485 -0.1276493887404505
v 0.5730692277486272 -0.2323153385362081 0.6388744658574790
vn -0.5155052337146050 0.7470831791757728 0.4196678179292174
v 0.5768325622954321 0.0051964379303006 -0.0903422046062949
vn 0.0576119493482193 -0.9505558497617067 0.3051629724853556
v 0.5669605416600475 -0.4280970600489747 0.1490767147846312
vn 0.8420100096646120 -0.4304871796895929 -0.3251152591735737
v 0.5773751290787387 -0.4950967837457119 0.6086432312577528
vn -0.5208820814147985 0.5211479241849909 0.6760818725410866
v 0.5841222654736853 -0.2053463120298318 0.5254739441337688
vn 0.1770445637571710 0.9552955869201321 0.2367816801506254
v 0.5982646459979586 -0.0534535411681244 0.2723805567550913
vn -0.0656633038419022 0.9930163566397362 -0.0980145192025675
v 0.5852475379269034 -0.0233373431553228 -0.0281054856685326
vn 0.4648697852557017 -0.7515960738146601 0.4679737434757488
v 0.5765174106154667 -0.4936619731225443 0.5840851077948012
vn 0.0172502570544408 0.6369365955571301 0.7707231681165739
v 0.5693516890477680 -0.1960463946213733 0.5223344711414996
vn 0.7787310377877835 0.0445168027998042 -0.6257764976846326
v 0.5783566199084482 0.0102946915881581 0.0073321492606533
vn 0.1430210713244084 0.9757137735967664 -0.1659144513620699
v 0.6018328005511085 -0.1044157088182664 0.3401931612043538
vn 0.2224133040395451 -0.9647322138517538 -0.1407980033342340
v 0.6100585763206164 -0.4737474926188923 0.4208217626469166
vn 0.8923403660778287 -0.4115800172764187 0.1852850788564189
v 0.6036174582311177 -0.4549026195506182 0.6544302250278666
vn 0.3056756608561980 -0.6488060914699245 -0.6968594162610179
v 0.6266398180697582 -0.2082837975518944 -0.5649880277361286
vn 0.9775861126995617 -0.1655149809488775 -0.1301160379755408
v 0.6016512907240220 -0.0178132559842346 -0.0883177989491057
vn 0.3062210083139923 0.6597463620756987 0.6862677551765367
v 0.6006720464189489 0.0801313259803972 -0.1956314793225105
vn -0.4464009090457339 0.8131147686868946 0.3735914899277020
v 0.6004924639140804 -0.0125224933338039 -0.0364923737292685
vn 0.2714199290595404 0.6584771374660634 0.7019537602604697
v 0.6077202253606230 -0.1954039182901308 0.5143338705010154
vn 0.7198039044155777 -0.0268032317312349 0.6936598056373539
v 0.6046258289712124 -0.2937461399634123 0.6340149766089475
vn 0.6249852057432398 -0.3885966811956789 0.6770421788675977
v 0.6041340607675866 -0.4350043376084868 0.6562067393574444
vn 0.5975287514405131 -0.4896641038345500 0.6349712250313777
v 0.6035624731042747 -0.4462854582504008 0.6506552083068661
vn -0.2235110720742156 0.9727211578994717 -0.0620995139670669
v 0.6103487736818990 -0.2460076200242550 0.4588896181312182
vn -0.0482166604139732 0.3758455134501880 0.9254270925782797
v 0.6214633559572224 -0.0868995561300572 0.3436392243054907
vn -0.7488218694894989 0.1637818226936909 -0.6422159468040204
v 0.6140896644067885 -0.2082649620403060 0.4807510791656847
vn 0.6163622241116304 0.7031393864906583 0.3545315385881836
v 0.6076606983084044 -0.0547381578252402 -0.1205789254832184
vn 0.2327626299398700 0.4298676965031182 0.8723733842836897
v 0.6086423522244818 -0.0265987909396427 -0.0268413285634190
vn 0.4378854749473213 -0.3145049857318553 0.8422249846566916
v 0.6141851923486582 0.0342534065612603 -0.2086359668916798
vn 0.7257527451240743 -0.3867267273900610 0.5689687085130817
v 0.6184165043851629 -0.0010233682184919 -0.1367253125368219
vn -0.2682198041529826 -0.9109236718343834 -0.3134903519279346
v 0.6209411422809712 -0.4587697862616840 0.3365834956515514
vn -0.5693040843828568 0.7659342099165327 -0.2987267071832275
v 0.6199360506775984 -0.0193120887290089 -0.0058358993152569
vn -0.8115493941108298 -0.1347326778324698 -0.5685373219432799
v 0.6268007830213085 -0.2105345795465081 0.4695930181395551
vn -0.1778488249315240 -0.9358168915493031 -0.3043296583665088
v 0.6178392224204506 -0.2836706675837777 -0.3299594242068100
vn 0.3497115688514118 0.8980006155662714 -0.2670144435308357
v 0.6404461694678831 -0.0154645237699851 -0.0235289712738780
vn -0.1927760375233135 0.4026333966266641 0.8948316865632807
v 0.6217876775567437 -0.2139049145228072 0.5806935118165106
vn -0.9703068768842267 -0.2406794293745700 -0.0240411511186413
v 0.6362519900721023 -0.1991802840268613 0.4302215734863633
vn 0.1304185398235484 0.2571009963503989 0.9575437755768275
v 0.6382310863638267 0.0588801667684594 -0.2087344953393169
vn 0.0168829513638142 -0.9975883060644788 -0.0673241231406008
v 0.6331178444427603 -0.2948854983881958 -0.3146975549260952
vn 0.0470371883454420 -0.9127910503190340 0.4057092571904545
v 0.6374364357931145 -0.4142276192263723 0.1141027488823751
vn -0.0947762465863963 -0.9582948310243283 -0.2696080115928465
v 0.6383861425999567 -0.4364895046803645 0.2359663150628220
vn 0.2104935843906756 0.9266770031323788 0.3113875122672049
v 0.6478589568277326 0.0770031984410874 -0.2381661021494603
vn -0.1345625530241213 0.4300663100835878 0.8927126571605881
v 0.6458569454934365 -0.2030602830035347 0.5604403594315571
vn 0.4916876399592914 0.7706566494328826 -0.4053783336540638
v 0.6396689669873518 -0.2155334291558291 0.5310605416653476
vn -0.3555259004252746 0.9020883826743687 0.2446178324872073
v 0.6457058873737801 -0.1960087344410853 0.5576797728805457
vn 0.1823273348296453 0.9484004573260014 -0.2594095517087793
v 0.6672520514500739 -0.0054425477370885 0.0636435485054499
vn 0.0098291517414612 -0.9664249205561039 0.2567610965550887
v 0.6558488537866956 -0.2374536991775520 -0.4906598880124596
vn 0.0445674869046671 -0.9744478265753744 -0.2201480692477933
v 0.6504771256010231 -0.2942579092474676 -0.2910992917196730
vn 0.3411751104711973 0.9175431404123501 -0.2042403718102983
v 0.6647745584017912 -0.1959385724423430 0.4950178133263831
vn 0.6142111978306170 0.7839963416446700 -0.0899685542134175
v 0.6547616374742495 -0.1797964708121439 0.4146768412708585
vn 0.4135271398613527 0.5192348074060458 0.7479241401212395
v 0.6513366910486036 -0.2749888804387262 0.5769872971203325
vn -0.2408441190858562 0.9703423623987459 0.0207318604128700
v 0.6595241869019814 -0.1873650210369983 0.5565163582014830
vn 0.5850790778661797 0.7453145749786889 0.3196696059490127
v 0.6606405446650092 0.0273058757941630 -0.1838026962150777
vn 0.6251536966953302 -0.4952813874619501 -0.6032240071001226
v 0.6591826551633986 -0.2125282861855851 -0.5311985495505314
vn 0.5601043960842856 0.7082092789261575 0.4297937676722987
v 0.6559668857933565 -0.1824556712560197 0.4503636489736297
vn -0.3340066967992036 0.9065444403418632 -0.2581021196707665
v 0.6612570440527683 -0.1726049853033414 0.3897285635925521
vn 0.6396046697453021 0.7646547353090493 -0.0787972220922234
v 0.6597875980039688 -0.0392202166896146 0.0121297386696142
vn -0.1354322386163773 0.9224034282681265 -0.3617043326566104
v 0.6705538559058215 0.0260538120253382 -0.1766604286387509
vn 0.0157023737941041 0.5195843081293757 0.8542748867916861
v 0.6709469445342645 -0.1843664267234617 0.4549653079294217
vn 0.1553935928785983 0.9249523040328299 0.3468660642908727
v 0.6676542502939447 -0.1894505630472311 0.5361183779023400
vn 0.0891905379064811 0.9830319372927449 0.1602911669756813
v 0.6696871444658711 -0.3066451649810333 0.5945785043830918
vn 0.2861667864228482 -0.9474138177376755 -0.1432327766544461
v 0.6730629714769606 -0.4115413381637578 0.1700227433418092
vn 0.6827326516056890 0.7000622615918497 0.2092581093443432
v 0.6920747153618073 0.0566153954445259 -0.3931900002920186
vn 0.1987540127264311 0.9481901058001044 0.2478555339062021
v 0.6870071248427942 -0.0479157934007877 0.1738773394248894
vn -0.2784391353045595 0.6578782541342211 0.6997627102583837
v 0.6829987131434394 -0.1051967818835708 0.3693098711670342
vn 0.3076015726172351 -0.9432790194744323 -0.1249238325651165
v 0.6683560811336657 -0.3981309231441089 0.1033866579496824
vn -0.1397049687870707 0.5144543880699348 -0.8460609932456361
v 0.6692257890313572 -0.0281158977222305 0.0236397358029555
vn -0.9048421994613115 -0.0142699810317928 0.4255078867839801
v 0.6895124223688474 -0.1839472432874472 0.4540470094240055
vn 0.6573742506052143 -0.7454358767968067 0.1103831881466055
v 0.6773557045253149 -0.4584255989857293 0.4796230046550339
vn 0.5374787918730090 0.8383288703043927 -0.0912209049554512
v 0.6921137299227003 0.0365117630781482 -0.3625124988223749
vn -0.8054818890506029 0.5882837866056746 0.0715619509820787
v 0.6788200224712706 -0.1647742635389221 0.3844410833966648
vn 0.5720721887818115 -0.4283779455975859 -0.6994467431820517
v 0.6709587095433995 -0.0321398183742276 -0.5585194337922560
vn 0.8968767726506076 -0.0954599456260077 -0.4318558248546729
v 0.6808178761841279 -0.1564361730460010 -0.4415378090393017
vn 0.8487684191345705 -0.2872988983508287 0.4439048475588009
v 0.7190768819561423 -0.3896371105109949 0.5658272481502765
vn -0.4877109208415937 0.0942897642796523 -0.8678983224110601
v 0.6920224205471806 -0.0438055207645843 -0.0378030036570490
vn 0.1380936314951205 0.8306133302021887 0.5394549514379486
v 0.6947255125761108 -0.0976817561454899 0.3476255853002818
vn -0.1236290637433330 -0.9691885299678680 -0.2130479945380149
v 0.6911834609720316 -0.3662714540081837 -0.0302739299905866
vn 0.1578408544559101 0.8451621293254057 0.5106733200577199
v 0.6838573662121288 -0.0702316892191009 0.2637208019848759
vn 0.1443739068639957 0.8808069846994289 0.4509270791619484
v 0.6946124379024552 -0.0163465526991622 0.0413568365408108
vn 0.0898129250981430 -0.9605600147973001 -0.2631693303900093
v 0.6886856308859678 -0.3441724872274309 -0.1158321988168937
vn -0.3405945642586460 0.5525003158436418 0.7607488046590274
v 0.6871915097419711 -0.0578544433285676 -0.1390864252963238
vn 0.7116276844870786 0.2468763839631862 -0.6577523011839794
v 0.7074790228969519 -0.0857065126573383 -0.5562769967568135
vn 0.6472510960300248 -0.3392726473477782 -0.6826126935895359
v 0.7100096801392762 -0.1430634601414364 -0.5515908958701120
vn -0.7359891982994837 0.5631304101054945 0.3757712618081655
v 0.6948664629388998 -0.0423944179302476 0.0044101136733666
vn -0.8903706549638386 0.3333194899790913 -0.3100616299695004
v 0.7033236151848770 -0.0368389936339618 0.0212356041766135
vn -0.6592427696285760 0.3188253505065358 -0.6809914585123874
v 0.7026633681631745 -0.0301845262821163 0.0195720482669570
vn 0.2412728260643171 0.9618843067694793 -0.1287089887829748
v 0.6997792194026549 -0.0804878688155821 -0.5556201537743896
vn 0.5557095833826051 0.8049366128387202 0.2079997794432958
v 0.7042874812672454 -0.0405575805480253 -0.0172078863333993
vn -0.8989602860226412 0.2417367078912143 -0.3652858719031010
v 0.7101303574696445 -0.0597031372415181 -0.0773938642692614
vn -0.6160334259636595 0.7848903310015022 -0.0667082183529781
v 0.7076024491506759 -0.0735167286660994 -0.0870934074792285
vn -0.8797209126066312 0.0725522214421168 0.4699226437259326
v 0.7082155645916381 -0.1445082296091260 0.3928519268342710
vn 0.1896275270707185 -0.9398820087368184 0.2840126944872132
v 0.7169616903346238 -0.2788151402354637 -0.2842063890315331
vn 0.1893656944287353 0.9489100910704580 0.2524089396954438
v 0.7101196681694496 -0.0342217588350937 0.0471506997298065
vn 0.3621784207215407 0.8881308055588322 -0.2829319066154796
v 0.7073530823198121 0.0600764104459031 -0.2322186373118379
vn 0.8602832405387510 0.2518432514713878 -0.4432693568660762
v 0.7166911052122305 -0.1606164597959373 -0.4109424600244345
vn 0.2728106944453982 0.8053055054293117 0.5263623921990064
v 0.7294640665411029 -0.3947059654554860 0.4779903746539884
vn 0.6531135224294429 0.6322015890552130 -0.4168499461627281
v 0.7113679119240662 -0.1636719337783938 -0.4190564578130300
vn 0.6562741781851668 0.4993690572235822 -0.5656277466099190
v 0.7115755015758030 -0.0161606346780140 -0.5298041746591020
vn 0.9995654416609950 -0.0193794442529892 0.0222118206706562
v 0.7155310382720974 -0.3700894383679957 0.5583226829836005
vn 0.8481475492612575 0.4185354511960537 -0.3247673178973504
v 0.7233255764350467 -0.0518565243214268 -0.4179268498747813
vn 0.7650890629431867 0.5435380089065397 -0.3452610007496225
v 0.7389938555970356 -0.0836103990598802 -0.4519898485767753
vn 0.7531567405022969 -0.6355356731793103 0.1698509121331906
v 0.7331658486683188 -0.4382456120040508 0.3649839848749052
vn -0.0834870042478305 0.9540248854319120 0.2878653124264016
v 0.7342019271920556 0.0017372114534773 -0.1009164228057155
vn 0.7998819444123987 0.0106087621896128 0.6000636042686180
v 0.7299075863637943 -0.0706789575451774 -0.4646374425210829
vn 0.6235195571220671 -0.6494872241505035 -0.4351892778453703
v 0.7418078596775196 -0.1226636816159237 -0.4424609574750159
vn 0.5823858193559660 0.7934206997021370 0.1769473105114947
v 0.7362531346376591 -0.1341352442056455 0.3946956009629978
vn -0.7760029160450249 0.0602353332306204 0.6278464612627950
v 0.7388047604024774 0.0193226139476554 -0.1724725606855197
vn 0.3687070631975235 -0.8270220529764142 -0.4243696801598042
v 0.7381752200252523 -0.3407676687805055 -0.0812250540422343
vn 0.6587059053827904 0.7454446388146658 0.1020726245195596
v 0.7408858131667416 -0.0750974698602026 0.1429249745233287
vn 0.8610701924599532 -0.3068344495373448 -0.4054759477874043
v 0.7442505156202011 -0.3731879420195177 0.4735935535878840
vn -0.3101700610748402 0.7302125992322680 0.6087561852952995
v 0.7613941421856513 0.0546217349559955 -0.1672285128141592
vn 0.3283309530996462 -0.8057538611459113 -0.4929092213431733
v 0.7572133258464913 -0.3403252387288974 -0.0239517939200549
vn 0.3181756537216388 -0.8523217935172958 -0.4151045816107892
v 0.7439561754676761 -0.2407522223358098 -0.3780003499355600
vn 0.0618852698906105 -0.2807418264938399 0.9577861140293634
v 0.7471791893406969 -0.3987214332271001 0.4625343697337244
vn 0.0721449636369764 -0.9740424538972255 0.2145609522436238
v 0.7466498947401339 -0.3949028900213588 0.1907737220920855
vn 0.2706351447073487 -0.5498620773758051 0.7901951115472662
v 0.7677735768974377 -0.3404195712441559 -0.0303283870675336
vn -0.1020660331194200 0.9873921458747111 -0.1209928723032822
v 0.7414870418637680 -0.0280123350310513 0.0851658247622283
vn 0.4516895116813142 -0.1559894023317621 0.8784326333858936
v 0.7498976157260077 -0.2600284479545612 0.5278944820109820
vn -0.0765283896162496 -0.8636842878771778 -0.4981895788320305
v 0.7548313878457993 -0.3920161829155820 0.1363563335825427
vn 0.4399458548464238 0.7930488332909525 -0.4213326391573626
v 0.7556175330310376 -0.0235927832814472 -0.0339226240491448
vn 0.9399897822041986 -0.3356992302470750 0.0610347127725236
v 0.7640504086858805 -0.3458307246198908 0.5118780422417794
vn 0.0777145340358710 0.6576655643099599 -0.7492906356818092
v 0.7542817382049282 -0.0806829099624707 -0.4091016245705620
vn -0.6419187443447459 0.7508895352009061 -0.1552585958478038
v 0.7660116179513411 -0.0085875159192773 -0.0262706203667126
vn -0.2877884662470506 -0.5186754531510969 0.8050798550415199
v 0.7639804738777669 -0.3829761522981136 0.4832501688275707
vn 0.5070350568355345 0.0263278135792603 -0.8615232425024423
v 0.7613185868420025 -0.1086552007270967 -0.4194903343893888
vn -0.7755240721286761 0.0357575396013266 0.6303045390211112
v 0.7653629390448491 0.0386148395897640 -0.1563957542228429
vn -0.9453550366480328 -0.1320726406035511 0.2980950725661225
v 0.7687243363427168 0.0057222209816128 -0.1228194643196231
vn 0.5746464586199169 -0.6878742715692380 -0.4434077515207404
v 0.7687145751709457 -0.2487275111432452 -0.3358916112709728
vn 0.2737730689002729 -0.4928952474347076 0.8258950186320322
v 0.7793635526149074 -0.3372006573931298 0.5139199437960369
vn -0.3380956695404616 -0.0599993261289043 -0.9391972099096464
v 0.7810932154785833 -0.0129871479457275 -0.3760824064361073
vn -0.8313138717487691 0.0397334970856886 0.5543811828042259
v 0.7733224213108096 0.0344564727383175 -0.1450152517882216
vn 0.6136162024147850 -0.5383990620164301 0.5775825535400857
v 0.7771112691202549 -0.3745120354385872 0.4889872558741265
vn -0.7899748881898249 0.0188431626706513 0.6128495828913004
v 0.7807178514680294 -0.0113741858906873 -0.1041013940044021
vn -0.8726000416900388 0.1267128047680754 -0.4717128706642953
v 0.7811503249682545 -0.0178126912524047 -0.0810636599815736
vn 0.4398167906913787 0.5365245911321822 -0.7202100761141713
v 0.7860814816278110 0.0059753236776711 -0.3726440606650519
vn 0.4991766397428091 0.8644185731432341 -0.0600267668635673
v 0.8001630000000000 0.0300930000000000 -0.2331830000000000
vn -0.1501841593548894 0.9862938121758537 0.0683317959846431
v 0.7866484808554683 -0.0260820791222046 0.0464750950645977
vn -0.4281907616640226 0.7228983023088924 -0.5422828746553826
v 0.7902271419672747 -0.2911744225223147 0.1394515600234491
vn -0.1325741878249253 -0.2135777385878460 -0.9678887509947943
v 0.7834841446294500 -0.2896577082542816 0.1428753463351904
vn 0.8864618450386188 -0.1084251362500137 0.4499215344033821
v 0.7921341251345474 -0.2826482186126059 0.4761875704456132
vn -0.7348324794816971 0.5268529185759269 -0.4271384193523325
v 0.7941990420445724 -0.2897343938321156 0.1324540391018679
vn -0.4738389147461300 0.7596955258079594 0.4453531081507997
v 0.7889819289566407 0.0405658344897880 -0.1283350286179787
vn 0.1170667479045769 0.9449503961308366 0.3055554375022987
v 0.7922836216416205 -0.0045049324483009 0.0293695802638327
vn 0.6952136138502094 0.7018788544732867 0.1550616160131157
v 0.7991292958291241 -0.1447175557076731 0.3154980733694595
vn 0.8398189203081183 0.2787218109686506 -0.4658522654048838
v 0.8008377299498376 0.0327496544285339 -0.1652523484847288
vn 0.7451020340587645 0.5415876135726543 -0.3892374797808776
v 0.8037045975091895 -0.0113282818487889 -0.3665184872572553
vn 0.6998415231897192 -0.2187114549565858 -0.6799905454418224
v 0.8171575185310022 -0.1559983634655377 -0.4049754422063519
vn 0.8035016719372963 0.5239682928956683 0.2825637825942470
v 0.8103391635811708 -0.1898288851482101 0.1446881265974553
vn 0.6557540036094714 0.7436294187606785 -0.1303916189937252
v 0.8078403768907720 0.0221943809421548 -0.1523784602068553
vn 0.4378988974370794 0.8007552979895879 -0.4086997777892674
v 0.8199383797163655 -0.2130644867216533 0.1719664785725054
vn 0.4116880807169557 0.2271617947957540 0.8825590309892938
v 0.8075882678330693 -0.1388916619170537 0.1521317347276421
vn 0.8042156905530384 0.2061216532966580 -0.5574504346671116
v 0.8158738569648231 -0.1567009051910591 0.1799869599897464
vn 0.4551707168656149 0.8256901124698511 0.3332498412266190
v 0.8201712014617437 -0.0224439552627694 0.0288695598869514
vn 0.9198194974572513 -0.3558155889293619 0.1653098870979615
v 0.8389159851205638 -0.3070096984009826 0.1066526756563608
vn -0.0394974712985334 0.9858071381140679 0.1631693482378734
v 0.8128847489380049 -0.0193281083050688 0.0103111505123486
vn 0.7470889740697680 0.6535255045292437 0.1215009454826537
v 0.8109677413140474 -0.1602993102402372 0.3319657180070501
vn 0.0930086202402239 -0.9786772130248140 -0.1831401355983787
v 0.8217702836946352 -0.2679281995950489 0.1152155403192013
vn 0.5039508140008662 0.6902407511779959 0.5192314344115736
v 0.8161193907442380 -0.2808340494274958 0.4564129568544753
vn 0.3213228422081487 0.9307144506950824 0.1747061600019539
v 0.8202384552279396 -0.1272918017184177 0.2363485726261343
vn 0.9147159426981418 0.1217181990872913 0.3853302793510994
v 0.8141970028133775 -0.2400223258619526 0.4261769601001160
vn 0.5391196377678636 -0.7164203630453834 -0.4428226276817488
v 0.8270107783493011 -0.0414124020267253 -0.3420527496425371
vn 0.5088057315324579 0.8606060006268916 0.0217724423229592
v 0.8132859531196098 0.0192691545265682 -0.1425316104491097
vn 0.7166931467005702 0.6248740766397625 0.3096503218406837
v 0.8554524066248748 -0.1789686661097699 0.3009529831804323
vn 0.5760601890560223 0.7393760789573610 0.3485364721953474
v 0.8295199137042840 -0.2114718243005130 0.1531053398324670
vn 0.6969767076763580 0.6093933712883718 0.3779724698789810
v 0.8231272358067795 -0.0119343696106789 -0.0169480220193500
vn 0.3234598622288722 0.3119054200642044 -0.8933581177005397
v 0.8572220606705214 -0.1934684987434483 0.1892134237670921
vn 0.4158304078726431 0.2841634238337817 -0.8639075300305779
v 0.8469551306609460 -0.2310242841273848 0.1703075712628349
vn 0.9136216341949515 -0.3355993973706717 0.2294963050146743
v 0.8503001484475331 -0.3121754850090259 0.3653873380131028
vn 0.7138105473438696 0.6836610423014557 -0.1519278833523733
v 0.8598062550106365 -0.0152934524890551 -0.2329649305856010
vn 0.8362499854535496 -0.2042858417664397 -0.5088744999336432
v 0.8497634615902330 -0.1670595110552719 0.2227621446095537
vn 0.4766523522184849 0.1174932892116002 0.8712048336153930
v 0.8679751223812622 -0.1505822345593849 0.1361769485948115
vn 0.8262907919990590 0.4926581679655035 0.2730044992201442
v 0.8547966728956443 -0.1918761900786424 0.2968028425056626
vn 0.3110162270719493 0.8787544003383138 0.3620215606617652
v 0.8632767697573773 -0.2379383367171839 0.3368650757156110
vn 0.5720994541615003 0.7957569773580112 0.1986782512862316
v 0.8627422664857782 -0.0211794228413447 -0.0541032956055531
vn 0.5760320475146727 -0.7304194685478133 0.3669802177262200
v 0.8658660912365319 -0.3003987397439598 0.0666069176388826
vn 0.7124466710028324 0.6963852306571430 0.0864138385883868
v 0.8629465773949546 -0.1805693897913037 0.2532743849519361
vn 0.4527033859728794 0.8163602056892164 0.3586302537373978
v 0.8681033681899647 -0.2319161799739424 0.3170505250500977
vn 0.9097917743445435 0.2993273565988142 0.2875448850641823
v 0.8766893662508819 -0.1437277803518488 0.0740028834614006
vn 0.0668665666445065 0.9741266513074865 0.2158845281108356
v 0.8853061120358121 -0.1644449507687940 0.1058973938579707
vn 0.9491977977910482 0.1409818378195339 -0.2813319428604776
v 0.9074762678221671 -0.0676422232362397 -0.1884855071215831
vn 0.8681914142433370 0.3953368075835451 -0.2999207842144409
v 0.8852550484956712 -0.2074775672341641 0.0908354170810429
vn 0.6415431203481132 -0.7664705205164094 -0.0307468033023122
v 0.8861188177228088 -0.2334505260860639 0.0593739648261068
vn 0.8315988581853292 -0.4005612650001840 -0.3846998986824784
v 0.9027897573302269 -0.1958363762508294 -0.2498057491453043
vn 0.7601609269137135 0.5409188316946230 0.3599474721564357
v 0.8928876506956818 -0.1252977457703299 0.0148667669003058
vn 0.7416019984067240 0.5515876488503112 0.3818082523924005
v 0.8933757478288832 -0.1433112165283338 0.0312653875081723
vn 0.7975651372287657 0.3135637263890736 -0.5153325541533916
v 0.8977601994546180 -0.2565824272499480 0.0669634361341668
vn 0.9367937269570048 -0.2626529597030043 -0.2311513268256463
v 0.9045624896656788 -0.1939287804260127 0.1063170831201938
vn 0.8646106467172698 -0.4935560141720936 0.0940791712213748
v 0.9064835286165486 -0.1923882340285951 0.0265373336829657
vn 0.8685333938350415 -0.0224164044299205 0.4951234680418805
v 0.9057091523649944 -0.1904408563459698 0.1197605292529407
vn 0.9295190707456733 -0.2106335568980380 0.3027008454375065
v 0.9134142567690852 -0.2545480886334345 0.0159166117952267
vn 0.5015703584984605 -0.8435355808565860 -0.1920283815082236
v 0.9085687646647098 -0.1884991543823472 0.0136456201668244
vn 0.9322225300619689 -0.1658395972236513 -0.3216494713777077
v 0.9219966533536017 -0.0835937496491767 -0.1407934385115513
vn 0.8931356156672066 -0.3974316056626547 -0.2106107567223578
v 0.9371058790272035 -0.2048829258658406 -0.1463049427681384
vn -0.6105882374578205 0.6212054512776926 -0.4912085011286253
v -0.3442210000000000 0.3692110000000000 -0.6611290000000000
vn -0.6876877703981434 0.5595801615062226 -0.4625533194059905
v -0.9188539544473857 -0.1120030292366926 -0.1772858101784884
vn -0.7090933077203896 -0.7018749847896008 -0.0675143441999900
v -0.9144134097798770 -0.1747322555965326 0.0361879529440047
vn -0.3572825767071972 0.9288668438778819 0.0977524768269757
v -0.9051720918956191 -0.0978655726997917 -0.2412583852828460
vn -0.4376069993791490 0.8976983289699439 0.0513597532991350
v -0.9035544371700394 -0.0781616549944324 -0.1958035978428179
vn -0.9416213145587309 -0.0481066961036960 -0.3332192157704507
v -0.9069694945618517 -0.0676175691873449 -0.1893841783289717
vn -0.9461036365018698 -0.2767733351973448 0.1681797547913419
v -0.9111794606904269 -0.1879617489368290 0.0244000210951749
vn -0.4115439516315633 0.8923970598972331 0.1850920402455272
v -0.9043655521422247 -0.0821870035677547 -0.1779674485323699
vn -0.4719620657350083 0.3710204668186380 0.7997472236330824
v -0.8832637705567009 -0.1643560664769671 0.1297156567370298
vn -0.9225068872474944 0.3780506839303883 -0.0778378016178791
v -0.8874749304692108 -0.2086338353662050 0.0907700057733179
vn -0.9217144377212693 -0.3321674407274959 0.2002680369322819
v -0.8838295089919572 -0.2324547034792888 0.0503875281936537
vn -0.5853755246208340 0.7443784751088528 0.3213038763686217
v -0.8740924401813850 -0.0508255387020135 0.0116317393366130
vn -0.7056343005709077 0.5664571082871895 0.4256836599268538
v -0.8731496017481585 -0.1318429759572291 0.0759135224619178
vn -0.9574154290915484 -0.0253816858048365 0.2875960120779681
v -0.8744319672863181 -0.1453844141648092 0.0817977858206921
vn -0.3562880064052109 0.8458786430334431 0.3969233902804182
v -0.8617411045882990 -0.2401450257504275 0.3430323846968374
vn -0.5591193412336912 0.8201873790303787 0.1211537268831653
v -0.8630074460034826 -0.1769962142093448 0.2419123212985641
vn -0.6123788280129495 -0.7061371442755721 0.3554750405806665
v -0.8494590013517365 -0.3035638092774822 0.0764948370517806
vn -0.1485133033485223 0.0378261223878769 0.9881867147425162
v -0.8556163182204248 -0.1920882845620455 0.1242010493305474
vn -0.8876616154802244 0.1140322775964561 -0.4461541169474996
v -0.8588405430349406 -0.0568583036637772 -0.2800791280406146
vn -0.7591465351793449 0.5244501590888837 0.3855496968703778
v -0.8464412393462428 -0.2204147787281037 0.1471946372566236
vn -0.8029579746439677 0.4143595344251521 -0.4284444738663677
v -0.8476430596289796 -0.0526626997334554 -0.2990422759854175
vn -0.5627498986794285 -0.7893244615803265 0.2455187281801949
v -0.8364975846810839 -0.3146451321248459 0.0722204010078775
vn -0.4651186127063813 0.7788401657613999 0.4208000383921635
v -0.8488370422900628 -0.2466195952410583 0.3597473636757108
vn -0.7337431499529662 -0.6725301277426705 -0.0965619861825871
v -0.8292830263601066 -0.3229532161412644 -0.0023502977801804
vn -0.2024615568995506 0.9532212556335187 0.2244516780651637
v -0.8357821966895728 -0.0209012770352853 0.0060902694899789
vn -0.7284945717345024 -0.1866229556446210 -0.6591415108911211
v -0.8446886394352244 -0.2656750265713870 0.1608569526573000
vn -0.6443567927671706 0.3889053894442594 -0.6584503942409135
v -0.8423658816337629 -0.2058771765281767 0.1880359912608318
vn -0.3008213098183308 0.9250099690523280 0.2320842448616343
v -0.8409062561103140 -0.0031905950268522 -0.0839217862616256
vn -0.1337857369885693 0.9718400357360522 0.1939802090909638
v -0.8309108410746688 -0.0219475197524707 0.0092084661736052
vn -0.4598056421523902 0.8879938329383309 -0.0067619603902882
v -0.8235077745941486 0.0186885107335802 -0.1850534459015371
vn -0.9333733152305009 -0.1537083787655287 0.3243269780836875
v -0.8311083067338114 -0.2554257394781794 0.4030405117758766
vn -0.7937858504789288 -0.4388765766384475 -0.4210598224214232
v -0.8287102757058952 -0.3257155865549548 -0.0226551417793709
vn -0.9392011844763516 -0.1968920867337753 0.2813088005374833
v -0.8281482999364317 -0.2226708665176647 0.4094706886234196
vn -0.2348181274262437 0.2380876978563486 0.9424302070506316
v -0.8211218528643326 -0.1850802926696269 0.1328406256397598
vn -0.4151631551534843 0.8573430762068112 0.3043064315509059
v -0.8178839622124022 -0.0155371985441775 -0.0015919960279172
vn -0.8150066170760887 0.5628378933888178 -0.1377596453531562
v -0.8164715563023592 0.0176439978123195 -0.1345214906705084
vn -0.7536721689548390 0.5511978535790716 -0.3579932792005082
v -0.8002588105273842 -0.1141398967299987 0.1816697792038665
vn -0.6837153443028796 0.6463857264229479 0.3387016690857498
v -0.8160818233606614 0.0060649988180373 -0.0168519027814867
vn -0.4618396652207639 -0.8718808164769386 -0.1628740786260343
v -0.8027340569896365 -0.3735029298173414 0.1658717806790046
vn -0.5585838414133238 -0.5648003593502200 -0.6074410639640663
v -0.7979800429012703 -0.3693476376503296 0.1358817497712393
vn -0.8802888864810336 -0.0472186256180628 -0.4720824903898924
v -0.8047595474838958 -0.1926496393382896 0.1759315802348793
vn -0.6214072335140040 0.7579283822441861 0.1984883309547012
v -0.7982784807150115 -0.2940196379326068 0.1388885833475103
vn -0.8981529623422738 -0.1919908251653517 0.3955512347195057
v -0.8032263774550378 -0.2487392798787388 0.4509024785296777
vn -0.5782775036288631 0.8145342983475161 0.0461411487968163
v -0.8030861256949838 -0.1396257767369788 0.3059910525204766
vn 0.5767960098616511 0.7882056690946282 0.2145651095000482
v -0.8018461078681873 0.0182805357667313 -0.0574657267058152
vn -0.8060132004896067 0.2836771774859802 -0.5194901150263487
v -0.7944707858665649 0.0376650529017922 -0.1749993440074740
vn -0.9369862490339401 0.2838635386602882 -0.2036621234804505
v -0.7950776917021528 -0.1368858793129140 0.1621625292542294
vn -0.6294573531225446 0.6973579065625632 0.3427468318666702
v -0.7941954326573910 -0.1118244436560154 0.2365663189563798
vn -0.7954997334330256 0.5357457568458391 0.2831195120963308
v -0.7891614755280817 -0.1234082545296327 0.2795832705669848
vn -0.6202481118769780 -0.7455174452449052 0.2439180570366893
v -0.7889363483375835 -0.3910624169811917 0.2021008841181869
vn 0.3860776329290229 -0.4109166845083194 0.8258883337017257
v -0.7806774358843737 -0.3743826553907520 0.4607978465656581
vn 0.8711948109206785 0.3096158987906902 0.3809955336233175
v -0.7729398608159210 -0.0133178103062002 -0.0689069787389080
vn 0.3183223962655877 -0.8713893994641255 -0.3732979594603817
v -0.7752283969207838 -0.3441879499982419 0.0171078483414217
vn -0.7506804913703226 0.6288398342708157 -0.2025814964656551
v -0.7519979439194696 -0.0112538850333364 -0.3790135217676283
vn 0.0557874877239859 -0.8643298911241756 -0.4998215636831978
v -0.7539615369118893 -0.3856710853676994 0.4787096344592693
vn -0.1280849337823429 0.4368331363142278 -0.8903769206105064
v -0.7506427235986354 -0.0044545643133092 -0.3614661288641671
vn -0.4644305950470435 0.8443525578517695 -0.2671572204403675
v -0.7678028943508507 0.0408709000578598 -0.2035228740580144
vn 0.9910373127736416 0.0913064233520032 0.0975099058817320
v -0.7623592423016239 0.0090124857520837 -0.1402514621851487
vn -0.9900474253849106 0.0470647448796821 -0.1326310871482264
v -0.7641404004324993 -0.2629488933150544 0.5006519320004629
vn 0.1081442462631460 -0.7195743873516022 -0.6859427986849506
v -0.7556544418591040 -0.0496700388772177 -0.4017834123010281
vn -0.4624897966738403 -0.8134908969742015 0.3526127458171341
v -0.7538515949800294 -0.3958115222042993 0.4344855172606338
vn 0.2492954100030718 0.9009271964160651 -0.3552210372560854
v -0.7558418623825298 -0.0267506810781945 0.0771511170728988
vn 0.7116341029400629 0.2516780717066199 -0.6559230532270758
v -0.7529707112768578 -0.1636244635315139 -0.4138917306923467
vn -0.6239382408439323 -0.4226162040032336 0.6573405629705777
v -0.7552349723624829 -0.3451658254314039 0.4548197264461963
vn -0.2396119305698485 -0.9633281023488013 -0.1207687457649851
v -0.7557268727603395 -0.3714450283141966 0.1208070958918638
vn -0.7177884504247913 -0.6956876917887526 -0.0282555468963934
v -0.7567830414935198 -0.4130406270014922 0.2790361065232245
vn -0.5802851563374013 -0.6604502702840518 -0.4765234284022148
v -0.7481765496562771 -0.1269575576089523 -0.4288267691971063
vn 0.6473084756988964 -0.0863315112470046 -0.7573233176485321
v -0.7370163976482954 -0.3873520060169449 0.4888887092285782
vn -0.3664564018924972 0.8268278614466290 0.4266912151047858
v -0.7463029346085932 -0.0123258040699248 -0.0751917440445202
vn -0.3151059364583386 0.8548661997976741 0.4122038685555933
v -0.7443653004530000 -0.0980293439998701 0.2840972655204859
vn -0.9717392007983814 0.2353902695969429 0.0177298226387532
v -0.7349821197444585 -0.0830754032726798 -0.4611054630504441
vn 0.5744416115026382 0.3252586077626295 0.7511482364024881
v -0.7412775196035297 -0.0369395133937419 -0.0297887379433889
vn 0.8190449044910989 -0.5427501009216885 -0.1859778814178282
v -0.7378679258690690 -0.4030886235582133 0.1718491117012791
vn -0.9120030806308888 0.2218829050733594 -0.3449903728453523
v -0.7399108272957132 -0.3395974921938398 0.5552442124214351
vn -0.6529777411106490 0.5704119762302734 0.4982471745901911
v -0.7383621257997638 -0.1763278763919834 0.4921064587317575
vn 0.3858277863931854 0.9136096871611309 -0.1282741547322574
v -0.7309335934110588 0.0098146693225261 -0.1744076672453277
vn -0.5533419620300614 0.8305691814117013 -0.0629881571870349
v -0.7356875960332989 0.0073771231338861 -0.1290405353116696
vn -0.9761426605958710 -0.1695086714503721 0.1356919911709756
v -0.7379227415355709 -0.3871702543686455 0.5459988965506989
vn -0.6205761274442502 0.7468418091259941 -0.2389823888651838
v -0.7363171055490682 -0.0026278415153482 -0.1377467588138945
vn -0.0700474289638517 0.8677361420755940 0.4920643712273006
v -0.7260733402387957 -0.2786935606788896 0.5447035782018586
vn 0.4623286275371598 0.1619808038302275 0.8717880816747381
v -0.7318596346014089 0.0434728212499111 -0.1890261332295280
vn 0.4019085638147608 0.4664507115995027 -0.7879677912076570
v -0.7350389747233631 -0.3911632266187626 0.4918248442452429
vn -0.7207618689230288 0.6744103996898348 0.1602277787925043
v -0.7337230033451734 0.0048197737041484 -0.1382788435699046
vn -0.4683390044241623 0.6095721949943173 0.6395938680325153
v -0.7297227912163634 -0.1927667086559386 0.5264920350141339
vn -0.6121926830181161 0.5041042438906171 0.6091789803912721
v -0.7178077868086310 -0.1762289264287945 0.5270101578048261
vn -0.8698017535310902 -0.4730258628994530 -0.1403262006272120
v -0.7232960991155779 -0.4208997725969805 0.5045504393542647
vn 0.3443007554726751 0.7330250713316767 -0.5866269978275255
v -0.7310561690204271 -0.0328669045113024 0.0397467943799473
vn 0.9631908757257267 -0.0787251615451760 -0.2570324607095255
v -0.7238328132668080 -0.0296655826355208 -0.0793073875156340
vn -0.3801659359729954 0.8816851007808778 0.2794731546799974
v -0.7198710784489195 -0.1151748291426607 0.3669780810028257
vn -0.1129178925179254 0.4821367973643985 0.8687886153584837
v -0.7092769308759715 -0.2944635430676561 0.5735393788718799
vn -0.9871013657006834 0.0238100566258156 0.1583160605728965
v -0.7159300991370732 -0.0478451237288547 -0.4454270659276723
vn -0.2243479195338912 -0.9381701034069456 -0.2636377591966217
v -0.7167598413014035 -0.1409760505281118 -0.4201739534704049
vn 0.7239437155339842 -0.4005174326641144 0.5616861070660342
v -0.6997284776187644 -0.0398338498703374 -0.1406899751806618
vn -0.2229389166536581 0.8603256308652820 0.4584081678128649
v -0.7092825026472633 -0.0828204383963998 0.2754561301636654
vn -0.7097907468020340 -0.7043827805030614 0.0064802997605645
v -0.6910648776806837 -0.4502143585573635 0.4493456300310632
vn -0.3010611105640059 -0.0741609366332837 -0.9507167628603386
v -0.7080681501307577 -0.0513635853420664 -0.5451332671237613
vn -0.5834676488825549 0.8074758681842663 -0.0868805214506052
v -0.7065371567796522 0.0180394764047484 -0.1627222627388036
vn -0.6670801527313813 -0.2475219732581870 -0.7026641748276699
v -0.6933473034969997 -0.1411904161955735 -0.5695564573880837
vn -0.6395654875571609 0.1999137381166680 0.7422873328017873
v -0.7047948451109843 -0.2774020309820242 0.5408030306589628
vn 0.3845583839894289 0.6434901897680758 0.6618422961519493
v -0.6970016582120693 -0.0536495647112690 -0.1440154612726785
vn 0.0072776791901052 0.7686709644736486 0.6396029891743444
v -0.6909766943834440 0.0722737257976365 -0.2039154085708034
vn -0.7220541584512629 0.1006156607784221 0.6844810304671417
v -0.6913977318494736 -0.2842379788915020 0.5551505851560883
vn 0.6389798965817945 -0.1362876029241749 0.7570537504388323
v -0.6945100760912545 -0.1761129042489075 0.4166865287828840
vn 0.2135057341997831 0.5807661842400744 0.7855736379913950
v -0.6956931826090244 -0.2893917656898996 0.5672178454277381
vn -0.6453585069374133 -0.7197420558371557 -0.2558979690869343
v -0.6877667722198680 -0.4572230887069531 0.4692860522149237
vn -0.0140482200270425 -0.9666907190540263 -0.2555615409424538
v -0.6929574324773939 -0.3643631257989340 -0.0331172546954810
vn 0.1530328412154235 0.9172294562880675 -0.3677921614540353
v -0.6817749178108121 -0.0515025471637037 -0.0377911464362423
vn 0.0818663190825409 -0.6256751179701714 -0.7757760969202955
v -0.6819378333399356 -0.4097883239054461 0.1665095925760964
vn 0.4165462089827173 -0.0537976786172245 -0.9075213857301238
v -0.6871991613719362 -0.0697674464765611 -0.0523271623371854
vn 0.2207148748522491 0.7473116233784002 0.6267457870480632
v -0.6815665281412685 -0.1097294391370256 -0.1239482165711796
vn 0.1639146470170636 0.4583377242822041 -0.8735322083318289
v -0.6787176968360061 -0.2045981629349540 0.4976917539472606
vn -0.2088488584000823 0.9777026732522122 0.0219006178100132
v -0.6735274117547045 -0.0751424790918886 -0.5824748737422375
vn 0.7532671470298855 0.6577104819971999 0.0023509735149542
v -0.6729282388582037 0.0218420611304403 -0.1965546570250185
vn -0.0015701722702978 0.0575681826785337 -0.9983403422190914
v -0.6610179632097856 -0.0662441270368303 -0.0487654992755592
vn 0.2640243261260496 0.8463626239565819 -0.4625596869410635
v -0.6688393813886911 0.0241063993211919 -0.1757556956726562
vn -0.0386625662748491 0.9196599973767725 0.3908077471007932
v -0.6467447842616831 -0.0120200167439604 0.0397736182585443
vn -0.2411768190607776 -0.9587308873905653 -0.1505617066555235
v -0.6607587257559095 -0.4124102985199476 0.1545595866494514
vn -0.6660570465736150 -0.3511567445064718 -0.6580706280462987
v -0.6536018944643770 -0.2117238023575359 -0.5379631770051300
vn -0.2478234359242324 -0.9685283762424063 0.0231587784642361
v -0.6419866798328039 -0.4788251004373302 0.5123364857326832
vn -0.2981279987464771 -0.9135949001587967 -0.2765213459522767
v -0.6521968172132546 -0.3604135441056462 -0.1007053062362021
vn -0.1473256652480068 0.0291855579897444 -0.9886573479037415
v -0.6498843671615755 -0.0428691845551773 -0.0316209171285594
vn 0.4810122132744579 -0.5801166865524329 0.6573369612795509
v -0.6395520092569383 -0.1370973477511465 0.3597442624392714
vn 0.3656305036869287 0.1339452905026780 -0.9210716551527335
v -0.6488727285072602 -0.2144403989702454 0.5337118686648741
vn -0.0326152107034954 0.7473687375223814 -0.6636084826198112
v -0.6461568285667028 0.0614730676908950 -0.3072285753492812
vn -0.5366305328200722 0.5565472605953332 0.6342576905084207
v -0.6400818838161486 -0.3152517855363308 0.6120943110452750
vn 0.4158057567212193 0.7706135336658790 0.4829703452681969
v -0.6382095024215545 -0.1674565251250534 0.4251793264571642
vn 0.3440360778598330 0.8626416007693012 0.3707946139751771
v -0.6421661757313063 0.0243610525439558 -0.1981541126864995
vn -0.3966155114326505 0.8683851568014922 0.2976631578443411
v -0.6354161621207366 0.0785515871134708 -0.4519318093517609
vn -0.3186500199055898 0.4232899461432006 0.8481083576455626
v -0.6388753817459976 -0.0336347238922506 -0.0115780918903527
vn 0.4275715740803523 0.8857073156634233 0.1808455142345054
v -0.6379565540111974 -0.0533745846117610 0.2001625462056934
vn -0.5790634458768582 -0.5543815578360861 0.5977847555604384
v -0.6298024421882037 -0.3119018606069907 0.6291333155952786
vn -0.5278217778344416 0.6887157271467057 -0.4970662109060261
v -0.6314636367696855 -0.0515800032729594 -0.5838264667132989
vn 0.8064889028191846 0.5702567826239029 0.1561500928624207
v -0.6353003028086627 -0.2105242086818565 0.4394933801081541
vn -0.2010062114481116 0.8723184360954990 0.4457096016546869
v -0.6212234712364241 0.0257153432912844 -0.1442517781192410
vn 0.8393768772829535 0.2650713033887633 -0.4745352062834748
v -0.6271077212676162 -0.2078168843809455 0.5442568399243188
vn 0.4686125861990505 -0.7884999035884313 0.3983342140676246
v -0.6273055637872773 -0.2384542543375656 -0.5105104449661335
vn 0.5189659426407316 0.6788083440765843 0.5195128317866866
v -0.6238616500646409 -0.2009826644618083 0.4096495157054959
vn -0.2341118358521749 0.1941625855996253 0.9526240279707375
v -0.6215240643660853 0.0592820667683091 -0.2056780903021890
vn -0.6336506876913494 0.6863063630217494 -0.3570299456126036
v -0.6206421571374207 0.0750492616988214 -0.2937074404941828
vn -0.3004407585969209 -0.9428999387457301 -0.1437882334789788
v -0.6276802161058741 -0.4175517945616372 0.1705655177657357
vn 0.5580725596313938 0.6890279654785528 0.4623802341957869
v -0.6226292856415997 -0.2152459356894691 0.5335800795485737
vn -0.6476968836815015 0.7024417318104740 0.2950667047980401
v -0.6196563999453431 0.0910973106917671 -0.3016215926552853
vn -0.3803745520196926 0.8906263554432937 0.2491985055445037
v -0.6195823096995160 0.0835464853780060 -0.2492229587758732
vn -0.1280020359173913 0.8655166271035230 0.4842483319623768
v -0.6112087081062593 -0.1090057104646251 0.3337409695815641
vn -0.5573280247102141 0.8277519009143230 0.0649019522459506
v -0.6163075368926793 0.0921720878467923 -0.2619081534077917
vn -0.5297612847789933 0.6805702699477748 -0.5061393966216455
v -0.5970853670075175 0.0405501102763288 -0.5919227082281798
vn 0.5946458377501506 0.8038267157597234 -0.0160915716248755
v -0.6154007846793689 -0.1432829257404232 0.3559920639471535
vn -0.6321131808352028 -0.2050120897805536 0.7472636547151296
v -0.5963525332916692 -0.3198161587881616 0.6553454377816201
vn -0.6106408073205567 0.4610920614949618 -0.6438259976587035
v -0.6069384248735397 -0.0251992591564008 -0.6091256253907609
vn -0.0999414286589184 0.9708004785488317 -0.2180782925624965
v -0.6029008137420584 0.0935907035967102 -0.2725118217379023
vn -0.4867171896942837 0.8700080877147985 -0.0786911975187711
v -0.6092562204044274 -0.0071213363169218 -0.0450826728901375
vn -0.9127508031656331 -0.3778855830346022 0.1552045664762821
v -0.6094977479985120 -0.0409447064277132 -0.1205921667663976
vn -0.1290024751041990 0.8111466772375805 0.5704379277567567
v -0.5993299747159483 -0.2020142864587691 0.5806246060621973
vn -0.3817189625007953 -0.6799805145870041 -0.6260328533306454
v -0.6017465860009785 -0.0142079990193442 -0.6245846048340126
vn -0.5706464944822301 0.8182889281250537 -0.0690348349972179
v -0.6098195246469862 -0.0395449730863430 -0.0675317508885781
vn -0.9132048384749581 -0.1833932972767855 0.3639008402022097
v -0.6095318030482344 -0.4106924333672943 0.6752945690708383
vn 0.3126266518560952 0.8846133540918696 -0.3460112574925567
v -0.5999879419199038 -0.2485358596702839 0.4685074136897123
vn -0.1560660146579087 0.7446354216582604 0.6489695585161313
v -0.6106328393262598 -0.2018584616741288 0.5153632233063650
vn 0.1529454872739316 0.3825129122112185 -0.9112033526684546
v -0.6068469622407446 -0.0279615519371842 0.0122401804708123
vn -0.3093179288123259 0.1969994558437944 0.9303298518872228
v -0.6094453264241212 0.0592141529725032 -0.2020203822734753
vn 0.0271549483867225 -0.9932872698632897 -0.1124411326234620
v -0.5997484795169198 -0.2289987546904595 -0.5303932219854988
vn -0.6619978553960577 0.5803903520697788 0.4742424260600672
v -0.6013467106543293 -0.0141349315099563 -0.0165519649991512
vn 0.4378379234813216 0.7722403619304755 0.4603724320233049
v -0.5878348904973667 0.0943179854155266 -0.2378125104677443
vn -0.2868497456157342 -0.8915635852271186 -0.3504733897704000
v -0.5773878478599539 -0.2527156974497901 -0.4879426500859917
vn -0.3161625246531223 -0.6271401379000238 -0.7118542726146294
v -0.5815230121728777 -0.4388770999931538 0.1598779056503855
vn -0.1945203791316511 -0.9803168183395075 -0.0337751059685062
v -0.6048590877083594 -0.4913851191247457 0.5777674155714532
vn -0.7459976182580879 0.5012704648240537 0.4384238527365241
v -0.5912234610364397 -0.1392285042642399 0.3537566401278338
vn 0.0411761508766986 -0.6745088915175456 -0.7371175481988957
v -0.5937683787374078 -0.3211991206298840 -0.2689604922754013
vn -0.0197807922120396 -0.8094622952944313 -0.5868385747001770
v -0.5915771036543146 -0.3096023411061044 -0.3023666709183035
vn 0.2643997738974682 0.6028241292861310 0.7527920222168840
v -0.5915455296880634 -0.0080252340688889 -0.0470143989519173
vn 0.3152340656171944 0.8504447599579885 0.4211545964778889
v -0.5599455451290504 -0.2106063673708083 0.5938086874729360
vn 0.2565757775707025 -0.9622918463446439 -0.0903508318866281
v -0.5842085773350296 -0.2792198786289528 -0.3965830664547545
vn -0.4722000802171523 -0.5151966273493120 -0.7152618537366641
v -0.5709011719545091 -0.0308996381127186 -0.6323772722073588
vn 0.5441975836430042 0.7480099297234968 0.3799080612360903
v -0.5767882649108803 0.0059917800121086 -0.0920848366550791
vn -0.3015660213940997 0.4791545868341498 0.8242989849904756
v -0.5798851821619230 -0.0210322788729429 -0.0426611290424057
vn 0.2005127557802595 0.9446232325659245 0.2597721756965304
v -0.5769894646306386 -0.2384400234858000 0.6269207911504310
vn 0.2047548446150655 0.9640698591680208 -0.1692476299698551
v -0.5459611494790200 0.0862863840333855 -0.2362931937215086
vn 0.2779801884690716 -0.2824803865922251 -0.9181131989081774
v -0.5773396126295952 -0.0150918024869277 -0.0146010794201667
vn -0.2348780021281407 0.7712195169015382 0.5916525846021896
v -0.5768276813821905 -0.2365290536054783 0.6481431785110161
vn -0.6709805429198223 -0.3486047761669518 -0.6544156332611636
v -0.5840406649812503 -0.2036489279761770 -0.5872014749063262
vn -0.2437188736862012 0.5997107853066859 0.7621995044579651
v -0.5698226668248273 -0.0720315632574521 0.3445467118123314
vn 0.6454875686608010 0.7290074103504826 -0.2278025336962935
v -0.5773364111414864 0.0008694354545861 -0.0791398346156946
vn -0.5518156524039542 0.6964103571662449 0.4588159763931304
v -0.5665472832596506 -0.1336543327197355 0.3472453495452576
vn -0.0144020450130009 0.9066806359167636 0.4215718272762268
v -0.5616774643805325 -0.2134511415532266 0.5330823968119875
vn -0.5898839463653123 0.1202578479351239 -0.7984829239442118
v -0.5430687976694075 0.0084665734493551 -0.6755401757644061
vn -0.4140331103805918 -0.6493586609990772 0.6378949074056466
v -0.5478113927166295 -0.2067492233113561 0.3855726706178149
vn -0.7570295639340576 0.5351737059325933 0.3748270852115475
v -0.5579163989676277 -0.2164900723639323 0.5444343274732136
vn -0.7841838291897374 0.4356967714093203 -0.4418416519759257
v -0.5548273001355279 0.0049842065165433 -0.0158780438490552
vn -0.2903539726592390 0.8752980934352455 -0.3867141298034277
v -0.5481104043430849 -0.0578821770128176 -0.6586631473557980
vn -0.1873703792816948 -0.9307820295805050 -0.3139062827944507
v -0.5503370383325398 -0.3225046662765977 -0.2856680905131638
vn -0.4618098038398947 0.8869179651883549 -0.0104032736917900
v -0.5482274617994617 0.0078026129702599 -0.0251295263187962
vn -0.1474415918106738 0.5671713028470555 0.8102948168605723
v -0.5462473661684621 -0.2092821635396141 0.5217840900643911
vn -0.7434447036413551 0.5803303736909479 0.3324253750834050
v -0.5424704652200233 -0.1420381181888143 0.3422341011042435
vn -0.1046587487802586 0.7801365835459606 0.6167928804039386
v -0.5392206640607178 -0.1993163112179515 0.5815761574781179
vn 0.2393425744741210 0.4728224067655966 0.8480295417640170
v -0.5312472985360218 -0.1459758087731489 0.3518044894954670
vn -0.8306514880474487 0.1299271742004809 0.5414213098953872
v -0.5326896450103464 0.1924676099706166 -0.6701731727489616
vn -0.4375014868576906 0.6291459176621585 -0.6424701263765891
v -0.5394745924692090 -0.0671406957401418 -0.6901566189615622
vn -0.8084728008360152 0.5606514061680038 -0.1790020420839067
v -0.5371166814242635 0.2242425669519882 -0.6548920427813962
vn -0.3254600763051470 0.7908751983629188 0.5182587764291714
v -0.5300879045585151 -0.2210456759220147 0.3943255840898461
vn 0.1777767468890800 0.9819517306785785 0.0645463157963378
v -0.5142052918589710 0.0737998908469569 -0.1846870848999569
vn 0.1126950458432762 -0.9718238595359175 -0.2070222516520751
v -0.5218124259192792 -0.4294760839790406 0.0815844464585455
vn -0.8412382619972928 -0.5386235866155665 0.0469341932194155
v -0.5227119919536325 0.1667830078452395 -0.6434104189099685
vn -0.2452175243032500 0.9518504248785132 0.1839813426225030
v -0.5130201659144513 0.0251480874163166 -0.0006595410462347
vn 0.0364146784511628 -0.9467863308737791 -0.3197962083325344
v -0.4986253249781937 0.2452607436444235 -0.6161869139085808
vn -0.8249356076967945 -0.5645869392498399 0.0268855199395104
v -0.4874744779593042 0.2955112946714360 -0.5940828589528229
vn 0.4695636098527843 -0.8614072611929223 -0.1936170102706129
v -0.5099909002445266 -0.4102394121915698 -0.0115161992709587
vn -0.9065881867235673 0.2778796582427510 0.3176173093963332
v -0.5079320286137595 0.3362611377149159 -0.5444380047419312
vn -0.1119176954211853 -0.9827569941201121 -0.1471839663808963
v -0.4805257598735556 -0.4736901862340736 0.2583436525528063
vn -0.1653047945615769 -0.9839325164197910 -0.0674620487887259
v -0.4834966608920024 -0.5120379421271266 0.5525246833964871
vn -0.4378663687591446 0.4425024992414958 0.7826011636042403
v -0.4853696845592644 -0.2565023031515008 0.7287070690208181
vn -0.0779398152665161 -0.9801555245015294 -0.1822650075723618
v -0.5040519924254513 -0.4343328419399110 0.0784521434059790
vn 0.5324960005555713 -0.7602282820568885 -0.3721571825897667
v -0.4946018447180578 -0.4576318735394769 0.1773848181311944
vn 0.3981728015665328 0.8422538625709831 -0.3634100316129402
v -0.5010965503497765 -0.1614171110571184 0.4140133504220490
vn 0.4882503457515397 0.7193554852304181 0.4941045291660578
v -0.5016285480173068 -0.1861226084528143 0.4835318357130342
vn 0.5559073370714172 0.7113364947678348 0.4300783926234566
v -0.4990533865294438 -0.1928232613723836 0.4827070055402161
vn -0.8383413942924292 -0.5418312875007706 -0.0600213503770395
v -0.4965118418561325 0.2798217691465024 -0.6268556659190968
vn -0.6890085992747499 0.3082740092022757 -0.6559224690280112
v -0.4944663473355383 0.2221214793586583 -0.5147967990332456
vn -0.8098927857954414 0.4677648076718661 0.3539346835507950
v -0.4773109124101577 0.2994553645772607 -0.5454109320221826
vn 0.4272558849518719 0.8824928383100857 -0.1966184098842262
v -0.4921835681634986 -0.1849650442583199 0.4670383528816168
vn -0.9595206008468867 0.0733148348225623 -0.2719285780225573
v -0.4923220752394982 0.2491326483609988 -0.4915780605586230
vn -0.9531907677966749 0.2990520169758256 0.0446682362521281
v -0.4870259558658468 0.0247418448310430 0.0553139980455382
vn 0.4066447488392632 0.2291171520615501 0.8843898342205528
v -0.4827884231752333 -0.1414901327912903 0.3964628679770663
vn -0.1265507724208803 -0.9090111481191326 -0.3970939871048350
v -0.4655867432300147 -0.2682064942276863 -0.5080095662059220
vn -0.4394517039758339 0.5393605221181962 -0.7183122072282517
v -0.4836910696353934 0.1900490775969887 -0.5383449484854778
vn -0.8417261599060479 0.0412109001529380 0.5383295769678669
v -0.4892231268370285 0.2686143501564214 -0.4795364925959458
vn -0.8723002736523273 0.2329913535695996 0.4298921512983003
v -0.4647730119594450 -0.1858335663663690 0.4899751145605972
vn -0.7760250264008307 -0.6202841830831616 0.1141608103354425
v -0.4770739763348671 -0.1422068161194901 0.4109026056001370
vn -0.2692184103022582 -0.7985831055081637 0.5383181876467319
v -0.4793096407314939 -0.1408228009858091 0.3947752179280749
vn -0.4424033203865865 0.7000238223619591 0.5605764445966989
v -0.4771993900429928 -0.0807216996140148 0.4076035863470559
vn 0.2904433029980571 -0.8905226002714576 -0.3501602292513250
v -0.4698936511883070 -0.4706660614539324 0.2339500969175930
vn -0.8482920716944524 -0.0348173721851776 -0.5283827322069229
v -0.4752041663963593 -0.1789407510232479 0.5045732552971380
vn -0.1609710784695273 0.9186227495385078 0.3608608539682147
v -0.4697483662709654 -0.1641592346691028 0.5113938775866735
vn -0.3002684619863047 0.9365731733421181 0.1807471762220750
v -0.4637576267780656 0.3722695266649635 -0.5634405365230849
vn -0.0804759108266067 -0.9707407792519623 -0.2262431596179672
v -0.4656542229085307 0.1362399148649924 -0.6123528572540035
vn -0.2115374895176879 0.9395009234554343 0.2694251386840883
v -0.4306068400432401 -0.0627081637095677 0.3738253565137163
vn 0.0485019123405340 -0.8072725227022914 0.5881824874893755
v -0.4492574086539282 0.1509093744021003 -0.5031266015640010
vn -0.7520418769214117 0.2987184548205002 -0.5875374882560033
v -0.4574132338228752 0.1209543572808659 -0.2614223874928653
vn -0.0523082246577063 -0.7622487268186329 -0.6451672094089503
v -0.4613334352900569 -0.3364852830137764 -0.2866823603292458
vn -0.5881368383149189 0.7069921395591656 0.3927558707625947
v -0.4525359720353379 -0.0342946742607176 0.2746357647625239
vn -0.3931732936403369 0.8432971187498178 0.3664215204873547
v -0.4402797178397866 -0.0425062154715236 0.3066098869656410
vn 0.5328075932830078 0.5680412807171766 0.6272520800612451
v -0.4516042585455025 0.0811431987655838 0.0449460303484122
vn -0.5123917784604672 0.7985315027206205 0.3159147108459293
v -0.4510098014111109 -0.1989485577691249 0.5683370797421030
vn -0.9078780370244571 0.2664510479745710 -0.3236685170384527
v -0.4345073774941895 0.1176812544086015 -0.5758602571955888
vn -0.9549774285072407 -0.1976734456284998 0.2212313719503962
v -0.4442601743898534 -0.1336893509441250 0.4429896197314981
vn -0.8302612913314402 0.5573689367970441 -0.0024609775257251
v -0.4559883191595404 -0.2144108683452489 0.6060344275476526
vn -0.4766658228943800 -0.7761822985906032 -0.4127114399178089
v -0.4480647730486583 0.1529521103873557 -0.7072314942293721
vn -0.4878713376745651 -0.8405213203331767 -0.2355959845604413
v -0.4472767168111343 -0.4103544760080945 -0.0246686209521366
vn -0.4990537753129768 0.1884836810965951 -0.8458245866053681
v -0.4463586208469769 -0.0471293126996140 -0.7357813342546320
vn 0.1620852806834612 -0.6893637753904535 0.7060495357729401
v -0.4479040815516651 0.1559283144667180 -0.4975131069228950
vn -0.4925169285764213 0.1774010918392860 -0.8520304734455673
v -0.4445969959280958 -0.0552700482090887 -0.7323687138730183
vn -0.4645238881572746 0.8628983044618934 0.1990579651459278
v -0.4412214037780025 0.0882442760701621 0.0267564670205798
vn -0.0212196182701688 0.0683097567819133 0.9974384717509468
v -0.4417758353099863 0.2741455820899722 -0.4534041711423244
vn -0.7410157450047357 -0.6649608982152048 0.0933952327472039
v -0.4373179175080102 -0.5904242197240807 0.0689176661545952
vn 0.2584951550647871 0.9539844221221490 0.1519670265429352
v -0.4266862738215632 0.0406517706293744 0.2232947676566734
vn -0.7536792461611795 0.5565836998348945 -0.3495456751041502
v -0.4349221706321855 0.1086482582437871 -0.3083736854031650
vn 0.1920447775963376 0.9651939081988816 0.1775373847214778
v -0.4405067472213754 0.0576655896337616 0.1318129817287498
vn -0.5919854434408843 -0.5649560465119478 -0.5747850905022585
v -0.4377764729759637 -0.1799770462970001 -0.7054317986892191
vn -0.4830312281350848 0.8755886801612248 0.0050294949881571
v -0.4389438506889828 0.4150277091938779 -0.6533459986965996
vn -0.7903204572213336 0.4215238382733693 0.4446473081721608
v -0.4320062258857779 0.3476425538033432 -0.4954311514945934
vn -0.7510464869062051 0.0517128909888713 0.6582210505684397
v -0.4258919158603861 0.2846609097901308 -0.4542723534991083
vn -0.6404391595433844 0.1728991668476912 -0.7482937665293876
v -0.4260145388578988 0.1182451233820281 -0.5822451648400030
vn -0.4300038897864140 -0.4112468387181401 -0.8037242639194675
v -0.4223203740934958 -0.1717209431929026 -0.7261550137737104
vn -0.0538369908192192 -0.9472127832183428 0.3160530362570371
v -0.4210914898289506 -0.4616033512875435 0.1634320498309515
vn -0.1448031042750237 -0.9795796457364642 -0.1394839727393080
v -0.4248675077960824 -0.3754548552731328 -0.1743659664731055
vn -0.4597544353707072 0.8233153043991073 0.3328329441313880
v -0.4307230854715943 0.4002129810800621 -0.5439278566615430
vn -0.7463868770631464 0.6314022510059707 -0.2103279039322094
v -0.4198568945342065 0.1634937038031182 -0.2941431161202435
vn 0.9113448140521856 -0.0950444278174730 0.4005211438127036
v -0.4185172013756690 -0.0781562826492073 0.0397945228156483
vn 0.2467910408404016 -0.7123758221669295 -0.6569740254781025
v -0.4239884917472993 -0.3563224184591229 -0.2447486924675338
vn -0.4581832227723229 0.6071930337230262 0.6491415517190345
v -0.4229245820982716 0.3534971455529144 -0.4538835355228915
vn -0.5056119801994310 0.7939722673503860 0.3375863802899893
v -0.4220271216816922 -0.0548731251120399 0.3495313591724013
vn 0.3442613607067385 0.9344684108752024 0.0908454985165415
v -0.4203041395524657 0.0362328204338252 0.2432861711504536
vn 0.8721124926964028 0.0242756723742077 -0.4887028665903720
v -0.4113812328223239 -0.0505367805772608 0.0581661307451313
vn 0.9265936721455028 -0.2064535340054233 -0.3143264306999713
v -0.4097120409658519 0.0570147056532561 0.0489055643630455
vn -0.7863211708268085 0.5986975055869311 0.1525133211019401
v -0.4045428237296475 0.2029564190386587 -0.2424532715417722
vn -0.7583768979911308 0.2690854019831193 -0.5936813345835734
v -0.4082186078483442 0.1182156561643192 -0.3483910758855066
vn -0.3468583788485183 0.8010238254009153 0.4879037775654760
v -0.3963358524917721 0.1955326645969499 -0.1572343750710564
vn 0.3957290379613158 0.5261012798174844 0.7527389799184154
v -0.4099807427524216 0.3314419956007226 -0.4386623026555977
vn 0.9757399535919224 0.1116050050056378 -0.1883503804671624
v -0.4077586369972701 -0.1096643509593725 0.0989653928949637
vn -0.0455598821446261 -0.9949098263383808 -0.0898817812145536
v -0.4084494420776364 -0.2504479834307116 -0.5576424852737053
vn 0.9842803633662915 -0.1471109075207127 0.0977269010045513
v -0.4051486821928237 -0.0215008628152496 -0.0510442476135510
vn 0.0839267728988780 -0.0806979694778796 0.9931989400482298
v -0.4020723873160174 0.2795824430922286 -0.4240714951608335
vn 0.1161704990869558 0.9393695508885808 0.3226286751131613
v -0.3744399420426615 0.4054499237485402 -0.5509677981699169
vn -0.1387468844190456 0.9636380290752958 0.2283660460398769
v -0.3957522267532010 -0.0736367654506808 -0.1137153183922031
vn -0.0955120252078191 -0.9818283935340590 -0.1639831048950771
v -0.3961992272661533 -0.4839124759868339 0.3216736161406556
vn 0.9275645897794409 -0.3733345660597604 0.0156599352574555
v -0.3954143938253004 0.1079962883517404 -0.0724328168306679
vn -0.4825783381745977 -0.7843955831290655 -0.3896687268594399
v -0.4141608524834925 -0.5253504392294761 -0.2560788000846174
vn 0.9477203085026960 -0.1243677094269038 -0.2938688307790739
v -0.3903600824361319 0.0233550988011690 0.1950338574257294
vn 0.4844019384923568 -0.8335112183643927 0.2657325927423143
v -0.3865978364110322 0.1742446204913463 -0.4903244603239728
vn 0.4377004965827341 0.4997635123164194 0.7474320752070946
v -0.3544869428963802 0.3246397866005895 -0.4464778039690707
vn 0.3505289224027152 -0.8941683599966879 0.2785541572836865
v -0.3896020538901959 -0.4924136126320462 0.3714439225606357
vn 0.9102010545734397 -0.2068021440539123 -0.3588410699294373
v -0.3878503240572029 0.0209157440704384 0.2049139573406544
vn -0.9535709161463197 -0.1308807182680672 0.2712429639004543
v -0.3879613300097048 -0.5245074424701983 0.1584545866677214
vn 0.5306737423824518 0.8475761073555371 -0.0003484047047736
v -0.3845047097863293 0.0244463920248862 0.2271434077363863
vn -0.1510631276775015 0.9355670734570423 0.3192086817730938
v -0.3767582873059745 -0.1022260752589129 0.5067171237908290
vn -0.1012064653578246 -0.9931907131038363 -0.0577014624950569
v -0.3887189119351960 0.1412255530954509 -0.6819920343720095
vn -0.3862650860436754 0.4328355266803199 -0.8145260524667348
v -0.3848843332079765 0.1442809028941932 -0.3810847020549495
vn -0.4481512980264464 -0.8914644820468716 0.0667194973460855
v -0.3722015554144108 -0.4707928290181578 0.1799767987392973
vn 0.4785721960523838 -0.8741335733376695 -0.0828199802554672
v -0.3711831002838178 -0.4925578664999030 0.3515828569093601
vn -0.7796294867979627 0.0046404260187093 0.6262238655317361
v -0.3793253843400376 -0.4688385836386340 0.1703337661271649
vn 0.5934209226343370 -0.7352724628178907 -0.3274538349165051
v -0.3771383922583484 -0.4997057219916015 0.3475120131414672
vn 0.3225515371277956 -0.9360384364301250 -0.1406860029354136
v -0.3723290231790575 0.1547302692499818 -0.6546167357984014
vn 0.9607480645430847 0.0076406991516486 -0.2773171040401058
v -0.3753964549649976 0.0108063136671257 0.2454432830625238
vn 0.3383074448851443 0.7314325944843805 -0.5920763738413592
v -0.3837539283151425 0.3859271650688391 -0.7204870290489043
vn -0.6470922780720678 0.4908575463563613 0.5833784816433619
v -0.3624406187078777 -0.5215355446841233 0.2072743160639406
vn -0.0700295863977527 0.9704594803940637 0.2308771403631023
v -0.3422667038091670 0.2560974815589536 -0.2764575501370237
vn -0.0764368863836536 -0.9713726986442813 -0.2249277277893915
v -0.3721417673335440 -0.4947612219993322 0.3149271854599384
vn -0.7833528622971870 0.0402736607084357 0.6202711708470304
v -0.3700648106626455 -0.3574611529721739 0.7701446629630478
vn -0.0152415541402642 0.9634663868365717 0.2673952439058535
v -0.3316464157961132 -0.1154542796565649 0.0340347556639833
vn 0.5691434845606584 0.5682334794586769 0.5942948820278003
v -0.3646696916583215 0.2093654276690334 -0.1849116206545676
vn 0.2561140449650898 -0.8814979589867253 -0.3966950267823603
v -0.3661065412292754 -0.4976149849739172 0.3210222226984667
vn -0.9602855149374100 -0.1530481792980082 -0.2332980596039287
v -0.3648968715531104 0.0698796571014197 0.1809225286433648
vn -0.1965234581134864 0.9124715020873276 -0.3588513456706172
v -0.3635440915760579 -0.0524488258929114 -0.7823749898022884
vn 0.7852846086597952 -0.6117653979130062 0.0952427494267854
v -0.3609796367141188 0.2391244396680729 -0.4604292247783602
vn 0.8459145950903715 -0.2995560352411981 -0.4412422005697854
v -0.3582098587910829 -0.0726185885412122 0.2820274790347548
vn -0.8701995916910670 0.0966231416134212 0.4831321135315402
v -0.3481434848701985 -0.3693614836086198 0.7841863710274174
vn -0.2885002559075919 -0.7594005476999404 0.5831624220526257
v -0.3424543846259298 -0.5258593793787540 0.7623002620193169
vn -0.6091854224878961 0.7091893761050907 0.3548852629342560
v -0.3539584789058356 0.1138862414771543 0.2098464618909883
vn -0.5732951493927750 0.7822458912316957 0.2437704603389135
v -0.3318881094037095 -0.1273296904845819 0.0734520912157470
vn 0.0252121923051523 -0.1512602109506113 0.9881724009211877
v -0.3526570327653716 -0.0173368063848388 -0.2229006333983341
vn 0.8822449830842110 -0.1809361230397867 -0.4346330742155635
v -0.3589027147066122 0.0003387773245550 0.2870992953659766
vn 0.3911298113216393 0.9188268607787202 -0.0526751422116837
v -0.3539940559416629 -0.1764952880971135 0.2642183691877030
vn -0.6234541753225391 -0.6911632615000766 0.3655109262737154
v -0.3527404671607959 -0.6201141997548759 0.2190288777171565
vn -0.3604675077889870 -0.5353868704534219 -0.7638220177335080
v -0.3538716635760981 0.4426117473346967 -0.0649750023507791
vn -0.6626131977209444 0.6918575276064377 0.2868395225563102
v -0.3543568631967254 0.2031024519852755 -0.4061932175393675
vn -0.1236010421830942 0.9921011161401144 0.0214046192395917
v -0.3509089056208831 -0.0066006845126243 0.3900448832037475
vn -0.3835885418024011 -0.1039834066608441 -0.9176313430442060
v -0.3413535589799277 0.2694242722864607 -0.7094300301911947
vn -0.2984929286355185 0.9294595223108830 -0.2168109036469716
v -0.3493032721817008 0.1327648421946847 -0.4089794480069783
vn -0.4293667043293643 -0.5908826694376936 -0.6830094466195363
v -0.3415980491958901 0.1333399831495260 -0.4145162496393363
vn 0.6215465640856807 0.7637179744930918 -0.1743981769097775
v -0.3484098362091949 0.0148917740950721 0.3301268093182905
vn 0.7385636646908259 -0.3778543423862279 -0.5583456000886267
v -0.3442555034416124 0.2127848742713365 -0.6848836222392691
vn -0.9581777245946492 -0.0337741330204784 0.2841738130604852
v -0.3445835874828072 -0.0395668479354091 -0.2047255795161072
vn -0.5407131604501469 0.7395359956371135 -0.4008937381314867
v -0.3436045733599859 0.3572209973453750 -0.7039720626110011
vn -0.9750308071045630 -0.0263913248429990 0.2204958574895584
v -0.3443136527872264 0.0108173431633842 -0.1864906521925408
vn -0.5718712771248227 -0.7302909513878340 0.3736821760810606
v -0.3266622588087987 -0.5634796704422030 0.2439304523004414
vn -0.7517199038189079 0.6482867712906729 0.1210018527627024
v -0.3429216069433403 0.1633511904045152 0.0210612574381621
vn -0.8364988096110852 0.1354064536739947 0.5309753608432970
v -0.3407103739329180 -0.0691088363754881 0.4885662878274852
vn 0.2605086276478409 -0.7462538177375201 -0.6125687671055512
v -0.3286018132129061 -0.5111262407712933 0.3518915385378155
vn -0.9069492432097660 0.4055232894068984 -0.1139909294191497
v -0.3437902148849588 0.2121470971644049 -0.7115335550941946
vn -0.1089220087535776 0.6922395920165132 -0.7134005489582250
v -0.3341448075097336 0.3554327005201753 -0.7097450072219916
vn -0.7751773321888898 -0.4393392799263204 0.4539615631023600
v -0.3396345911551268 -0.4852667872676231 0.2271996489170738
vn 0.3505702326727612 0.7139794925221528 0.6060806845805063
v -0.3363653037665684 0.2156207221183568 -0.4960183750307650
vn 0.1585030029457695 -0.7741799684536695 -0.6127986410740879
v -0.3429065999904066 0.1761474850244792 -0.6867454260516902
vn -0.7858749912934428 0.5660200123562840 -0.2490418512453745
v -0.3369518599786341 -0.0719574553472580 -0.1242100636948224
vn 0.7657581560414340 0.1770407150824003 -0.6182807061999713
v -0.3298782474834670 -0.0302760203724766 0.3403178658100747
vn -0.0169859865374471 -0.4340665973524880 -0.9007206366705399
v -0.3244171596839953 0.2016579356210106 -0.7153376416689133
vn -0.6893685957202204 0.5465889701489318 0.4754066017066458
v -0.3264494052150713 -0.0985111474622062 -0.0247567332990690
vn -0.2320726106896427 0.9315708987595878 0.2798534687152316
v -0.3324525835055374 0.3759485838114905 -0.5761835177797683
vn -0.7132235286925213 -0.6893043249452495 -0.1271681789252419
v -0.3329848002301005 0.0284015514915727 0.1633566526445403
vn -0.0704638217274619 -0.9774055563635409 0.1992817809465721
v -0.3247174522297162 -0.4948158634730851 0.2776192724225273
vn -0.8883530634969653 -0.2810012701821433 -0.3631351273721378
v -0.3281273393223735 -0.0040930524805319 -0.1564999319762655
vn -0.8190558286883152 0.3048727923181789 0.4860042489483130
v -0.3216445532881719 -0.1009931614300916 -0.0145455336382689
vn -0.2116950573351916 0.8188758522333297 -0.5335049590481685
v -0.3229743705761552 -0.0520693009833460 -0.7916910195468561
vn -0.0878252026832630 -0.9377266398369400 -0.3360885042868401
v -0.3196587569915864 -0.2556047535645581 -0.5772919131423119
vn -0.9132886971215257 0.4055846380701607 0.0374814230194471
v -0.3289516034631529 -0.1403620551884870 0.2950973075977567
vn -0.7723901297017404 0.5193176975993936 0.3656810310904757
v -0.3007348249768347 0.5767438567482823 -0.0019014637269261
vn -0.5364947229594560 0.7835125466197153 -0.3134988062595218
v -0.3207963483093475 0.1590479278366611 0.1739288332089768
vn 0.3863893553782003 -0.9180805254604424 0.0884952813470695
v -0.2762446649011881 -0.5312416954341255 0.4962367965417687
vn -0.7194536227903292 0.6909193478135617 -0.0708303569859224
v -0.3343432435387534 0.1533742124749522 0.1830799298389013
vn -0.7084693216292480 0.2261715878537669 -0.6685189848896581
v -0.3232914332260988 -0.3452755579434627 -0.3399508562223008
vn 0.0095184155597588 -0.9670317591074248 -0.2544778509867434
v -0.2849926501240671 -0.3258978626582366 -0.4053591116383133
vn 0.6157856959671749 0.5158908344084366 -0.5955372562783868
v -0.3235418892647439 -0.0096739321291871 0.3697892601737446
vn -0.9658858520676847 -0.2565460252475278 0.0353363510450271
v -0.3184589879226593 0.0702731624885652 0.2485719061654970
vn -0.9012191948083785 0.3611277749554795 -0.2395635470280118
v -0.3110816623817995 0.2132548438118158 -0.0552422669293886
vn 0.0118787616126271 -0.9931403688155108 -0.1163232687450860
v -0.3188012746282522 -0.5347732413452234 0.6472530314573787
vn -0.4893506542402919 0.8152932622762278 -0.3095687866720160
v -0.3148629013799205 0.2743813981911045 -0.3595613027318963
vn 0.4077280379832633 0.2819682513880430 0.8684766849210679
v -0.3207038589480847 0.0728969692244426 -0.1382944858092780
vn -0.0912711051511878 0.9950839816138101 0.0384376755291886
v -0.3010272632852916 0.1390635460624852 -0.5076013041586791
vn 0.1357688155635648 0.9899948370864368 0.0384324246264319
v -0.3189084938411049 -0.0128833955017726 0.4462546215865751
vn 0.9990557480600679 0.0048194815659462 -0.0431785231981560
v -0.3126325470016105 0.0626535054781007 -0.1738388433190442
vn 0.1965786130472381 -0.7240614017398885 -0.6611292879633240
v -0.3049423486832731 -0.5422758539758138 0.6873757024239829
vn 0.4845101126218901 0.6933062227059157 0.5334570576198037
v -0.3107697947525059 0.2605015203390206 -0.2901896548334628
vn 0.9978600258176572 -0.0647520561481270 -0.0090851582140587
v -0.3108424296232093 0.0922722650502984 -0.1771183544607390
vn -0.1669531101992280 0.8161819311031758 0.5531489079221752
v -0.3111450302236541 -0.1856088319342145 0.7200662480973224
vn -0.6159480204383549 -0.3356528968775311 -0.7127027212911380
v -0.3231163434746601 -0.4945184393214457 -0.3886193208504355
vn 0.3762187986836408 0.7571859241504098 -0.5339746171734457
v -0.3062495595740374 -0.1368944421953252 0.2297098546318185
vn -0.5312278464283878 0.7392113441603020 0.4139608240447116
v -0.3089467714089417 -0.1801968503532363 0.7190427009117247
vn 0.2625711973616135 0.0462481438837330 0.9638036498703448
v -0.3016256118385570 0.1215497546178810 -0.1909540627177634
vn 0.3298529498121600 0.7945224074787678 0.5098344589318767
v -0.3015201896559147 0.2463833700587510 -0.2904464960004059
vn -0.4300164389307818 0.0472727791430062 0.9015825789140925
v -0.2919429769316189 0.2935165789230511 -0.1887024366331418
vn -0.9172592765850406 0.3893648140198903 -0.0838478450644031
v -0.3036363063287797 0.2381921093703248 -0.0594070879421262
vn -0.3278507424706092 0.6978043115125466 -0.6368540127030455
v -0.2994907494981984 -0.0529600605992722 -0.8087795120384895
vn -0.4957252347194867 0.3214696893649603 -0.8067922474106365
v -0.2716090291501085 0.2535618283853353 -0.4292723104430744
vn 0.4813590165953118 -0.7236182791071254 0.4946413683512901
v -0.3042695934403295 0.2928830068782132 -0.5079182919344429
vn -0.0299907435153442 -0.8227312293723555 -0.5676388636438218
v -0.2961742312689971 0.1804945612391839 -0.6976421850993783
vn -0.2722301297363596 0.1731834147481036 0.9465190232213567
v -0.3093810539407723 0.1161322397927309 0.2739457968511018
vn -0.4315008230820671 0.6281977434227848 -0.6474369736414656
v -0.3022369160352042 0.1362479636944454 -0.4396397176116942
vn 0.0859926651959189 0.8828692753852889 0.4616785722915432
v -0.3024738985836039 -0.1422515142928544 0.6439283020409444
vn -0.0763281968110981 0.8827041257776067 -0.4636889395993367
v -0.3026857964158398 -0.1471620940858769 0.2259627537633074
vn 0.3156535849930515 -0.1536756515398599 0.9363474827246742
v -0.3022760000000000 0.3276490000000000 -0.5258890000000001
vn -0.3209250068090932 -0.2166169029726209 0.9220001395613417
v -0.2874974018922559 -0.3217271212573671 0.8258602179295325
vn -0.7158858633442554 -0.5295458812822229 -0.4550698740642846
v -0.3008274104138263 0.1242444954193825 -0.6774401443859812
vn 0.0279395223791791 -0.8921779354689531 -0.4508191594770344
v -0.2935691424329468 0.0148639339093915 0.1487262601359038
vn 0.6963629554722656 0.3319930503090513 -0.6362855088656533
v -0.2883078266924058 -0.1717823124680654 0.3689545947986962
vn -0.0202480709345937 -0.9823169907542093 -0.1861272287953115
v -0.3013071900508407 -0.6249595513363978 0.2323339560467168
vn 0.7665628598029844 -0.2589880477694612 -0.5876279206123833
v -0.2970478688859662 -0.0257678343987647 0.3977617346964901
vn 0.0999292381080732 0.8679752848866813 -0.4864494343680794
v -0.2980475569159128 0.1433411435416656 -0.6851469298567981
vn 0.1686695384117013 -0.7441768164261340 -0.6463369498224959
v -0.2939373534199794 -0.5425469470951643 0.6909954328771083
vn -0.6134707586087738 -0.0135759959174131 -0.7896007349710522
v -0.2836794820839917 -0.4846884683178154 -0.4224465775929991
vn -0.9397678133311002 0.1229011659528522 -0.3189541666671122
v -0.2951253284723907 0.2637149544880303 -0.2615643877408588
vn 0.3447839804026046 -0.1209031502567425 0.9308632741255463
v -0.2765346577467125 0.2270745108916481 -0.1889171722138527
vn 0.1435229690482115 0.9857911891200128 0.0872747890798778
v -0.2938723297009837 -0.1422335228166095 0.2414778005189078
vn 0.7145525310741004 0.6902063530296111 0.1141484584791250
v -0.2911877661763578 -0.1792947057774864 0.3620242304861239
vn 0.3821192132098259 0.8255744951358138 -0.4152248305161308
v -0.2965699539056646 0.0976539734793043 -0.7077054502658155
vn 0.8500912047185871 0.0303802561436925 -0.5257584841890283
v -0.2899287356514412 -0.0182225733474433 0.4108822882986282
vn -0.5976695737668962 -0.0463738903127205 0.8004002391869709
v -0.2945216265980024 -0.1185918406310218 0.3165422330351048
vn 0.2573068069869718 -0.9578553636957592 -0.1276961601514864
v -0.2877507560186544 -0.3026890709859200 -0.4721277408576587
vn -0.3053818505447140 0.4664224435144425 0.8301759027723600
v -0.2871557321640765 0.1339955635878166 0.2691103453733089
vn 0.5955453363007119 0.7551252267786911 0.2740650366115722
v -0.2894471602896554 -0.1320902707430115 0.0911922039178547
vn 0.5667674103525659 0.7966258030306973 -0.2101476445453122
v -0.2860196609024411 0.0268318300430998 0.4374712485297436
vn 0.0725441149836531 0.5252927844729628 0.8478235912982605
v -0.2901017948492908 0.2144983279599082 -0.4967472459806261
vn -0.1579678802561935 -0.9246445629480766 -0.3465235648811276
v -0.2841248188289508 -0.2798450217627853 -0.5303265526756935
vn -0.7558515770331760 -0.6098998863279902 -0.2381397114165662
v -0.2761827883450645 0.0492058310318310 0.2952445609099175
vn -0.9460312269671611 -0.0036765653685362 0.3240546257501943
v -0.2833698390394281 0.0826644559953906 0.3125704577106428
vn -0.5525804440934803 0.4241280494654054 -0.7174749127754382
v -0.2819951113206751 0.2096276306131617 -0.4397522294387876
vn -0.7248849624747266 0.6772252134304827 -0.1261261331844095
v -0.2789824933233948 -0.1433811369613026 0.1214942988583424
vn -0.0640384644966942 0.4747563120035331 -0.8777844378192801
v -0.2623198333286225 0.3057301776637802 -0.7351570366077037
vn -0.1125223407698696 0.9249528545341129 0.3630439914347374
v -0.2834259649290716 0.2556206313743291 -0.3190819342399308
vn 0.5345420884856393 -0.6215967552082353 0.5726100152389968
v -0.2743016740638789 0.0139404499645894 0.2046730077153661
vn -0.0677598304501397 0.9964578488850885 0.0498032205050099
v -0.2457459770606406 0.1428757840259891 -0.5504794304638588
vn -0.0454340866272869 0.3460296240392610 0.9371228537708340
v -0.2692397821116072 -0.1494427157590209 0.3641705879219775
vn -0.2116101862216338 0.5734258074977195 -0.7914568670387754
v -0.2778684337908787 0.2580483341773917 -0.1462215564823855
vn -0.9606780897502568 -0.0783701012767471 0.2663751773339061
v -0.2750399507848638 0.2814899336177724 -0.0895899091278743
vn -0.0864562794432735 -0.9757954635100420 -0.2008694231037891
v -0.2474623358409531 0.1923441654411224 -0.4792960994410829
vn 0.6093683444636611 -0.7429404500493896 0.2769651755113399
v -0.2705717883840373 -0.0725296976195776 -0.0109402076255747
vn -0.1567207971731739 0.9754851238295363 -0.1544906628915771
v -0.2693696384567301 0.3086948873693893 -0.0692534853476507
vn 0.7096706876742933 0.0534630063166032 -0.7025021153074819
v -0.2621160794029622 -0.1374701564864944 0.4110565090004430
vn 0.0346209584553946 0.2414598858238150 0.9697930257398121
v -0.2481667150309055 0.2359261907928290 -0.4911133531727275
vn 0.4838290488232854 -0.7098448875448237 -0.5118883541762125
v -0.2691733247001177 -0.2433695337193037 -0.5881249093619997
vn -0.2159158048812161 -0.6637822460716776 -0.7160820448821039
v -0.2719863750627192 0.1513811081679068 -0.6440834148604105
vn -0.8533937404830945 -0.0526313103207790 -0.5186029973671485
v -0.2654119710839384 -0.1052546190904112 0.0918868884082452
vn 0.2577370677060835 0.9643441725184344 -0.0600992583981350
v -0.2630542812266218 -0.0218708852691224 0.5261494048459898
vn -0.6261096054230935 0.7535147293092407 0.2005051488390259
v -0.2553613656508109 -0.0929819199383966 0.2379194581569678
vn 0.4994428082181019 -0.7345728769058176 -0.4593033527349074
v -0.2409045319411934 0.0538990174237328 -0.0124808174205764
vn -0.3503334341096096 0.6441662355536174 -0.6799384868630759
v -0.2548994317932320 0.2102114497501044 -0.4529865620566280
vn 0.8181291910907341 0.1772851909703998 -0.5470233886661613
v -0.2685231075873159 -0.0466624963917501 -0.0746057219482230
vn -0.2868170331667564 -0.8358229308917020 -0.4681196617116450
v -0.2690655847275722 -0.3168197703615760 -0.3797512778269486
vn -0.8526427536241393 0.4172475966927492 0.3144912999533853
v -0.2679201406163586 -0.1123295503828665 0.1880810114488193
vn -0.5251903121542486 0.7488233231915874 0.4042756073072311
v -0.2587349238980263 -0.0688252162438805 0.1865628256864572
vn 0.9264581178969759 0.3590816102666856 0.1128527932799073
v -0.2678780989958239 -0.0566461967594782 -0.0205111671410933
vn 0.0307860783770259 -0.9752077812937487 -0.2191392267082444
v -0.2593126219512724 -0.3226821518919503 -0.4138481039893991
vn -0.5447680174002733 0.4858179068231676 0.6835267139093626
v -0.2667748939150539 -0.1155931066007894 0.5934888128734584
vn -0.6318454181382386 0.0548744268729102 0.7731495100257674
v -0.2614156626016161 0.1083496698342844 0.3684926493706030
vn -0.1324296430533942 0.2474501033270850 -0.9598077078270238
v -0.2650999299020833 0.1240418537199787 -0.6879155020662875
vn -0.7219458284849528 0.5079031135786520 0.4699240874335831
v -0.2566780781746545 -0.0839754082127485 0.2032321377010377
vn -0.9178416560426472 -0.2365192729039579 0.3187872770012536
v -0.2615632092621916 0.2908425030946958 -0.0446069247244806
vn -0.6918595619982758 0.7004933247755937 0.1750412763218685
v -0.2618248326518333 -0.0830946635932738 0.1441240459202082
vn -0.0711064601734334 -0.9963210372394810 -0.0478357823773046
v -0.2289497723871463 -0.5412416686806092 0.6071897243824472
vn 0.5202047236612648 0.8241830323586127 -0.2238512333061164
v -0.2619760825380495 0.0253332790700334 0.4732636526809301
vn 0.7854815274245169 0.6153747984868981 -0.0658226971648626
v -0.2523263343304590 -0.0593560612613593 -0.0447400316339598
vn 0.5085010527460005 -0.6710797216233422 -0.5395170864598698
v -0.2509870307369954 -0.2785883252968829 -0.5360928764631280
vn 0.0365509773414072 0.9641454151874121 0.2628452861066385
v -0.2577992646554216 0.2665577376324225 -0.3429567487931608
vn -0.8143907985586932 0.4323025376499339 -0.3871461522014154
v -0.2583473285784177 -0.0657971122862921 0.0928306828255571
vn -0.9059349495615601 0.3202377598841146 -0.2770011630071211
v -0.2510076844354210 -0.0780525954234929 0.0709972603317765
vn 0.1359230777592961 0.3507162081885174 0.9265651937377687
v -0.2319389834095412 0.0775762559981054 -0.1841281730918301
vn -0.1940247577401533 -0.9119227775276744 0.3615954109361547
v -0.2458160144083963 -0.1123603640049979 0.0410511493895035
vn -0.1913622293102185 0.2372886052137285 -0.9524046487859803
v -0.2385340329240708 0.0093426374351738 0.3215370495192140
vn 0.0725160316461102 0.8904389763777303 0.4492881642127692
v -0.2479820885577199 -0.1103489945370447 0.2910292677798104
vn -0.7590591275239088 0.1637441240157554 -0.6300929318544650
v -0.2469275242743687 -0.0597734443789213 0.1314447799618135
vn -0.3293103457273803 -0.4015434778398735 -0.8545861756436106
v -0.2426169219643992 0.1660788917724834 -0.1388206623435539
vn -0.6863101785611356 0.1609335841638163 -0.7092804242974493
v -0.2479117178928898 -0.0413312628807845 0.1273150692867452
vn -0.5891333680243058 -0.2658835086279585 -0.7630385537572949
v -0.2528224488785695 -0.3161306022500228 -0.3910581707611465
vn -0.0085660025298686 -0.9900777984240826 -0.1402589628807366
v -0.2524874472777853 -0.5099665156294968 0.4167463757312693
vn -0.3563387770209164 0.9310087862821957 -0.0790273108272749
v -0.2487321287802252 -0.0493796646705450 -0.0681226726736414
vn 0.5515275541253131 0.7472727536971271 0.3706761236206924
v -0.1964032194603741 0.3633813332743567 -0.5448465097322009
vn 0.0267688976969298 0.5975652938436419 0.8013732873696584
v -0.2571497809012539 -0.0600640567494198 -0.1669895138125501
vn 0.7320941623264190 -0.0096556353984587 -0.6811350131894786
v -0.2338349587690786 -0.0504000202908097 0.3269853536930901
vn -0.3003944915863680 0.8408240065935438 -0.4503089376867260
v -0.2439378133416656 0.2869806719229267 -0.4272060373478228
vn -0.1224851429083045 -0.9444219644168816 0.3050648175284895
v -0.2410883669027020 0.0357354219116821 0.3414714230569495
vn -0.0213489771631276 0.3205641240083648 0.9469862003075008
v -0.2434906062986012 -0.0672445539883684 0.5945596165357669
vn 0.5395724366400398 -0.6405518050454417 -0.5464018399231069
v -0.2435341896993812 -0.2875582810359350 -0.5174168042698418
vn -0.4786746422633962 -0.0871250265051588 0.8736588674136405
v -0.2296219519592083 0.2550685607996732 0.0247485306603598
vn -0.3336328636338712 0.5836547274425681 0.7402947193094143
v -0.2454092778771989 0.1452607409284713 0.3651483766705372
vn -0.0431966088335389 -0.9085366838841596 -0.4155660561475838
v -0.2269355651061101 0.1568027149630422 -0.6617409171258906
vn -0.4743281736407323 -0.6609826393543250 -0.5814763401573942
v -0.2355223351602553 0.2062040013521243 -0.1606824022956892
vn -0.0813077074436978 0.9585753440272975 -0.2729878505230562
v -0.2263806198428408 0.3040159966649795 -0.4080441782067560
vn -0.2131223517689421 0.3817284699956222 0.8993676880849548
v -0.2315179351883006 0.0137589413077384 0.3886341268037146
vn -0.5078587329815760 -0.2381845544554233 0.8278572493813290
v -0.2390059320347197 0.2547197054597484 0.0127110206155878
vn 0.7370479524207914 -0.1137906192659999 0.6661921725743849
v -0.2286414665612354 -0.0397849980001674 0.5357516088061848
vn -0.3986315628211677 0.9060977584811315 -0.1417029611483919
v -0.2283753470214070 -0.0607815659361472 -0.1045948883949819
vn 0.1438866073677532 0.1023041100463211 0.9842918841928080
v -0.2360225641716276 0.1556834028837573 -0.1852927071073158
vn -0.0429941265817182 0.9984077598606272 0.0365164364301805
v -0.2311767746010294 -0.0412267128595697 0.5387997203100825
vn -0.2357889438334658 0.7075608512370384 -0.6661540480719279
v -0.2301767907481449 0.1047407409840284 -0.7197105958311433
vn -0.5234967894443683 0.8488538383009423 0.0734729381690735
v -0.2315702959425972 -0.0446129244668250×Nz×zo+^²‰¢¶×81517029 0.0190245565026999
f 14400/42276/14400 2619/42278/2619 12503/42322/12503
vt 0.4562159776687622 0.1718132048845291
vt 0.4556429982185364 0.1728100031614304
f 5637/42246/5637 14407/42323/14407 5640/42324/5640
f 27324/42122/27324 18398/42154/18398 8930/42314/8930
f 7221/42023/7221 7231/42179/7231 14414/42315/14414
vt 0.9703214168548584 0.1607637852430344
f 4083/42269/4083 27336/42325/27336 1236/42163/1236
f 5637/42246/5637 22737/42248/22737 14407/42323/14407
f 20492/41465/20492 18397/42253/18397 25039/42311/25039
f 7215/42038/7215 25040/42294/25040 22754/42289/22754
f 25014/41961/25014 25034/42207/25034 4086/42242/4086
vt 0.3025760352611542 0.5184571743011475
f 29764/42171/29764 10684/42008/10684 29767/42326/29767
vt 0.3207420110702515 0.0836319997906685
f 4081/42258/4081 25055/42257/25055 4080/42327/4080
vt 0.3194378614425659 0.0849067866802216
f 4080/42327/4080 25055/42257/25055 29771/42328/29771
vt 0.0754105672240257 0.9090133309364319
f 20492/41465/20492 25043/42329/25043 4084/41749/4084
f 4083/42269/4083 5637/42203/5637 27336/42325/27336
vt 0.7678630352020264 0.9677145481109619
f 24997/41947/24997 8921/42330/8921 14386/41948/14386
vt 0.1130523160099983 0.0898055806756020
vt 0.1124628484249115 0.0916198417544365
vt 0.1123527362942696 0.0908945947885513
f 7222/42331/7222 12499/42332/12499 25042/42333/25042
f 22736/42277/22736 14400/42276/14400 12503/42322/12503
f 20484/41805/20484 20500/42270/20500 25039/42311/25039
vt 0.0690335631370544 0.4407384991645813
f 12486/41981/12486 4099/42334/4099 2611/41980/2611
vt 0.8510410785675049 0.3383165299892426
f 22733/42119/22733 10682/42335/10682 5633/42094/5633
vt 0.0891217067837715 0.9141408801078796
f 20500/42270/20500 16344/42095/16344 16362/42336/16362
vt 0.5688695907592773 0.9598370194435120
f 27329/42080/27329 2633/42337/2633 12482/41895/12482
vt 0.4080738127231598 0.3718180954456329
f 25028/41122/25028 8917/42147/8917 8942/42338/8942
f 25028/41122/25028 8942/42338/8942 16383/42309/16383
vt 0.0687181130051613 0.9082157611846924
f 22741/41852/22741 7227/42313/7227 18401/42339/18401
vt 0.3578059673309326 0.5044470429420471
f 22708/41834/22708 20518/42340/20518 20471/41502/20471
vt 0.5439527630805969 0.7378016114234924
f 16360/42232/16360 7225/42178/7225 10691/42341/10691
f 12486/41981/12486 14414/42315/14414 4099/42334/4099
vt 0.0189059264957905 0.2338401228189468
vt 0.0157974939793348 0.2343546152114868
f 2619/42300/2619 8928/42342/8928 27342/42343/27342
vt 0.8194090127944946 0.0216259993612766
f 2619/42278/2619 27342/42344/27342 12503/42322/12503
vt 0.8499405384063721 0.3367447257041931
f 8929/42126/8929 20505/41888/20505 29773/42345/29773
vt 0.3933574855327606 0.3829628527164459
f 20493/42144/20493 12511/42346/12511 14405/42204/14405
vt 0.1035658866167068 0.0737685188651085
f 18387/42017/18387 22743/42241/22743 7230/42347/7230
f 27315/41631/27315 10680/42312/10680 16344/41972/16344
vt 0.4367269277572632 0.0090375058352947
vt 0.4381917715072632 0.0071243611164391
f 10674/42317/10674 29772/42348/29772 25038/42349/25038
vt 0.1757495999336243 0.2866503894329071
f 25032/41998/25032 10690/42350/10690 8919/41719/8919
vt 0.8002308011054993 0.1411871910095215
f 25033/42216/25033 20495/42263/20495 22747/42351/22747
f 25033/42216/25033 22747/42351/22747 7224/42280/7224
vt 0.5471574068069458 0.7365571260452271
f 14394/42152/14394 14404/42296/14404 20502/42352/20502
f 14394/42152/14394 20502/42352/20502 7225/42178/7225
vt 0.4325035214424133 0.0184734947979450
f 5635/42318/5635 20501/42353/20501 29769/42319/29769
vt 0.4111674427986145 0.3697505593299866
f 12488/42029/12488 27351/42354/27351 29759/41747/29759
vt 0.1015759631991386 0.0755550339818001
f 4072/41936/4072 18387/42017/18387 14408/42355/14408
vt 0.1917843818664551 0.4335021078586578
f 12497/42285/12497 4085/42356/4085 5636/42183/5636
f 29759/41747/29759 27351/42354/27351 8917/42147/8917
vt 0.3589909970760345 0.4979819953441620
vt 0.3612979948520660 0.4959140121936798
f 20471/41502/20471 14415/42357/14415 22744/42358/22744
vt 0.7991049885749817 0.1356576383113861
f 20495/42263/20495 10678/42283/10678 27345/42359/27345
vt 0.1979959458112717 0.4468204379081726
f 27328/42192/27328 25031/42140/25031 18399/42360/18399
f 18387/42017/18387 7230/42347/7230 14408/42355/14408
vt 0.2938068509101868 0.5368223786354065
f 29762/41960/29762 8932/42361/8932 25036/42010/25036
f 22734/42168/22734 20497/42112/20497 20503/42272/20503
vt 0.7851130366325378 0.4516521692276001
vt 0.7822160124778748 0.4495339989662170
f 5632/42105/5632 2625/42362/2625 7217/42363/7217
f 8926/41463/8926 5643/42286/5643 18395/42212/18395
vt 0.8237552046775818 0.0214097443968058
f 22736/42277/22736 12503/42322/12503 27337/42364/27337
f 4072/41936/4072 14408/42355/14408 16363/42316/16363
f 20495/42263/20495 27345/42359/27345 22747/42351/22747
vt 0.0107829999178648 0.8808240294456482
f 18390/42185/18390 10681/42011/10681 1237/42365/1237
vt 0.0092329997569323 0.8791379928588867
f 18390/42185/18390 1237/42365/1237 18403/42366/18403
vt 0.5334370136260986 0.7418422698974609
vt 0.5383796691894531 0.7437577247619629
f 5639/42367/5639 5621/42187/5621 20510/42368/20510
f 18389/42121/18389 4085/42356/4085 12497/42285/12497
f 18389/42121/18389 7235/42189/7235 4085/42356/4085
vt 0.0216517150402069 0.2334870994091034
f 2619/42300/2619 20509/42369/20509 8928/42342/8928
vt 0.1989395320415497 0.4423416852951050
f 4076/42022/4076 22740/42282/22740 5647/42370/5647
f 4076/42022/4076 5647/42370/5647 5641/42188/5641
f 10674/42317/10674 29769/42319/29769 29772/42348/29772
vt 0.2882698178291321 0.5327854156494141
f 25036/42010/25036 12517/42371/12517 18421/42076/18421
vt 0.1869185119867325 0.4262208640575409
f 5636/42183/5636 1240/42372/1240 14406/42227/14406
f 5636/42183/5636 14406/42227/14406 29768/42074/29768
vt 0.2345589995384216 0.2702910006046295
f 14395/41686/14395 2610/41685/2610 14402/42373/14402
f 12482/41895/12482 2633/42337/2633 8925/41881/8925
f 27328/42192/27328 18399/42360/18399 5647/42370/5647
f 27328/42192/27328 5647/42370/5647 22740/42282/22740
vt 0.2094808965921402 0.4600983858108521
f 18393/41838/18393 1234/42196/1234 12512/42374/12512
vt 0.8542813062667847 0.3250289857387543
f 20498/42045/20498 4088/42375/4088 12505/42046/12505
vt 0.6857540011405945 0.0194756593555212
vt 0.6881456375122070 0.0246764291077852
f 5635/42376/5635 8916/42292/8916 20501/42377/20501
f 20492/41465/20492 25039/42311/25039 25043/42329/25043
f 27331/42181/27331 25041/42169/25041 1235/42273/1235
vt 0.9733020067214966 0.1612475216388702
vt 0.9689466357231140 0.1638481914997101
f 5637/42203/5637 5640/42378/5640 8940/42379/8940
f 5637/42203/5637 8940/42379/8940 27336/42325/27336
f 5633/42094/5633 10682/42335/10682 20505/41888/20505
vt 0.1050663590431213 0.0813178271055222
f 18396/42030/18396 18408/42380/18408 12501/42195/12501
f 25005/41756/25005 2627/42047/2627 22733/42119/22733
f 5631/42228/5631 14406/42227/14406 22735/42238/22735
f 20471/41502/20471 20518/42340/20518 14415/42357/14415
vt 0.2013759762048721 0.4551258087158203
f 20499/42191/20499 27354/42381/27354 25031/42140/25031
f 25037/42186/25037 20510/42368/20510 5621/42187/5621
vt 0.0658300966024399 0.9084141850471497
f 22741/41852/22741 18401/42339/18401 22749/42382/22749
f 7222/42279/7222 10676/42267/10676 27331/42181/27331
vt 0.5355418920516968 0.7447057962417603
f 5639/42367/5639 20510/42368/20510 12500/42383/12500
f 2619/42300/2619 27337/42299/27337 20509/42369/20509
f 4084/41749/4084 25043/42329/25043 7227/42313/7227
f 12489/42075/12489 29768/42074/29768 14406/42227/14406
vt 0.2819142043590546 0.5564160943031311
f 18398/42154/18398 27332/42214/27332 1239/42384/1239
vt 0.0703504234552383 0.9091182351112366
f 7227/42313/7227 25043/42329/25043 2626/42385/2626
vt 0.8558803796768188 0.3272739946842194
f 22742/41909/22742 7228/42386/7228 20498/42045/20498
f 25032/41998/25032 18395/42212/18395 10690/42350/10690
vt 0.8427910208702087 0.7572532892227173
f 29758/42090/29758 22751/42116/22751 18405/42387/18405
vt 0.5746425986289978 0.7057667970657349
vt 0.5741940140724182 0.7110793590545654
f 22708/42388/22708 16340/42303/16340 20518/42389/20518
f 4082/42236/4082 1233/42070/1233 14413/42068/14413
f 16353/42024/16353 25029/42184/25029 1241/42271/1241
vt 0.1856844574213028 0.4312886595726013
f 5636/42183/5636 4085/42356/4085 5651/42390/5651
f 5636/42183/5636 5651/42390/5651 1240/42372/1240
vt 0.2125990092754364 0.4616616070270538
f 1234/42196/1234 14397/42213/14397 18403/42391/18403
vt 0.1545107066631317 0.3001627922058105
f 27335/42174/27335 2621/42251/2621 4093/42392/4093
vt 0.8425642848014832 0.3465417027473450
f 2627/42047/2627 10670/42229/10670 22759/42393/22759
f 25011/41547/25011 22754/42289/22754 20516/42210/20516
f 22741/41852/22741 22749/42382/22749 12504/41829/12504
vt 0.0812671929597855 0.4443351924419403
f 22720/42028/22720 10679/41939/10679 2622/42394/2622
f 25039/42311/25039 20500/42270/20500 16362/42336/16362
vt 0.0814273282885551 0.9139510393142700
f 25039/42311/25039 16362/42336/16362 29770/42395/29770
f 12499/42332/12499 10676/42267/10676 25042/42333/25042
vt 0.7688765525817871 0.9666957259178162
vt 0.7697910070419312 0.9645539522171021
f 14386/41948/14386 22763/42396/22763 1238/42397/1238
f 14386/41948/14386 1238/42397/1238 10680/42312/10680
f 25041/42169/25041 16361/42145/16361 12501/42195/12501
f 29758/42090/29758 18405/42387/18405 2624/42072/2624
f 25027/41865/25027 5644/42262/5644 10670/42134/10670
vt 0.2145626544952393 0.4616037905216217
f 18390/42398/18390 18403/42391/18403 14397/42213/14397
vt 0.9685209989547729 0.1623077988624573
f 27336/42325/27336 8940/42379/8940 25045/42399/25045
f 22742/41909/22742 8929/42126/8929 7228/42386/7228
vt 0.7979360818862915 0.1348039954900742
f 29765/41765/29765 2623/42400/2623 10678/42283/10678
f 18401/42339/18401 7227/42313/7227 2626/42385/2626
f 7222/42279/7222 25042/42333/25042 10676/42267/10676
vt 0.1071787700057030 0.0755701884627342
f 1235/42273/1235 25041/42169/25041 4090/42401/4090
vt 0.2845144867897034 0.5525087714195251
f 1239/42384/1239 18409/42402/18409 18398/42154/18398
vt 0.5547521710395813 0.0971856936812401
f 5638/42054/5638 5642/42403/5642 7213/41841/7213
f 14403/42190/14403 27335/42174/27335 4093/42392/4093
f 14386/41948/14386 8921/42330/8921 22763/42396/22763
vt 0.6911970973014832 0.0232887081801891
f 8916/42292/8916 22739/42291/22739 4091/42404/4091
f 8916/42292/8916 4091/42404/4091 20501/42377/20501
f 25036/42010/25036 8932/42361/8932 12517/42371/12517
vt 0.0803618431091309 0.4444653093814850
f 10679/41939/10679 29766/42235/29766 29776/42405/29776
f 27336/42325/27336 25045/42399/25045 1236/42163/1236
f 25039/42311/25039 29770/42395/29770 25043/42329/25043
vt 0.7712212204933167 0.9590490460395813
f 16344/41972/16344 10680/42312/10680 10700/42406/10700
vt 0.7730071544647217 0.9544503688812256
f 16344/41972/16344 10700/42406/10700 8954/42407/8954
vt 0.0196438189595938 0.2363597601652145
f 8928/42342/8928 20509/42369/20509 22745/42408/22745
f 20498/42045/20498 7228/42386/7228 4088/42375/4088
f 18396/42030/18396 16363/42316/16363 18408/42380/18408
f 18393/41838/18393 12512/42374/12512 20499/42191/20499
vt 0.5468382239341736 0.1311037093400955
f 12502/42293/12502 2616/42194/2616 12507/42409/12507
vt 0.2882947921752930 0.5467337369918823
f 8930/42314/8930 1244/42410/1244 25034/42207/25034
f 10678/42283/10678 2623/42400/2623 27345/42359/27345
vt 0.5453463792800903 0.1318747550249100
f 20491/42175/20491 12502/42293/12502 18402/42411/18402
f 4086/42242/4086 25034/42207/25034 1244/42410/1244
f 10679/41939/10679 29776/42405/29776 2622/42394/2622
f 25041/42169/25041 12501/42195/12501 4090/42401/4090
vt 0.3518750071525574 0.1099260002374649
f 20491/42250/20491 18402/42412/18402 2609/41671/2609
f 18400/42182/18400 27331/42181/27331 10676/42267/10676
vt 0.0628955736756325 0.9087677001953125
f 12504/41829/12504 22749/42382/22749 27341/42413/27341
vt 0.0194563977420330 0.2379959523677826
f 22745/42408/22745 20507/42414/20507 8928/42342/8928
vt 0.1550480574369431 0.2968015670776367
f 14403/42190/14403 1242/42415/1242 27333/42268/27333
vt 0.3646689951419830 0.4104689955711365
f 7201/41883/7201 4087/42135/4087 10683/42416/10683
vt 0.5887010097503662 0.7132380008697510
f 7201/42304/7201 10683/42417/10683 2620/42305/2620
vt 0.9952932000160217 0.2535450458526611
vt 0.9969054460525513 0.2520092725753784
vt 0.9982203245162964 0.2547928392887115
f 12509/42418/12509 25044/42419/25044 4089/42420/4089
f 20504/42230/20504 12511/42346/12511 20493/42144/20493
vt 0.0645835176110268 0.4460756182670593
f 20496/42099/20496 25049/42421/25049 7231/42179/7231
f 8928/42342/8928 20507/42414/20507 27342/42343/27342
vt 0.3178018629550934 0.0847984924912453
vt 0.3155004680156708 0.0900517404079437
vt 0.3157800734043121 0.0864211544394493
f 12498/42422/12498 20522/42423/20522 7229/42424/7229
f 20505/41888/20505 10682/42335/10682 29773/42345/29773
vt 0.5414652228355408 0.7406847476959229
f 16360/42232/16360 5646/42425/5646 25037/42186/25037
f 1234/42196/1234 18403/42391/18403 12512/42374/12512
vt 0.8380680084228516 0.8055212497711182
f 10672/42146/10672 12514/42426/12514 22723/42016/22723
vt 0.8380020260810852 0.8063780069351196
f 14389/42040/14389 22723/42016/22723 7233/42427/7233
vt 0.5561879873275757 0.7215920090675354
vt 0.5582494735717773 0.7240602374076843
vt 0.5559589862823486 0.7249911427497864
f 14389/42428/14389 7233/42429/7233 29779/42430/29779
vt 0.3831569850444794 0.3930230140686035
f 22748/42431/22748 22754/42289/22754 25040/42294/25040
vt 0.5673208236694336 0.9557495117187500
f 27329/42080/27329 14427/42432/14427 2633/42337/2633
vt 0.1856212615966797 0.4248718619346619
f 1240/42372/1240 22743/42433/22743 2614/42295/2614
vt 0.1839389950037003 0.4265690147876740
f 1240/42372/1240 5651/42390/5651 22743/42434/22743
vt 0.8508600592613220 0.5135655999183655
vt 0.8517959713935852 0.5118179917335510
f 7218/42019/7218 27339/42435/27339 8927/42436/8927
vt 0.1125557944178581 0.0741992071270943
f 4090/42401/4090 22752/42437/22752 1235/42273/1235
f 29765/41765/29765 18394/42281/18394 2623/42400/2623
f 12498/42422/12498 29771/42328/29771 20522/42423/20522
f 7218/42019/7218 25038/42249/25038 27339/42435/27339
vt 0.4306058287620544 0.0145692843943834
f 20501/42353/20501 2630/42438/2630 29769/42319/29769
f 5644/42262/5644 8919/41719/8919 10690/42350/10690
f 4090/42401/4090 12501/42195/12501 16363/42316/16363
vt 0.8517997264862061 0.3312157690525055
f 8929/42126/8929 29773/42345/29773 5653/42439/5653
f 29760/42141/29760 7224/42280/7224 27334/42306/27334
vt 0.4571995139122009 0.1704042106866837
f 22737/42248/22737 18407/42440/18407 14407/42323/14407
f 5641/42188/5641 5647/42370/5647 7235/42189/7235
vt 0.3842091560363770 0.3921720087528229
f 25040/42294/25040 14405/42204/14405 14409/42441/14409
vt 0.3419154882431030 0.0996427536010742
f 29748/41933/29748 16358/42180/16358 20519/42442/20519
f 4086/42242/4086 1244/42410/1244 7220/41959/7220
f 16360/42232/16360 10691/42341/10691 5646/42425/5646
f 25040/42294/25040 14409/42441/14409 22748/42431/22748
f 22723/42016/22723 12514/42426/12514 7233/42427/7233
vt 0.8236773014068604 0.0198691822588444
vt 0.8241770267486572 0.0207180008292198
f 12503/42322/12503 5650/42443/5650 27337/42444/27337
f 22743/42241/22743 4090/42401/4090 7230/42347/7230
vt 0.1793264448642731 0.4287952184677124
f 22743/42434/22743 5651/42390/5651 22752/42445/22752
vt 0.1796109974384308 0.4257709980010986
f 22743/42434/22743 22752/42445/22752 4090/42446/4090
f 1240/42372/1240 2614/42295/2614 14406/42227/14406
vt 0.8529160618782043 0.3300835192203522
f 8929/42126/8929 29789/42447/29789 7228/42386/7228
f 5632/42105/5632 1241/42271/1241 2625/42362/2625
vt 0.1235090941190720 0.0776356905698776
f 20496/42302/20496 1235/42273/1235 27350/42448/27350
f 22710/41957/22710 2644/41956/2644 25055/42257/25055
vt 0.7883173227310181 0.0560483112931252
f 7216/41975/7216 20508/42449/20508 16365/41963/16365
vt 0.2772745192050934 0.5533891320228577
f 1239/42384/1239 12508/42450/12508 18409/42402/18409
vt 0.2895798683166504 0.5352805256843567
f 29762/41960/29762 5648/42284/5648 8933/42451/8933
f 29762/41960/29762 8933/42451/8933 8932/42361/8932
f 12502/42293/12502 12507/42409/12507 18402/42411/18402
f 14403/42190/14403 4093/42392/4093 1242/42415/1242
vt 0.5411722660064697 0.7430729866027832
f 25037/42186/25037 12506/42452/12506 20510/42368/20510
vt 0.5485799908638000 0.7354662418365479
f 14404/42296/14404 16370/42453/16370 20502/42352/20502
vt 0.4325355887413025 0.0089131221175194
f 29772/42348/29772 29769/42319/29769 18418/42454/18418
f 18398/42154/18398 18409/42402/18409 8930/42314/8930
f 14405/42204/14405 12511/42346/12511 14409/42441/14409
vt 0.1897982209920883 0.4375759959220886
f 4085/42356/4085 4096/42455/4096 5651/42390/5651
vt 0.2042557299137115 0.4594305455684662
f 20499/42191/20499 12512/42374/12512 18404/42456/18404
vt 0.4273726046085358 0.0160308852791786
f 20501/42353/20501 22746/42457/22746 2630/42438/2630
f 18401/42339/18401 2626/42385/2626 22749/42382/22749
vt 0.6980249881744385 0.0129530001431704
vt 0.6977587342262268 0.0167500562965870
f 7217/42108/7217 2625/42458/2625 10688/42459/10688
vt 0.3379946947097778 0.0987316295504570
f 29748/41933/29748 20519/42442/20519 18406/42460/18406
f 29748/41933/29748 18406/42460/18406 29734/41955/29734
f 25037/42186/25037 5646/42425/5646 12506/42452/12506
vt 0.4686235189437866 0.1607456803321838
f 25026/41771/25026 18427/42461/18427 14413/42068/14413
vt 0.5602030158042908 0.9559832215309143
f 7229/42297/7229 12510/42462/12510 27329/42080/27329
vt 0.3021838366985321 0.5164089202880859
f 29764/42171/29764 29767/42326/29767 20515/42463/20515
vt 0.9630895256996155 0.1625231504440308
f 8913/42260/8913 5629/41318/5629 18410/42464/18410
f 8929/42126/8929 5653/42439/5653 29789/42447/29789
vt 0.5490413308143616 0.1281620413064957
f 2616/42194/2616 12527/42465/12527 12507/42409/12507
vt 0.8600111603736877 0.3147815167903900
f 27332/42240/27332 12505/42046/12505 8931/42466/8931
f 2611/41980/2611 4099/42334/4099 29766/42235/29766
f 12504/41829/12504 27341/42413/27341 5645/42310/5645
f 16340/42303/16340 2620/42305/2620 20518/42389/20518
vt 0.9671186804771423 0.6361912488937378
vt 0.9668949842453003 0.6365295052528381
vt 0.9668571352958679 0.6357645392417908
f 4092/42467/4092 20513/42468/20513 7232/42469/7232
vt 0.8229012489318848 0.0185981076210737
f 12503/42322/12503 20511/42470/20511 5650/42443/5650
vt 0.8225297927856445 0.3656109869480133
f 7226/42239/7226 22728/42018/22728 14411/42471/14411
vt 0.2109080702066422 0.4623710513114929
f 18403/42391/18403 1237/42472/1237 12512/42374/12512
f 22737/42248/22737 4082/42236/4082 18407/42440/18407
vt 0.2939493060112000 0.5220602154731750
f 18421/42076/18421 22755/42473/22755 10684/42008/10684
f 4090/42401/4090 16363/42316/16363 7230/42347/7230
f 7226/42239/7226 14411/42471/14411 29782/42138/29782
vt 0.0260752867907286 0.2325982451438904
f 27337/42299/27337 20517/42474/20517 20509/42369/20509
f 7217/42108/7217 10688/42459/10688 22739/42291/22739
vt 0.5628908276557922 0.9555059075355530
f 27329/42080/27329 12510/42462/12510 1246/42475/1246
f 10672/42146/10672 22744/42158/22744 12514/42426/12514
vt 0.5520384311676025 0.0964574292302132
f 5638/42054/5638 14410/42155/14410 16377/42476/16377
vt 0.5710057020187378 0.9589872360229492
f 8925/41881/8925 2633/42337/2633 2628/42477/2628
vt 0.9994699954986572 0.2527849972248077
f 4089/42420/4089 25044/42419/25044 29780/42478/29780
vt 0.5503727793693542 0.1194523274898529
f 20503/42272/20503 12516/42479/12516 16364/41908/16364
f 8917/42147/8917 27351/42354/27351 8942/42338/8942
vt 0.9937947392463684 0.2518015503883362
f 12509/42418/12509 29778/42480/29778 25044/42419/25044
f 14406/42227/14406 2614/42295/2614 22735/42238/22735
vt 0.0204056538641453 0.2408858388662338
f 20507/42414/20507 22745/42408/22745 8939/42481/8939
f 29769/42319/29769 2630/42438/2630 18418/42454/18418
f 4082/42236/4082 14413/42068/14413 18407/42440/18407
vt 0.9756159782409668 0.1619029939174652
vt 0.9767209887504578 0.1633339971303940
f 14407/42482/14407 5649/42483/5649 5640/42378/5640
f 29771/42328/29771 25055/42257/25055 20522/42423/20522
vt 0.2345825582742691 0.2765274941921234
f 14402/42373/14402 2610/41685/2610 22750/42484/22750
vt 0.1193581297993660 0.0727361142635345
f 1235/42273/1235 10686/42485/10686 27350/42448/27350
vt 0.3427191078662872 0.0999533981084824
f 16358/42180/16358 5625/41992/5625 16379/42486/16379
f 7231/42179/7231 25049/42421/25049 14414/42315/14414
vt 0.0242503806948662 0.2279089987277985
f 27337/42299/27337 5650/42487/5650 20517/42474/20517
vt 0.3143208324909210 0.0877137258648872
f 7229/42424/7229 20522/42423/20522 12510/42488/12510
vt 0.9917705059051514 0.2550923228263855
f 12509/42418/12509 4089/42420/4089 25048/42489/25048
f 12517/42371/12517 8932/42361/8932 8933/42451/8933
vt 0.1568146049976349 0.2930119633674622
f 27333/42268/27333 1242/42415/1242 10694/42490/10694
vt 0.0251376405358315 0.2349950224161148
f 20509/42369/20509 20517/42474/20517 25054/42491/25054
vt 0.7902191877365112 0.0581863820552826
f 7216/41975/7216 25047/42492/25047 20508/42449/20508
vt 0.2862880825996399 0.5483130812644958
f 18409/42402/18409 18414/42493/18414 8930/42314/8930
vt 0.6975832581520081 0.0227230470627546
f 22739/42291/22739 2632/42494/2632 4091/42404/4091
vt 0.3427928090095520 0.1011698544025421
f 5625/41992/5625 14401/41799/14401 29774/42495/29774
vt 0.6928690075874329 0.0273002907633781
f 4091/42404/4091 22746/42496/22746 20501/42377/20501
vt 0.7916573882102966 0.4540785849094391
f 1241/42271/1241 27338/42497/27338 2625/42362/2625
vt 0.0223831813782454 0.2409814149141312
f 20509/42369/20509 10693/42498/10693 22745/42408/22745
vt 0.5424871444702148 0.7433586120605469
f 12506/42452/12506 5646/42425/5646 18420/42499/18420
vt 0.6032739877700806 0.7232499718666077
vt 0.6025591492652893 0.7245378494262695
vt 0.6015383005142212 0.7234305143356323
f 25044/42500/25044 29778/42501/29778 10687/42502/10687
vt 0.2756023108959198 0.5536512732505798
f 1239/42384/1239 27332/42214/27332 7234/42503/7234
f 1239/42384/1239 7234/42503/7234 12508/42450/12508
f 20504/42230/20504 29761/42245/29761 12511/42346/12511
f 7230/42347/7230 16363/42316/16363 14408/42355/14408
f 12501/42195/12501 18408/42380/18408 16363/42316/16363
vt 0.9660494327545166 0.1641261130571365
f 1236/42163/1236 25045/42399/25045 16367/42504/16367
f 1236/42163/1236 16367/42504/16367 18410/42464/18410
vt 0.9671638607978821 0.6371885538101196
f 4092/42467/4092 16366/42505/16366 20513/42468/20513
f 16358/42180/16358 16379/42486/16379 20519/42442/20519
vt 0.7989360690116882 0.1335884183645248
f 2623/42400/2623 18394/42281/18394 10685/42506/10685
f 22745/42408/22745 10693/42498/10693 8939/42481/8939
vt 0.8118229508399963 0.3613297939300537
f 20478/41565/20478 16402/42139/16402 1283/42507/1283
f 16379/42486/16379 5625/41992/5625 29774/42495/29774
f 8925/41881/8925 2628/42477/2628 27319/42043/27319
vt 0.4580371975898743 0.1718022525310516
vt 0.4585869312286377 0.1723812669515610
f 14407/42323/14407 25046/42508/25046 5649/42509/5649
f 22752/42437/22752 10686/42485/10686 1235/42273/1235
vt 0.1792870312929153 0.4288127124309540
vt 0.1760264784097672 0.4332525730133057
vt 0.1738449931144714 0.4308150112628937
f 22752/42510/22752 18423/42511/18423 10686/42512/10686
f 20503/42272/20503 20497/42112/20497 12516/42479/12516
vt 0.0261910948902369 0.2240754514932632
vt 0.0266591683030128 0.2238607555627823
vt 0.0272899325937033 0.2262180596590042
f 4092/42513/4092 7232/42514/7232 20514/42515/20514
vt 0.8214948177337646 0.0165615249425173
f 12503/42322/12503 4094/42516/4094 20511/42470/20511
vt 0.3969951272010803 0.3952203392982483
f 12511/42346/12511 14412/42517/14412 14409/42441/14409
vt 0.9926949739456177 0.2536855638027191
f 27340/42518/27340 29778/42480/29778 12509/42418/12509
vt 0.0253561139106750 0.2266320288181305
f 4092/42513/4092 20514/42515/20514 8934/42519/8934
vt 0.0252669993788004 0.2241290062665939
f 4092/42513/4092 8934/42519/8934 16366/42520/16366
vt 0.5320665240287781 0.7532033324241638
vt 0.5333173274993896 0.7473750710487366
vt 0.5379368066787720 0.7490581274032593
f 1237/42521/1237 10681/42522/10681 22753/42523/22753
vt 0.7984789013862610 0.1281064897775650
f 18394/42281/18394 5645/42321/5645 29775/42524/29775
vt 0.2745473086833954 0.5536037087440491
f 27332/42214/27332 8931/42525/8931 7234/42503/7234
vt 0.3831162750720978 0.3969752192497253
f 22748/42431/22748 29777/42526/29777 22754/42289/22754
vt 0.7886956930160522 0.0606866218149662
f 7216/41975/7216 8924/42527/8924 25047/42492/25047
vt 0.5613937973976135 0.7189069390296936
vt 0.5688551664352417 0.7195356488227844
vt 0.5634943246841431 0.7201281189918518
f 22744/42528/22744 14415/42529/14415 16378/42530/16378
vt 0.0629510432481766 0.4440868794918060
f 20496/42099/20496 22762/42531/22762 25049/42421/25049
vt 0.6032080054283142 0.7228839993476868
vt 0.6024690866470337 0.7223099470138550
f 25044/42532/25044 10687/42502/10687 29780/42533/29780
f 16352/42142/16352 16365/41963/16365 20508/42449/20508
vt 0.7862700223922729 0.0520429983735085
f 16352/42142/16352 20508/42449/20508 1243/42534/1243
vt 0.2780610322952271 0.5491713881492615
f 18409/42402/18409 12508/42450/12508 18411/42535/18411
vt 0.2837015390396118 0.5458713769912720
f 7220/41959/7220 1244/42410/1244 1247/42536/1247
vt 0.9673539996147156 0.6365010142326355
vt 0.9672066569328308 0.6358795166015625
f 20511/42537/20511 16366/42505/16366 8934/42538/8934
vt 0.5390834212303162 0.7460860013961792
f 12500/42383/12500 20510/42368/20510 5652/42539/5652
f 12500/42383/12500 5652/42539/5652 22753/42523/22753
f 12500/42383/12500 22753/42523/22753 10681/42522/10681
vt 0.4798629879951477 0.1526869982481003
vt 0.4721337258815765 0.1556146591901779
f 27319/41853/27319 2628/42540/2628 2629/42541/2629
vt 0.9989950656890869 0.2568123638629913
f 4089/42420/4089 29780/42478/29780 16368/42542/16368
vt 0.0601828135550022 0.9113914966583252
f 27341/42413/27341 8937/42543/8937 5645/42310/5645
f 18394/42281/18394 29775/42524/29775 10685/42506/10685
vt 0.0241010002791882 0.2258370071649551
f 20511/42544/20511 8934/42519/8934 5650/42487/5650
f 14407/42323/14407 18407/42440/18407 25046/42508/25046
f 5640/42378/5640 5649/42483/5649 8940/42379/8940
vt 0.1640231162309647 0.2933556735515594
f 27333/42268/27333 29781/42545/29781 5643/42286/5643
vt 0.5597424507141113 0.7210437059402466
vt 0.5624288320541382 0.7222105860710144
f 12514/42546/12514 27347/42547/27347 7233/42429/7233
f 18409/42402/18409 18411/42535/18411 18414/42493/18414
f 20509/42369/20509 25054/42491/25054 10693/42498/10693
f 8930/42314/8930 18414/42493/18414 1244/42410/1244
vt 0.9982537627220154 0.2573918700218201
f 12513/42548/12513 4089/42420/4089 16368/42542/16368
f 18395/42212/18395 5643/42286/5643 29781/42545/29781
f 2627/42047/2627 22759/42393/22759 22733/42119/22733
vt 0.1959264725446701 0.4422656893730164
f 18399/42360/18399 27349/42549/27349 5647/42370/5647
vt 0.1914916634559631 0.4458124041557312
f 18399/42360/18399 18412/42550/18412 27349/42549/27349
f 5638/42054/5638 16377/42476/16377 5642/42403/5642
f 12514/42546/12514 22744/42528/22744 16378/42530/16378
vt 0.0633549615740776 0.9123379588127136
f 22749/42382/22749 4115/42551/4115 27341/42413/27341
vt 0.1896259486675262 0.4496411383152008
f 18399/42360/18399 25031/42140/25031 22767/42552/22767
f 27333/42268/27333 10694/42490/10694 29781/42545/29781
vt 0.0272402018308640 0.2270461320877075
f 20514/42515/20514 22758/42553/22758 8934/42519/8934
vt 0.1833488196134567 0.4364640712738037
f 5651/42390/5651 4096/42455/4096 25066/42554/25066
vt 0.9920321106910706 0.2543472945690155
f 27340/42555/27340 12509/42418/12509 25048/42489/25048
vt 0.8427772521972656 0.7602062821388245
f 18405/42387/18405 22751/42116/22751 16371/42556/16371
vt 0.0580301098525524 0.9102787971496582
f 5645/42310/5645 8937/42543/8937 29775/42557/29775
f 20478/41565/20478 1283/42507/1283 7242/42219/7242
vt 0.8236597180366516 0.0182074680924416
vt 0.8235089182853699 0.0174704808741808
f 16366/42558/16366 20511/42470/20511 18419/42559/18419
vt 0.2074871808290482 0.4623782336711884
vt 0.2060842365026474 0.4602437913417816
f 12512/42374/12512 22756/42560/22756 20512/42561/20512
f 5647/42370/5647 27349/42549/27349 7235/42189/7235
vt 0.0267801359295845 0.2218113392591476
f 20514/42515/20514 7232/42514/7232 20513/42562/20513
vt 0.0197574794292450 0.2439915090799332
f 8939/42481/8939 25052/42563/25052 20507/42414/20507
f 29764/42171/29764 20515/42463/20515 14410/42149/14410
vt 0.9946489930152893 0.3356278538703918
vt 0.9945326447486877 0.3361875414848328
vt 0.9927585124969482 0.3344141244888306
f 12513/42564/12513 16368/42565/16368 29783/42566/29783
vt 0.9954929947853088 0.2593809962272644
f 4089/42420/4089 12513/42548/12513 8935/42567/8935
vt 0.9927668571472168 0.2566468119621277
f 4089/42420/4089 10689/42568/10689 25048/42489/25048
f 4089/42420/4089 8935/42567/8935 10689/42568/10689
vt 0.6471748352050781 0.9682295918464661
vt 0.6470481753349304 0.9700834155082703
vt 0.6454874873161316 0.9684500694274902
f 27340/42569/27340 18417/42570/18417 29778/42571/29778
vt 0.1509324014186859 0.2943362891674042
f 20506/42131/20506 8927/42320/8927 25067/42572/25067
vt 0.1798809021711349 0.4349746108055115
f 22752/42510/22752 12518/42573/12518 18423/42511/18423
vt 0.0263778418302536 0.2304246723651886
f 22758/42553/22758 8936/42574/8936 8934/42519/8934
f 12512/42374/12512 20512/42561/20512 18404/42456/18404
f 20511/42470/20511 4094/42516/4094 18419/42559/18419
vt 0.5516488552093506 0.1201547309756279
f 20497/42112/20497 25057/42575/25057 12516/42479/12516
f 7235/42189/7235 4096/42455/4096 4085/42356/4085
vt 0.4360330402851105 0.0049305651336908
f 29772/42348/29772 12522/42576/12522 25038/42349/25038
f 12512/42374/12512 1237/42472/1237 22756/42560/22756
vt 0.1712460070848465 0.2869220077991486
f 18395/42212/18395 2636/42577/2636 10690/42350/10690
vt 0.5493114590644836 0.7384105324745178
f 16370/42453/16370 14404/42296/14404 16369/42578/16369
f 14404/42296/14404 16359/42167/16359 16369/42578/16369
vt 0.8184009790420532 0.0197400003671646
f 27342/42579/27342 4094/42516/4094 12503/42322/12503
vt 0.0155769996345043 0.2417690008878708
f 20507/42414/20507 25052/42563/25052 27343/42580/27343
vt 0.1803230047225952 0.9893649816513062
vt 0.1807571351528168 0.9863594770431519
vt 0.1816592067480087 0.9915067553520203
f 20507/42581/20507 27343/42582/27343 27342/42583/27342
f 29734/41955/29734 18406/42460/18406 2644/41956/2644
f 22739/42291/22739 10688/42459/10688 2632/42494/2632
f 27319/41853/27319 2629/42541/2629 25026/41771/25026
f 20502/42352/20502 10691/42341/10691 7225/42178/7225
vt 0.9915703535079956 0.2543987929821014
vt 0.9912400841712952 0.2554829716682434
f 27340/42584/27340 25048/42489/25048 18417/42585/18417
vt 0.9742069840431213 0.1668680012226105
f 5649/42483/5649 18413/42586/18413 8940/42379/8940
vt 0.5521283745765686 0.1267839521169662
f 16364/41908/16364 4106/42587/4106 2616/42194/2616
f 4093/42392/4093 2621/42251/2621 1242/42415/1242
vt 0.5554443597793579 0.1137524619698524
f 20497/42112/20497 7213/41841/7213 20530/42588/20530
f 12514/42546/12514 16378/42530/16378 27347/42547/27347
vt 0.0794213861227036 0.4418526291847229
f 29766/42235/29766 10695/42589/10695 29776/42405/29776
vt 0.5427821874618530 0.7448172569274902
f 20510/42368/20510 12506/42452/12506 22757/42590/22757
f 2623/42400/2623 10685/42506/10685 27345/42359/27345
vt 0.2788601815700531 0.5468873381614685
f 18414/42493/18414 18411/42535/18411 18415/42591/18415
vt 0.8026929497718811 0.4533360004425049
f 16352/42223/16352 1243/42592/1243 25029/42184/25029
f 20506/42131/20506 25067/42572/25067 2621/42251/2621
vt 0.8456459045410156 0.3307231664657593
f 29773/42345/29773 1251/42593/1251 5653/42439/5653
vt 0.8510053157806396 0.3265722990036011
f 7228/42386/7228 14419/42594/14419 4088/42375/4088
vt 0.9936497807502747 0.3404364585876465
f 16368/42565/16368 29780/42595/29780 29783/42566/29783
vt 0.3851915299892426 0.3992516994476318
f 29777/42526/29777 22748/42431/22748 12515/42596/12515
vt 0.3795125484466553 0.4002429246902466
f 29777/42526/29777 29784/42597/29784 22754/42289/22754
vt 0.9941034317016602 0.3324590325355530
f 29783/42566/29783 8935/42598/8935 12513/42564/12513
f 22748/42431/22748 14409/42441/14409 12515/42596/12515
vt 0.0654470473527908 0.4385600984096527
f 4099/42334/4099 14414/42315/14414 18428/42599/18428
f 18399/42360/18399 22767/42552/22767 18412/42550/18412
f 2609/41671/2609 18402/42412/18402 14401/41799/14401
vt 0.3020413517951965 0.5108416676521301
f 14410/42149/14410 20515/42463/20515 29785/42600/29785
vt 0.5466254353523254 0.1338468790054321
f 12507/42409/12507 8938/42601/8938 18402/42411/18402
f 1236/42163/1236 18410/42464/18410 5629/41318/5629
vt 0.7926874160766602 0.4538754522800446
f 1241/42271/1241 25029/42184/25029 16374/42602/16374
f 18414/42493/18414 1247/42536/1247 1244/42410/1244
vt 0.5516014695167542 0.1204520165920258
f 16364/41908/16364 12516/42479/12516 5654/42603/5654
f 16364/41908/16364 5654/42603/5654 4106/42587/4106
vt 0.2986281812191010 0.5161407589912415
f 29767/42326/29767 10684/42008/10684 2640/42604/2640
f 2624/42072/2624 18405/42387/18405 25053/41780/25053
vt 0.8506448864936829 0.3175410628318787
f 12505/42046/12505 4088/42375/4088 27344/42605/27344
f 25045/42399/25045 8940/42379/8940 16367/42504/16367
vt 0.7011060118675232 0.0143189998343587
f 2625/42458/2625 1245/42606/1245 10688/42459/10688
vt 0.9627767205238342 0.6361687779426575
vt 0.9634189009666443 0.6366049647331238
vt 0.9617430567741394 0.6366205215454102
f 22758/42607/22758 20514/42608/20514 25051/42609/25051
vt 0.3063799440860748 0.5122414231300354
f 14410/42149/14410 29785/42600/29785 16377/42610/16377
vt 0.3120363056659698 0.0895573571324348
f 12510/42488/12510 20522/42423/20522 1246/42611/1246
vt 0.8551369905471802 0.7644559741020203
vt 0.8511683344841003 0.7688496708869934
f 2622/42612/2622 4095/42613/4095 22720/41801/22720
f 29789/42447/29789 14419/42594/14419 7228/42386/7228
f 20510/42368/20510 22757/42590/22757 5652/42539/5652
f 18414/42493/18414 18415/42591/18415 1247/42536/1247
f 22754/42289/22754 29784/42597/29784 20516/42210/20516
f 2621/42251/2621 25067/42572/25067 1242/42415/1242
vt 0.9589303135871887 0.1652541309595108
f 8913/42260/8913 4103/42614/4103 27330/42261/27330
vt 0.5456804633140564 0.7418156266212463
f 10691/42341/10691 27346/42615/27346 5646/42425/5646
vt 0.1838154494762421 0.2784490287303925
f 22759/42616/22759 10670/42134/10670 10690/42350/10690
f 5651/42390/5651 12518/42573/12518 22752/42445/22752
f 5651/42390/5651 25066/42554/25066 12518/42573/12518
f 8934/42519/8934 8936/42574/8936 5650/42487/5650
vt 0.5644800662994385 0.9550952315330505
f 27329/42080/27329 1246/42475/1246 22764/42617/22764
f 27329/42080/27329 22764/42617/22764 14427/42432/14427
f 25049/42421/25049 22762/42531/22762 14414/42315/14414
vt 0.0830909982323647 0.4419780075550079
f 2622/42394/2622 10695/42589/10695 4095/42618/4095
f 10670/42134/10670 5644/42262/5644 10690/42350/10690
f 5650/42487/5650 8936/42574/8936 20517/42474/20517
vt 0.0274609997868538 0.2220920026302338
vt 0.0279729999601841 0.2230560034513474
f 16366/42619/16366 7236/42620/7236 20513/42562/20513
vt 0.6474470496177673 0.9703199267387390
vt 0.6465976834297180 0.9720831513404846
f 25048/42621/25048 10689/42622/10689 18417/42570/18417
vt 0.5488320589065552 0.1341251730918884
f 12507/42409/12507 27348/42623/27348 8938/42601/8938
f 20513/42562/20513 7236/42620/7236 20514/42515/20514
f 20502/42352/20502 16370/42453/16370 16369/42578/16369
vt 0.8235309720039368 0.0161780007183552
f 4094/42516/4094 20520/42624/20520 18419/42559/18419
f 2622/42394/2622 29776/42405/29776 10695/42589/10695
vt 0.4245441555976868 0.0104693667963147
f 2630/42438/2630 2632/42625/2632 18418/42454/18418
vt 0.4250557422637939 0.0132800219580531
f 2630/42438/2630 2631/42626/2631 2632/42625/2632
vt 0.5508766174316406 0.1312450319528580
f 27348/42623/27348 12507/42409/12507 14440/42627/14440
vt 0.8464330434799194 0.3378322422504425
f 10682/42335/10682 22733/42119/22733 1254/42628/1254
f 25026/41771/25026 2629/42541/2629 18427/42461/18427
vt 0.1963752657175064 0.4555314183235168
f 25031/42140/25031 27354/42381/27354 12519/42629/12519
f 25031/42140/25031 12519/42629/12519 22767/42552/22767
vt 0.5662687420845032 0.9546277523040771
f 14427/42432/14427 22764/42617/22764 8941/42630/8941
vt 0.2119189947843552 0.4659290015697479
f 1237/42472/1237 22753/42631/22753 22756/42560/22756
vt 0.7974294424057007 0.4574668705463409
f 25029/42184/25029 18416/42632/18416 16374/42602/16374
vt 0.8431070446968079 0.7651880979537964
f 22720/41801/22720 18446/42633/18446 22751/42116/22751
f 12506/42452/12506 18420/42499/18420 22757/42590/22757
vt 0.8008348941802979 0.1352869123220444
f 27345/42359/27345 29786/42634/29786 22747/42351/22747
f 29772/42348/29772 18418/42454/18418 12522/42576/12522
vt 0.1925124675035477 0.4418421685695648
f 27349/42549/27349 18412/42550/18412 25061/42635/25061
vt 0.8013328313827515 0.1329720616340637
f 10685/42506/10685 12524/42636/12524 27345/42359/27345
vt 0.9604738354682922 0.6358044743537903
vt 0.9618920087814331 0.6351889967918396
f 22758/42607/22758 18424/42637/18424 8936/42638/8936
vt 0.8447136878967285 0.3362490534782410
f 29773/42345/29773 22766/42639/22766 1251/42593/1251
vt 0.1421659737825394 0.2998737692832947
vt 0.1433970034122467 0.2957260012626648
f 8927/42320/8927 27339/42640/27339 12520/42641/12520
f 8927/42320/8927 12520/42641/12520 25067/42572/25067
vt 0.0204388312995434 0.2442210912704468
f 8939/42481/8939 4097/42642/4097 25052/42563/25052
f 8939/42481/8939 10693/42498/10693 4097/42642/4097
vt 0.0951449200510979 0.9180355668067932
vt 0.0915323346853256 0.9172585010528564
f 16344/42095/16344 8954/42643/8954 29810/42644/29810
f 10682/42335/10682 1254/42628/1254 29773/42345/29773
vt 0.5991786718368530 0.7242542505264282
f 10687/42502/10687 29778/42501/29778 16380/42645/16380
f 5646/42425/5646 27346/42615/27346 18420/42499/18420
vt 0.4375888705253601 0.0016468992689624
f 25038/42349/25038 12522/42576/12522 10692/42646/10692
vt 0.3831137418746948 0.3994408845901489
f 29777/42526/29777 12515/42596/12515 25050/42647/25050
f 1241/42271/1241 16374/42602/16374 27338/42497/27338
vt 0.3498202860355377 0.1100973710417747
f 18402/42412/18402 8938/42648/8938 14401/41799/14401
vt 0.7850131392478943 0.4566705226898193
f 2625/42362/2625 27338/42497/27338 1245/42649/1245
f 18417/42570/18417 10689/42622/10689 29778/42571/29778
f 7235/42189/7235 27349/42549/27349 25061/42635/25061
vt 0.5999947786331177 0.7232778072357178
f 10687/42502/10687 16380/42645/16380 14417/42650/14417
vt 0.3097755610942841 0.0925573855638504
f 1246/42611/1246 20522/42423/20522 8945/42651/8945
f 2630/42438/2630 22746/42457/22746 2631/42626/2631
vt 0.9675537943840027 0.6379696726799011
vt 0.9644720554351807 0.6383425593376160
f 18419/42652/18419 7236/42653/7236 16366/42505/16366
vt 0.1816064119338989 0.9862622618675232
f 27342/42583/27342 27343/42582/27343 4105/42654/4105
vt 0.1838819980621338 0.9878690242767334
f 27342/42583/27342 4105/42654/4105 5655/42655/5655
vt 0.1842577606439590 0.4448536932468414
f 18412/42550/18412 22767/42552/22767 18429/42656/18429
f 18405/42387/18405 16371/42556/16371 25053/41780/25053
vt 0.4606693387031555 0.1711503565311432
f 25046/42508/25046 27353/42657/27353 5649/42509/5649
f 20499/42191/20499 18404/42456/18404 27354/42381/27354
vt 0.6420845389366150 0.9759507179260254
f 29778/42571/29778 10689/42622/10689 16373/42658/16373
vt 0.6953006982803345 0.0246249884366989
f 4091/42404/4091 2632/42494/2632 2631/42659/2631
vt 0.6043216586112976 0.7324926257133484
vt 0.6012003421783447 0.7305229306221008
f 29778/42501/29778 16373/42660/16373 7239/42661/7239
f 29778/42501/29778 7239/42661/7239 16380/42645/16380
vt 0.4402914047241211 0.0026679660659283
f 27339/42662/27339 25038/42349/25038 10692/42646/10692
vt 0.9905732274055481 0.4367834031581879
vt 0.9873735904693604 0.4411846101284027
vt 0.9892085790634155 0.4355865418910980
f 27339/42663/27339 10692/42664/10692 12520/42665/12520
vt 0.8565840125083923 0.3146572709083557
f 8931/42466/8931 12505/42046/12505 16375/42666/16375
vt 0.9631206989288330 0.1661151796579361
f 8940/42379/8940 25069/42667/25069 16367/42504/16367
vt 0.0753126963973045 0.4389642477035522
f 4099/42334/4099 10704/42668/10704 29766/42235/29766
f 14409/42441/14409 14412/42517/14412 12515/42596/12515
f 10691/42341/10691 20502/42352/20502 27346/42615/27346
f 25046/42508/25046 18407/42440/18407 27353/42657/27353
vt 0.8407832980155945 0.3424921035766602
f 22733/42119/22733 1255/42669/1255 1254/42628/1254
f 10684/42008/10684 22755/42473/22755 2640/42604/2640
vt 0.9943950176239014 0.3425199985504150
vt 0.9938790202140808 0.3434464037418365
f 10687/42670/10687 14417/42671/14417 29780/42595/29780
vt 0.7654845714569092 0.9645788073539734
f 1238/42397/1238 22763/42396/22763 2638/42672/2638
vt 0.9883401393890381 0.0560580454766750
f 16372/42225/16372 14402/42301/14402 10696/42673/10696
f 29773/42345/29773 1254/42628/1254 22766/42639/22766
f 20514/42608/20514 7236/42653/7236 25051/42609/25051
f 22758/42607/22758 25051/42609/25051 18424/42637/18424
f 18395/42212/18395 29781/42545/29781 2636/42577/2636
vt 0.9920945167541504 0.3496247828006744
vt 0.9924919605255127 0.3473547697067261
vt 0.9943199753761292 0.3497059941291809
f 25050/42674/25050 14421/42675/14421 29784/42676/29784
vt 0.3828792273998260 0.3993776440620422
f 25050/42677/25050 29784/42597/29784 29777/42526/29777
vt 0.3014016151428223 0.8534516692161560
vt 0.3054124712944031 0.8527997136116028
vt 0.3022882342338562 0.8550491929054260
f 27342/42678/27342 5655/42679/5655 4094/42680/4094
vt 0.0815737545490265 0.9211931228637695
f 25043/42329/25043 29770/42395/29770 12521/42681/12521
vt 0.0626385211944580 0.9188626408576965
f 25043/42329/25043 2654/42682/2654 2626/42385/2626
f 25043/42329/25043 12521/42681/12521 2654/42682/2654
vt 0.0609908737242222 0.4419185817241669
f 20496/42099/20496 29792/42683/29792 22762/42531/22762
vt 0.0586320012807846 0.4430760145187378
f 20496/42099/20496 27350/42684/27350 29792/42683/29792
f 7235/42189/7235 25061/42635/25061 4096/42455/4096
vt 0.8210370540618896 0.3673006296157837
f 14411/42471/14411 22728/42018/22728 22760/42685/22760
f 12516/42479/12516 25057/42575/25057 5654/42603/5654
f 27345/42359/27345 12524/42636/12524 29786/42634/29786
f 12507/42409/12507 12527/42465/12527 14440/42627/14440
vt 0.0274026487022638 0.2408170998096466
f 10693/42498/10693 25054/42491/25054 27343/42686/27343
vt 0.7018555402755737 0.0196084193885326
f 2632/42494/2632 10688/42459/10688 1252/42687/1252
vt 0.9654496312141418 0.6418079137802124
vt 0.9628519415855408 0.6402535438537598
vt 0.9674334526062012 0.6405603289604187
f 16376/42688/16376 22761/42689/22761 14416/42690/14416
vt 0.9683988690376282 0.6390517354011536
f 18419/42652/18419 20520/42691/20520 7236/42653/7236
f 22749/42382/22749 2626/42385/2626 4115/42551/4115
f 16367/42504/16367 25069/42667/25069 18410/42464/18410
vt 0.8213283419609070 0.0141331870108843
vt 0.8229004144668579 0.0114908432587981
f 4094/42516/4094 25062/42692/25062 4104/42693/4104
vt 0.8234130144119263 0.0134070003405213
f 4094/42516/4094 4104/42693/4104 20520/42694/20520
vt 0.5690522789955139 0.9549658298492432
f 14427/42432/14427 8945/42695/8945 2633/42337/2633
f 27341/42413/27341 4115/42551/4115 8937/42543/8937
vt 0.2765717506408691 0.5479087233543396
f 12508/42450/12508 7234/42503/7234 14429/42696/14429
f 4091/42404/4091 2631/42659/2631 22746/42496/22746
vt 0.3107985556125641 0.0903269052505493
f 1246/42611/1246 8945/42651/8945 22764/42697/22764
vt 0.5436706542968750 0.7477957010269165
f 22753/42523/22753 5652/42539/5652 8950/42698/8950
vt 0.0279732458293438 0.2356990873813629
f 8936/42574/8936 18424/42699/18424 20517/42474/20517
f 2616/42194/2616 4106/42587/4106 12527/42465/12527
vt 0.2801803350448608 0.5360848903656006
f 5648/42284/5648 7220/41959/7220 4098/42700/4098
vt 0.0257414747029543 0.2419518232345581
f 10693/42498/10693 27343/42686/27343 25056/42701/25056
vt 0.0202834215015173 0.2443129718303680
vt 0.0184635203331709 0.2456294447183609
f 25052/42563/25052 4097/42702/4097 25059/42703/25059
vt 0.5567211508750916 0.7350839376449585
f 16359/42167/16359 29779/42430/29779 1253/42704/1253
f 8942/42338/8942 27351/42354/27351 16383/42309/16383
vt 0.0624709613621235 0.4413718581199646
f 14414/42315/14414 22762/42531/22762 2637/42705/2637
vt 0.4353508353233337 0.0039189853705466
f 12522/42576/12522 8943/42706/8943 10692/42646/10692
vt 0.4615612626075745 0.1730128526687622
f 27353/42657/27353 18413/42707/18413 5649/42509/5649
vt 0.9901313185691833 0.3484303653240204
f 14421/42675/14421 25050/42674/25050 12515/42708/12515
vt 0.1771833300590515 0.2792727649211884
f 22759/42616/22759 10690/42350/10690 8951/42709/8951
f 14411/42471/14411 22760/42685/22760 29782/42138/29782
f 18410/42464/18410 4103/42614/4103 8913/42260/8913
vt 0.6463350057601929 0.9754899740219116
vt 0.6444836854934692 0.9763058423995972
f 10689/42622/10689 8935/42710/8935 5657/42711/5657
vt 0.5662992000579834 0.7232615947723389
f 27347/42547/27347 14431/42712/14431 7233/42429/7233
f 10688/42459/10688 1245/42606/1245 1252/42687/1252
vt 0.9596590995788574 0.6369627118110657
f 25051/42609/25051 18425/42713/18425 18424/42637/18424
vt 0.2003484815359116 0.4631831347942352
f 22756/42560/22756 20521/42714/20521 20512/42561/20512
vt 0.4644669592380524 0.1693164259195328
f 14413/42068/14413 12523/42715/12523 18407/42440/18407
f 14413/42068/14413 18427/42461/18427 12523/42715/12523
vt 0.7922337055206299 0.4570297598838806
f 27338/42497/27338 2639/42716/2639 1245/42649/1245
vt 0.2032101750373840 0.4604547321796417
f 20512/42561/20512 14420/42717/14420 18404/42456/18404
vt 0.2734880149364471 0.5523739457130432
f 8931/42525/8931 5659/42718/5659 7234/42503/7234
f 18407/42440/18407 12523/42715/12523 27353/42657/27353
f 29779/42430/29779 7233/42429/7233 1253/42704/1253
vt 0.9872079491615295 0.3381372690200806
f 29783/42566/29783 29780/42595/29780 25065/42719/25065
f 10680/42312/10680 1238/42397/1238 10700/42406/10700
vt 0.5773769617080688 0.7199363708496094
f 20518/42389/20518 2620/42305/2620 18442/42720/18442
vt 0.5611941218376160 0.1095411702990532
f 7213/41841/7213 5642/42403/5642 29825/42721/29825
f 25029/42184/25029 1243/42592/1243 18416/42632/18416
vt 0.7625319957733154 0.9989789724349976
vt 0.7647497653961182 0.9989553093910217
vt 0.7633759975433350 0.9995896220207214
f 10693/42722/10693 7238/42723/7238 4097/42724/4097
vt 0.0137080000713468 0.2472669929265976
vt 0.0160955283790827 0.2451909929513931
vt 0.0162159670144320 0.2465639263391495
f 10693/42725/10693 25056/42726/25056 7238/42727/7238
vt 0.5478981733322144 0.7450566887855530
f 22757/42590/22757 14418/42728/14418 5652/42539/5652
vt 0.9902499318122864 0.0514048375189304
f 8924/42274/8924 16372/42225/16372 14426/42729/14426
vt 0.2801717817783356 0.5413876175880432
f 7220/41959/7220 1247/42536/1247 25060/42730/25060
vt 0.4048935174942017 0.3817105889320374
f 29761/42245/29761 16383/42309/16383 25058/42731/25058
f 29767/42326/29767 2640/42604/2640 20515/42463/20515
vt 0.7847729921340942 0.0526739992201328
f 1243/42534/1243 20508/42449/20508 12525/42732/12525
f 22759/42393/22759 1255/42669/1255 22733/42119/22733
vt 0.9945020079612732 0.3449519872665405
vt 0.9931704998016357 0.3449597954750061
f 14417/42671/14417 16380/42733/16380 5656/42734/5656
vt 0.4238964617252350 0.0083330934867263
f 2632/42625/2632 12526/42735/12526 18418/42454/18418
vt 0.5531830191612244 0.0964969992637634
f 16377/42476/16377 29788/42736/29788 5642/42403/5642
vt 0.5491763353347778 0.1377678960561752
f 27348/42623/27348 22773/42737/22773 8938/42601/8938
vt 0.9691243767738342 0.6417453289031982
f 14416/42690/14416 29795/42738/29795 16376/42688/16376
vt 0.9889053702354431 0.4448913037776947
vt 0.9856169819831848 0.4422039091587067
f 8943/42739/8943 8953/42740/8953 10692/42664/10692
vt 0.8469052314758301 0.3296524286270142
f 5653/42439/5653 27358/42741/27358 29789/42447/29789
f 5653/42439/5653 1251/42593/1251 27358/42741/27358
f 18428/42599/18428 14414/42315/14414 2637/42705/2637
f 27343/42580/27343 25052/42563/25052 25056/42726/25056
vt 0.3039739727973938 0.5104144215583801
f 16377/42610/16377 29785/42600/29785 29788/42742/29788
vt 0.1553885787725449 0.2929683029651642
f 10694/42490/10694 1242/42415/1242 10697/42743/10697
f 22751/42116/22751 18446/42633/18446 16371/42556/16371
f 27338/42497/27338 16374/42602/16374 2639/42716/2639
f 29766/42235/29766 10704/42668/10704 10695/42589/10695
vt 0.8064199686050415 0.1399358659982681
f 22747/42351/22747 29815/42744/29815 7224/42280/7224
vt 0.9899953603744507 0.3324415981769562
f 29783/42566/29783 14428/42745/14428 8935/42598/8935
vt 0.5477817654609680 0.7439476251602173
f 18420/42499/18420 27346/42615/27346 8944/42746/8944
vt 0.5421035289764404 0.7520985603332520
vt 0.5342199802398682 0.7540270090103149
f 22753/42523/22753 20528/42747/20528 22756/42748/22756
vt 0.5528819561004639 0.1213401257991791
f 4106/42587/4106 5654/42603/5654 14425/42749/14425
f 18410/42464/18410 25069/42667/25069 4103/42614/4103
f 14416/42690/14416 20520/42691/20520 29795/42738/29795
vt 0.9587566852569580 0.6368782520294189
f 18425/42713/18425 14422/42750/14422 18424/42637/18424
vt 0.3378443121910095 0.1032552272081375
f 18406/42460/18406 20519/42442/20519 16381/42751/16381
vt 0.8491153120994568 0.3246379792690277
f 4088/42375/4088 14419/42594/14419 14423/42752/14423
f 14416/42690/14416 22761/42689/22761 20520/42691/20520
f 22762/42531/22762 29792/42683/29792 2637/42705/2637
vt 0.3094651103019714 0.0911976620554924
f 22764/42697/22764 8945/42651/8945 8941/42753/8941
f 27347/42547/27347 16378/42530/16378 14431/42712/14431
f 29783/42566/29783 25065/42719/25065 14428/42745/14428
f 12508/42450/12508 14429/42696/14429 18411/42535/18411
vt 0.7644144892692566 0.9997028112411499
f 25059/42754/25059 4097/42724/4097 7238/42723/7238
vt 0.3405881226062775 0.1020847782492638
f 16379/42486/16379 10698/42755/10698 20519/42442/20519
f 25054/42491/25054 20517/42474/20517 18424/42699/18424
vt 0.8027520179748535 0.1282790452241898
f 10685/42506/10685 29775/42524/29775 18422/42756/18422
f 1242/42415/1242 25067/42572/25067 10697/42743/10697
vt 0.1900436133146286 0.4552685022354126
f 22767/42552/22767 12519/42629/12519 27352/42757/27352
vt 0.1636500209569931 0.2869940400123596
f 29781/42545/29781 10694/42490/10694 2635/42758/2635
vt 0.2865583300590515 0.5268510580062866
f 22755/42473/22755 18421/42076/18421 27378/42759/27378
f 29761/42245/29761 25058/42731/25058 12511/42346/12511
vt 0.0567420013248920 0.9129649996757507
f 29775/42557/29775 8937/42543/8937 18422/42760/18422
vt 0.3719060122966766 0.4070661365985870
f 10683/42416/10683 4087/42135/4087 1248/42761/1248
vt 0.5903459787368774 0.7189880013465881
f 10683/42417/10683 1248/42762/1248 2620/42305/2620
vt 0.9596009850502014 0.6389905214309692
f 25051/42609/25051 7236/42653/7236 14424/42763/14424
vt 0.0789868235588074 0.4402674138545990
f 10695/42589/10695 25063/42764/25063 4095/42618/4095
vt 0.1997255235910416 0.4607532918453217
f 27354/42381/27354 18404/42456/18404 29787/42765/29787
vt 0.3513403534889221 0.8499193787574768
f 27327/42221/27327 25093/42766/25093 8921/42222/8921
vt 0.2757697701454163 0.5464801192283630
f 7234/42503/7234 5659/42718/5659 18438/42767/18438
f 7234/42503/7234 18438/42767/18438 14429/42696/14429
f 16379/42486/16379 29774/42495/29774 10698/42755/10698
f 12522/42576/12522 18418/42454/18418 8943/42706/8943
vt 0.5492957830429077 0.7404642105102539
f 16369/42578/16369 12530/42768/12530 20502/42352/20502
vt 0.1799942255020142 0.2765739560127258
f 22759/42616/22759 8951/42709/8951 1255/42769/1255
f 16373/42658/16373 10689/42622/10689 5657/42711/5657
f 5652/42539/5652 14418/42728/14418 8950/42698/8950
vt 0.9896850585937500 0.3449867665767670
f 14421/42675/14421 12515/42708/12515 10699/42770/10699
vt 0.8175269961357117 0.0139089999720454
f 4094/42516/4094 5655/42771/5655 25062/42692/25062
vt 0.1879629194736481 0.4410179853439331
f 4096/42455/4096 25061/42635/25061 12532/42772/12532
vt 0.0591040365397930 0.4402006864547729
f 27350/42684/27350 12533/42773/12533 29792/42683/29792
vt 0.7884296774864197 0.0590254664421082
f 25047/42492/25047 27363/42774/27363 20508/42449/20508
f 20520/42691/20520 22761/42689/22761 7236/42653/7236
f 22757/42590/22757 18420/42499/18420 8944/42746/8944
f 18421/42076/18421 12517/42371/12517 27378/42759/27378
f 5654/42603/5654 25057/42575/25057 14425/42749/14425
vt 0.0163579154759645 0.2470430135726929
f 25052/42563/25052 25059/42703/25059 5658/42775/5658
f 25052/42563/25052 5658/42775/5658 25056/42726/25056
f 5656/42734/5656 14421/42675/14421 10699/42770/10699
f 18425/42713/18425 25051/42609/25051 14424/42763/14424
vt 0.2044376730918884 0.4719690978527069
f 22756/42560/22756 20528/42776/20528 20521/42714/20521
f 18416/42632/18416 2639/42716/2639 16374/42602/16374
f 14417/42671/14417 5656/42734/5656 10699/42770/10699
f 14417/42671/14417 10699/42770/10699 25065/42719/25065
f 14417/42671/14417 25065/42719/25065 29780/42595/29780
f 10696/42673/10696 14426/42729/14426 16372/42225/16372
vt 0.0662839859724045 0.4340717792510986
f 18428/42599/18428 22770/42777/22770 4099/42334/4099
f 18404/42456/18404 14420/42717/14420 29787/42765/29787
vt 0.9899059534072876 0.4477029740810394
vt 0.9890270233154297 0.4473602771759033
f 2634/42778/2634 29793/42779/29793 8943/42739/8943
f 29789/42447/29789 27358/42741/27358 14419/42594/14419
vt 0.4043856859207153 0.3874025344848633
f 12511/42346/12511 25058/42731/25058 12528/42780/12528
f 12511/42346/12511 12528/42780/12528 14412/42517/14412
f 8943/42739/8943 29793/42779/29793 8953/42740/8953
f 20512/42561/20512 20521/42714/20521 14420/42717/14420
vt 0.8188614249229431 0.3702853918075562
f 22728/42018/22728 27334/42308/27334 29801/42781/29801
f 22728/42018/22728 29801/42781/29801 22760/42685/22760
vt 0.9634380340576172 0.6432393193244934
f 16376/42688/16376 20523/42782/20523 22761/42689/22761
vt 0.8424165844917297 0.3376512527465820
f 22766/42639/22766 1254/42628/1254 16382/42783/16382
vt 0.9851178526878357 0.4390823841094971
f 12520/42665/12520 10692/42664/10692 1258/42784/1258
vt 0.9872117638587952 0.4327798783779144
f 12520/42665/12520 1258/42784/1258 29790/42785/29790
vt 0.8425058126449585 0.7636658549308777
f 16371/42556/16371 27364/42786/27364 25053/41780/25053
f 7220/41959/7220 25060/42730/25060 4098/42700/4098
f 20502/42352/20502 12530/42768/12530 27346/42615/27346
vt 0.9698550105094910 0.1694950014352798
f 8940/42379/8940 18413/42586/18413 5671/42787/5671
vt 0.9649480581283569 0.1699608862400055
f 8940/42379/8940 5671/42787/5671 18443/42788/18443
f 8940/42379/8940 18443/42788/18443 25069/42667/25069
vt 0.1435099989175797 0.2927919924259186
f 25067/42572/25067 12520/42641/12520 29790/42789/29790
f 22757/42590/22757 8944/42746/8944 14418/42728/14418
vt 0.4193739891052246 0.3667699992656708
vt 0.4192854762077332 0.3727494180202484
f 27351/42354/27351 12488/42790/12488 18472/42791/18472
vt 0.4181627333164215 0.3758225440979004
f 27351/42354/27351 18472/42791/18472 2648/42792/2648
vt 0.5705313682556152 0.7263366580009460
f 14431/42712/14431 4111/42793/4111 7233/42429/7233
vt 0.0158251561224461 0.2476778924465179
f 25059/42703/25059 12529/42794/12529 5658/42775/5658
vt 0.9578844904899597 0.6373085379600525
f 14422/42750/14422 18425/42713/18425 29791/42795/29791
vt 0.0715016648173332 0.4338162243366241
f 4099/42334/4099 16399/42796/16399 10704/42668/10704
vt 0.9630360007286072 0.6458199024200439
f 16376/42688/16376 29795/42738/29795 29808/42797/29808
vt 0.2720053195953369 0.5553795099258423
f 8931/42525/8931 16375/42798/16375 5659/42718/5659
vt 0.7074157595634460 0.0218793526291847
f 1245/42606/1245 22781/42799/22781 1252/42687/1252
vt 0.6997643113136292 0.0230059716850519
f 2632/42494/2632 1252/42687/1252 12526/42800/12526
f 12505/42046/12505 27344/42605/27344 16375/42666/16375
vt 0.7655457258224487 0.9994875192642212
f 12529/42801/12529 25059/42754/25059 7238/42723/7238
vt 0.1845438629388809 0.4404612779617310
f 4096/42455/4096 8955/42802/8955 25066/42554/25066
vt 0.4269981980323792 0.0041715446859598
f 8943/42706/8943 18418/42454/18418 1249/42803/1249
vt 0.1972000002861023 0.0447140000760555
vt 0.1917026787996292 0.0418786481022835
vt 0.1950126141309738 0.0388004034757614
f 8943/42804/8943 27366/42805/27366 2634/42806/2634
vt 0.1902460008859634 0.0455779992043972
f 8943/42804/8943 1249/42807/1249 27366/42805/27366
vt 0.9920889735221863 0.3306599855422974
vt 0.9944890141487122 0.3303849995136261
f 8935/42598/8935 18426/42808/18426 5657/42809/5657
vt 0.2837589681148529 0.5333528518676758
f 4098/42700/4098 12534/42810/12534 5648/42284/5648
f 5648/42284/5648 12534/42810/12534 8933/42451/8933
f 10690/42350/10690 2636/42577/2636 8951/42709/8951
vt 0.1659673452377319 0.2856117188930511
f 2635/42758/2635 5662/42811/5662 29781/42545/29781
vt 0.7700472474098206 0.9549329280853271
f 1238/42397/1238 7237/42812/7237 10700/42406/10700
f 12527/42465/12527 4106/42587/4106 14440/42627/14440
f 16359/42167/16359 1253/42704/1253 16369/42578/16369
vt 0.0286597255617380 0.2379526346921921
f 25054/42491/25054 4102/42813/4102 27343/42686/27343
vt 0.5565367937088013 0.1182527318596840
f 25057/42575/25057 1250/42814/1250 14425/42749/14425
f 25054/42491/25054 18424/42699/18424 4102/42813/4102
f 14421/42675/14421 5656/42734/5656 29784/42676/29784
vt 0.9840080142021179 0.0588089525699615
f 14402/42301/14402 22750/42815/22750 10696/42673/10696
f 25047/42492/25047 8924/42527/8924 27363/42774/27363
vt 0.5706741809844971 0.9547562003135681
f 2633/42337/2633 22769/42816/22769 2628/42477/2628
vt 0.3890405893325806 0.4033397734165192
f 12515/42596/12515 14412/42517/14412 10699/42817/10699
vt 0.9909319877624512 0.3308419883251190
f 8935/42598/8935 14428/42745/14428 27355/42818/27355
f 8935/42598/8935 27355/42818/27355 18426/42808/18426
f 25057/42575/25057 20497/42112/20497 1250/42814/1250
vt 0.3128587007522583 0.0929306596517563
f 8945/42651/8945 20522/42423/20522 16387/42819/16387
vt 0.9565277695655823 0.6386193037033081
f 18425/42713/18425 8947/42820/8947 29791/42795/29791
f 18425/42713/18425 14424/42763/14424 8947/42820/8947
f 20515/42463/20515 2640/42604/2640 29785/42600/29785
vt 0.1253249645233154 0.0702288672327995
f 27350/42448/27350 10686/42485/10686 14430/42821/14430
vt 0.1274577677249908 0.0733909085392952
f 27350/42448/27350 14430/42821/14430 12533/42822/12533
f 2636/42577/2636 29781/42545/29781 5662/42811/5662
f 10695/42589/10695 10704/42668/10704 25063/42764/25063
f 4088/42375/4088 14423/42752/14423 27344/42605/27344
vt 0.8217742443084717 0.0099684838205576
f 4104/42693/4104 25062/42692/25062 8948/42823/8948
vt 0.0303269997239113 0.2373609989881516
f 18424/42699/18424 14422/42824/14422 4102/42813/4102
f 7238/42727/7238 25056/42726/25056 5658/42775/5658
f 16371/42556/16371 18446/42633/18446 27364/42786/27364
f 18412/42550/18412 12532/42772/12532 25061/42635/25061
vt 0.4643138051033020 0.1705801784992218
f 27353/42657/27353 29796/42825/29796 18413/42707/18413
f 10692/42664/10692 8953/42740/8953 1258/42784/1258
vt 0.7847133874893188 0.0576683171093464
f 20508/42449/20508 27363/42774/27363 18435/42826/18435
f 14420/42717/14420 20521/42714/20521 29787/42765/29787
f 22747/42351/22747 29786/42634/29786 29815/42744/29815
f 27353/42657/27353 12523/42715/12523 29796/42825/29796
vt 0.7654802203178406 0.9990454316139221
f 12529/42801/12529 7238/42723/7238 5658/42827/5658
vt 0.1576549559831619 0.2877011299133301
f 10694/42490/10694 7243/42828/7243 2635/42758/2635
vt 0.7646849751472473 0.9602919816970825
f 1238/42397/1238 2638/42672/2638 4100/42829/4100
f 1238/42397/1238 4100/42829/4100 7237/42812/7237
f 18412/42550/18412 18429/42656/18429 12532/42772/12532
vt 0.0322219990193844 0.2389419972896576
vt 0.0334380008280277 0.2399609982967377
vt 0.0311467554420233 0.2413748800754547
f 29791/42830/29791 14434/42831/14434 8946/42832/8946
f 29791/42830/29791 8946/42832/8946 14422/42824/14422
vt 0.5962460041046143 0.7238448262214661
vt 0.5980089902877808 0.7225999832153320
f 16380/42645/16380 27359/42833/27359 5656/42834/5656
vt 0.9616315364837646 0.1673846393823624
f 4103/42614/4103 25069/42667/25069 27356/42835/27356
vt 0.4081583321094513 0.3798886537551880
f 16383/42309/16383 27351/42354/27351 4101/42836/4101
vt 0.1188220009207726 0.0702740028500557
vt 0.1197461634874344 0.0717591121792793
f 10686/42485/10686 18423/42837/18423 16385/42838/16385
vt 0.7028308510780334 0.0242464877665043
f 12526/42800/12526 1252/42687/1252 22768/42839/22768
f 14422/42824/14422 8946/42832/8946 4102/42813/4102
vt 0.5492670536041260 0.7425225377082825
f 12530/42768/12530 18432/42840/18432 8944/42746/8944
f 20516/42210/20516 1248/42761/1248 4087/42135/4087
f 10686/42485/10686 16385/42838/16385 14430/42821/14430
f 16376/42688/16376 29808/42797/29808 20523/42782/20523
vt 0.2920708358287811 0.5155291557312012
f 2640/42604/2640 22755/42473/22755 10701/42841/10701
vt 0.1790474951267242 0.4484975337982178
f 18429/42656/18429 22767/42552/22767 14439/42842/14439
vt 0.2789601683616638 0.5435191988945007
f 1247/42536/1247 16384/42843/16384 25060/42730/25060
vt 0.5955671072006226 0.7223739027976990
f 5656/42834/5656 27359/42833/27359 25064/42844/25064
vt 0.5996789932250977 0.7202870249748230
f 5656/42834/5656 25064/42844/25064 29784/42845/29784
vt 0.5954802036285400 0.7290674448013306
f 16380/42645/16380 7239/42661/7239 22765/42846/22765
vt 0.5667309761047363 0.7409724593162537
f 7233/42429/7233 4111/42793/4111 12549/42847/12549
f 7233/42429/7233 12549/42847/12549 1253/42704/1253
f 4099/42334/4099 22770/42777/22770 16399/42796/16399
vt 0.7849181890487671 0.4629084467887878
f 1245/42649/1245 2639/42716/2639 29816/42848/29816
vt 0.8169050216674805 0.3690297901630402
f 16402/42139/16402 29782/42138/29782 8957/42849/8957
f 27354/42381/27354 29787/42765/29787 12519/42629/12519
vt 0.8186293840408325 0.0123908584937453
f 25062/42692/25062 27357/42850/27357 8948/42823/8948
vt 0.4251640141010284 0.0056949998252094
f 12526/42735/12526 22768/42851/22768 18418/42454/18418
f 14429/42696/14429 18438/42767/18438 16384/42843/16384
vt 0.0781530141830444 0.4386889934539795
f 10704/42668/10704 29800/42852/29800 25063/42764/25063
vt 0.5699788331985474 0.7229113578796387
f 14431/42712/14431 16378/42530/16378 14432/42853/14432
f 18411/42535/18411 14429/42696/14429 18415/42591/18415
vt 0.7926813364028931 0.4581502974033356
f 2639/42716/2639 18416/42632/18416 27360/42854/27360
vt 0.3165070116519928 0.0948330014944077
f 20522/42423/20522 25055/42257/25055 12531/42855/12531
f 25055/42257/25055 2644/41956/2644 12531/42855/12531
vt 0.9600012302398682 0.6401563882827759
f 7236/42653/7236 22761/42689/22761 20524/42856/20524
f 16378/42530/16378 14415/42529/14415 14432/42853/14432
f 18418/42454/18418 22768/42851/22768 1249/42803/1249
vt 0.8211030364036560 0.0097231063991785
vt 0.8211399912834167 0.0066720000468194
f 18433/42857/18433 7247/42858/7247 8948/42823/8948
vt 0.9562582969665527 0.6379862427711487
f 29791/42795/29791 8947/42820/8947 14434/42859/14434
vt 0.2718383073806763 0.5522598028182983
vt 0.2731516957283020 0.5482705831527710
f 5659/42718/5659 4108/42860/4108 25076/42861/25076
f 1254/42628/1254 1255/42669/1255 16382/42783/16382
f 4096/42455/4096 12532/42772/12532 8955/42802/8955
f 7236/42653/7236 20524/42856/20524 14424/42763/14424
f 16344/42095/16344 29810/42644/29810 16362/42336/16362
vt 0.5509458184242249 0.1370514780282974
f 27348/42623/27348 29794/42862/29794 22773/42737/22773
vt 0.3375566899776459 0.1066668257117271
f 10698/42755/10698 29774/42495/29774 8975/42863/8975
f 16369/42578/16369 1253/42704/1253 12530/42768/12530
f 29784/42597/29784 1248/42761/1248 20516/42210/20516
vt 0.3757680058479309 0.4052389860153198
f 29784/42597/29784 25064/42864/25064 1248/42761/1248
vt 0.1809172034263611 0.9854400753974915
f 27343/42582/27343 2643/42865/2643 4105/42654/4105
f 7213/41841/7213 29825/42721/29825 20530/42588/20530
f 25062/42692/25062 5655/42771/5655 27357/42850/27357
f 2633/42337/2633 8945/42695/8945 22769/42816/22769
vt 0.0292759034782648 0.2408922314643860
f 27343/42686/27343 4102/42813/4102 14435/42866/14435
f 8948/42823/8948 27357/42850/27357 18433/42857/18433
vt 0.7883200049400330 0.0597219988703728
f 8924/42527/8924 10702/42867/10702 27363/42774/27363
vt 0.9864838719367981 0.0548840947449207
f 10696/42673/10696 22750/42815/22750 4107/42868/4107
f 16380/42645/16380 22765/42846/22765 27359/42833/27359
f 29782/42138/29782 22760/42685/22760 8957/42849/8957
f 27346/42615/27346 12530/42768/12530 8944/42746/8944
f 8941/42630/8941 8945/42695/8945 14427/42432/14427
vt 0.1232794895768166 0.0680163800716400
f 16385/42838/16385 4109/42869/4109 14430/42821/14430
f 20519/42442/20519 10698/42755/10698 16381/42751/16381
vt 0.8095987439155579 0.1548624932765961
f 7224/42280/7224 25087/42870/25087 27334/42306/27334
vt 0.7829447984695435 0.0572670139372349
f 20508/42449/20508 18435/42826/18435 16386/42871/16386
f 20508/42449/20508 16386/42871/16386 12525/42732/12525
vt 0.8544008135795593 0.6550151109695435
vt 0.8589901924133301 0.6546857953071594
vt 0.8545672297477722 0.6609578728675842
f 12488/42872/12488 27361/42873/27361 18472/42874/18472
vt 0.2663674950599670 0.5517389178276062
f 5659/42718/5659 16375/42798/16375 25078/42875/25078
f 5659/42718/5659 25078/42875/25078 4108/42860/4108
vt 0.0339269861578941 0.2433877438306808
f 14434/42831/14434 2641/42876/2641 8946/42832/8946
f 20497/42112/20497 20530/42588/20530 1250/42814/1250
vt 0.3413595259189606 0.1073578819632530
f 14401/41799/14401 20533/42877/20533 29774/42495/29774
vt 0.8466106653213501 0.3262845873832703
f 14423/42752/14423 14419/42594/14419 5663/42878/5663
vt 0.6451392173767090 0.9830210208892822
vt 0.6441832184791565 0.9837163090705872
vt 0.6442905068397522 0.9829145073890686
f 14428/42879/14428 14438/42880/14438 27355/42881/27355
f 29792/42683/29792 12533/42773/12533 2637/42705/2637
vt 0.0309563912451267 0.2421386241912842
vt 0.0311574041843414 0.2421030849218369
vt 0.0309279952198267 0.2420829534530640
f 8949/42882/8949 14441/42883/14441 7240/42884/7240
vt 0.5535332560539246 0.1357559263706207
f 27348/42623/27348 14440/42627/14440 18430/42885/18430
f 27348/42623/27348 18430/42885/18430 29794/42862/29794
vt 0.9718372225761414 0.6375330686569214
vt 0.9743403792381287 0.6448705792427063
f 20520/42691/20520 4104/42886/4104 4121/42887/4121
vt 0.1703277975320816 0.2787560522556305
f 2636/42577/2636 12538/42888/12538 8951/42709/8951
vt 0.8026819229125977 0.4569864273071289
f 1243/42592/1243 12525/42889/12525 18416/42632/18416
vt 0.9831645488739014 0.3332808017730713
f 14428/42745/14428 25065/42719/25065 2642/42890/2642
vt 0.6460610032081604 0.9845409989356995
vt 0.6455799937248230 0.9869480133056641
f 14428/42891/14428 2642/42892/2642 14438/42880/14438
vt 0.8514602780342102 0.3143279552459717
f 16375/42666/16375 27344/42605/27344 25068/42893/25068
vt 0.2662869989871979 0.5542200207710266
f 16375/42798/16375 25068/42894/25068 25078/42875/25078
vt 0.4820613861083984 0.1599975675344467
vt 0.4734095633029938 0.1604716330766678
f 2628/42540/2628 14453/42895/14453 5673/42896/5673
f 2628/42540/2628 5673/42896/5673 2629/42541/2629
vt 0.1807585954666138 0.9858063459396362
f 27343/42582/27343 14435/42897/14435 2643/42865/2643
f 16383/42309/16383 4101/42836/4101 25058/42731/25058
f 20520/42691/20520 4121/42887/4121 29795/42738/29795
vt 0.8037879467010498 0.1350184828042984
f 12524/42636/12524 25073/42898/25073 29786/42634/29786
vt 0.1618507504463196 0.4393084943294525
vt 0.1675586253404617 0.4442881941795349
vt 0.1621537506580353 0.4434007704257965
f 18428/42899/18428 29805/42900/29805 22770/42901/22770
vt 0.1730014532804489 0.4333491623401642
f 18423/42511/18423 12518/42573/12518 16385/42902/16385
vt 0.6426193118095398 0.9790437221527100
vt 0.6414399743080139 0.9813181757926941
f 18426/42903/18426 27355/42881/27355 14447/42904/14447
f 12517/42371/12517 8933/42451/8933 12534/42810/12534
vt 0.4666928648948669 0.1723221987485886
vt 0.4683761000633240 0.1705643832683563
f 18433/42905/18433 29796/42825/29796 7247/42906/7247
f 14429/42696/14429 16384/42843/16384 18415/42591/18415
vt 0.0309315342456102 0.2419424504041672
f 7240/42884/7240 14441/42883/14441 14433/42907/14433
vt 0.0308660008013248 0.2419520020484924
f 7240/42884/7240 14433/42907/14433 27362/42908/27362
vt 0.9935273528099060 0.3060557544231415
vt 0.9938085079193115 0.3052069246768951
vt 0.9935316443443298 0.3062209188938141
f 7240/42909/7240 27362/42910/27362 8949/42911/8949
vt 0.0308829993009567 0.2420369982719421
vt 0.0307104606181383 0.2418064326047897
f 8949/42912/8949 27362/42913/27362 14441/42883/14441
vt 0.7714546322822571 0.9558290839195251
f 10700/42406/10700 14442/42914/14442 8954/42407/8954
f 29774/42495/29774 20533/42877/20533 8975/42863/8975
f 29786/42634/29786 25073/42898/25073 29815/42744/29815
vt 0.1559744477272034 0.2877286076545715
f 10694/42490/10694 10697/42743/10697 29797/42915/29797
vt 0.8406947851181030 0.3375992774963379
f 22766/42639/22766 16382/42783/16382 22775/42916/22775
f 22753/42523/22753 8950/42698/8950 20528/42747/20528
vt 0.9572221040725708 0.6435911059379578
f 22761/42689/22761 20523/42782/20523 25084/42917/25084
vt 0.9546496868133545 0.6381985545158386
vt 0.9551590085029602 0.6365479826927185
f 14434/42859/14434 10705/42918/10705 2641/42919/2641
vt 0.3007526099681854 0.5087218284606934
f 29788/42742/29788 29785/42600/29785 29804/42920/29804
vt 0.5937500000000000 0.7234308123588562
f 27359/42833/27359 4112/42921/4112 25064/42844/25064
f 22763/42396/22763 8921/42330/8921 2638/42672/2638
vt 0.8392482995986938 0.3388403952121735
f 1255/42669/1255 16394/42922/16394 16382/42783/16382
vt 0.2795250117778778 0.5446283817291260
f 18415/42591/18415 12537/42923/12537 1247/42536/1247
vt 0.5712633728981018 0.7242015600204468
f 14431/42712/14431 14432/42853/14432 10709/42924/10709
vt 0.1752761304378510 0.2739992439746857
f 1255/42769/1255 8951/42709/8951 16394/42925/16394
f 14431/42712/14431 10709/42924/10709 4111/42793/4111
vt 0.3099186122417450 0.0930503234267235
f 8945/42651/8945 16387/42819/16387 1259/42926/1259
f 12532/42772/12532 18429/42656/18429 8955/42802/8955
vt 0.5518472194671631 0.7453527450561523
f 12530/42768/12530 25085/42927/25085 18432/42840/18432
vt 0.3963836133480072 0.4033464491367340
f 14412/42517/14412 27388/42928/27388 10699/42817/10699
f 10694/42490/10694 29797/42915/29797 7243/42828/7243
f 18427/42461/18427 2629/42541/2629 5673/42896/5673
f 4102/42813/4102 8946/42832/8946 14435/42866/14435
f 10685/42506/10685 18422/42756/18422 12524/42636/12524
vt 0.9613124728202820 0.6444867253303528
f 20523/42782/20523 7241/42929/7241 25084/42917/25084
vt 0.1803559511899948 0.4394620060920715
f 12518/42573/12518 25066/42554/25066 8952/42930/8952
vt 0.1310600042343140 0.0676660016179085
vt 0.1314360052347183 0.0704739987850189
vt 0.1295036971569061 0.0710435882210732
f 18428/42931/18428 2637/42932/2637 5660/42933/5660
vt 0.1672189980745316 0.4381279945373535
f 18428/42899/18428 5660/42934/5660 29805/42900/29805
vt 0.2940148711204529 0.5138705372810364
f 2640/42604/2640 10701/42841/10701 29818/42935/29818
f 22760/42685/22760 29801/42781/29801 8957/42849/8957
vt 0.9868400096893311 0.4488829970359802
f 29793/42779/29793 20525/42936/20525 8953/42740/8953
vt 0.9957759380340576 0.0476649105548859
vt 0.9951654076576233 0.0479591973125935
vt 0.9956974983215332 0.0474046319723129
f 27363/42937/27363 10702/42938/10702 5661/42939/5661
vt 0.0303920004516840 0.2416640073060989
vt 0.0304339993745089 0.2416100054979324
f 14435/42940/14435 8946/42832/8946 2643/42941/2643
f 14434/42859/14434 8947/42820/8947 10705/42918/10705
vt 0.1896203458309174 0.0390640236437321
f 2634/42806/2634 27366/42805/27366 20525/42942/20525
vt 0.1922339946031570 0.0380819998681545
f 2634/42806/2634 20525/42942/20525 29793/42943/29793
f 10697/42743/10697 25067/42572/25067 29797/42915/29797
f 25076/42861/25076 18438/42767/18438 5659/42718/5659
vt 0.8315519690513611 0.7638470530509949
vt 0.8277109265327454 0.7571098208427429
f 25053/41780/25053 18457/42944/18457 10708/42945/10708
vt 0.8399618864059448 0.3361649215221405
vt 0.8399076461791992 0.3308159410953522
f 22766/42639/22766 18434/42946/18434 29798/42947/29798
f 20522/42423/20522 12531/42855/12531 16387/42819/16387
vt 0.2382767647504807 0.2818541824817657
f 2610/41685/2610 10708/42077/10708 14437/42948/14437
f 2610/41685/2610 14437/42948/14437 22750/42484/22750
vt 0.0604315325617790 0.4388322830200195
f 12533/42773/12533 5660/42949/5660 2637/42705/2637
vt 0.8256852626800537 0.8238991498947144
vt 0.8244050145149231 0.8246790170669556
vt 0.8236741423606873 0.8219992518424988
f 14436/42950/14436 18431/42951/18431 16396/42952/16396
f 27358/42741/27358 5663/42878/5663 14419/42594/14419
vt 0.5543581843376160 0.1224538087844849
vt 0.5545294284820557 0.1228198856115341
f 14425/42749/14425 10706/42953/10706 22772/42954/22772
f 14425/42749/14425 22772/42954/22772 4106/42587/4106
vt 0.4044941067695618 0.3844379484653473
f 25058/42731/25058 4116/42955/4116 12528/42780/12528
f 2643/42941/2643 8946/42832/8946 27362/42913/27362
vt 0.8433244824409485 0.3245476484298706
f 14423/42752/14423 5663/42878/5663 7244/42956/7244
vt 0.0911817178130150 0.9189500212669373
f 16362/42336/16362 27374/42957/27374 12521/42681/12521
f 16362/42336/16362 12521/42681/12521 29770/42395/29770
vt 0.1432510018348694 0.2907960116863251
f 25067/42572/25067 29790/42789/29790 27372/42958/27372
vt 0.1451577991247177 0.2871540486812592
f 25067/42572/25067 27372/42958/27372 10711/42959/10711
vt 0.7877365946769714 0.0594525076448917
vt 0.7873788475990295 0.0594937242567539
f 5661/42960/5661 5664/42961/5664 27363/42774/27363
vt 0.1507976204156876 0.2879845201969147
vt 0.1534531712532043 0.2852707505226135
f 25067/42572/25067 10703/42962/10703 10712/42963/10712
f 25067/42572/25067 10712/42963/10712 29797/42915/29797
f 14401/41799/14401 8938/42648/8938 20533/42877/20533
vt 0.2773698866367340 0.5428581237792969
f 16384/42843/16384 18438/42767/18438 29799/42964/29799
f 27362/42913/27362 8946/42832/8946 14441/42883/14441
vt 0.8434863686561584 0.3170347809791565
f 14423/42752/14423 7244/42956/7244 8970/42965/8970
f 22766/42639/22766 22775/42916/22775 18434/42946/18434
f 20518/42389/20518 18442/42720/18442 14415/42529/14415
f 1247/42536/1247 12537/42923/12537 16384/42843/16384
vt 0.8240172863006592 0.0070647387765348
f 8948/42823/8948 7247/42858/7247 1257/42966/1257
vt 0.9933919906616211 0.3048479855060577
vt 0.9943192601203918 0.3047610521316528
f 27362/42910/27362 14433/42967/14433 2643/42968/2643
vt 0.1869983226060867 0.0440090186893940
f 1249/42807/1249 16390/42969/16390 27366/42805/27366
vt 0.1854366809129715 0.0449012443423271
f 1249/42807/1249 22768/42970/22768 16390/42969/16390
f 12533/42822/12533 14430/42821/14430 5660/42933/5660
vt 0.3024386763572693 0.5078072547912598
f 29788/42742/29788 29804/42920/29804 5642/42971/5642
vt 0.9929326772689819 0.3044805228710175
f 14433/42967/14433 14441/42972/14441 2643/42968/2643
vt 0.5603260993957520 0.0987528488039970
f 5642/42403/5642 29823/42973/29823 29825/42721/29825
f 2636/42577/2636 5662/42811/5662 12538/42888/12538
f 25067/42572/25067 10711/42959/10711 10703/42962/10703
vt 0.5740249752998352 0.9541119933128357
f 2628/42477/2628 22769/42816/22769 14453/42974/14453
f 25066/42554/25066 8955/42802/8955 8952/42930/8952
vt 0.9940262436866760 0.0490968748927116
f 10702/42938/10702 8924/42274/8924 12541/42975/12541
vt 0.1761134117841721 0.4383830428123474
f 16385/42902/16385 12518/42573/12518 29807/42976/29807
f 18415/42591/18415 16384/42843/16384 12537/42923/12537
vt 0.0365719981491566 0.2440360039472580
vt 0.0397994741797447 0.2465631961822510
vt 0.0360634550452232 0.2447112202644348
f 10705/42977/10705 25071/42978/25071 20529/42979/20529
f 10705/42977/10705 20529/42979/20529 2641/42876/2641
f 16373/42658/16373 5657/42711/5657 18426/42903/18426
vt 0.1735399216413498 0.4458107352256775
f 18429/42656/18429 14439/42842/14439 22771/42980/22771
f 29796/42825/29796 12523/42715/12523 7247/42906/7247
vt 0.8249782323837280 0.8252665996551514
f 18431/42951/18431 14436/42950/14436 27371/42981/27371
f 14423/42752/14423 8970/42965/8970 27344/42605/27344
vt 0.2685481905937195 0.5521082878112793
f 4108/42860/4108 25078/42875/25078 10707/42982/10707
vt 0.9821424484252930 0.4322943687438965
f 29790/42785/29790 1258/42784/1258 20536/42983/20536
vt 0.9630659818649292 0.1693809926509857
vt 0.9618071913719177 0.1685829013586044
f 25069/42667/25069 7248/42984/7248 27365/42985/27365
f 25069/42667/25069 18443/42788/18443 7248/42984/7248
f 4108/42860/4108 10707/42982/10707 25076/42861/25076
vt 0.9536787867546082 0.6390395760536194
f 10705/42918/10705 8947/42820/8947 1256/42986/1256
f 20523/42782/20523 29808/42797/29808 7241/42929/7241
vt 0.8151210546493530 0.3744783699512482
f 27334/42308/27334 29802/42987/29802 29801/42781/29801
vt 0.6420014500617981 0.9854961633682251
f 27355/42881/27355 14438/42880/14438 7245/42988/7245
f 27355/42881/27355 7245/42988/7245 14447/42904/14447
vt 0.7650170326232910 0.9655570387840271
f 2638/42672/2638 8921/42330/8921 4114/42989/4114
vt 0.1836019158363342 0.9822475314140320
f 5655/42655/5655 4105/42654/4105 14452/42990/14452
vt 0.1843027174472809 0.0420565754175186
f 27366/42805/27366 29812/42991/29812 20525/42942/20525
f 22720/41801/22720 4095/42613/4095 18446/42633/18446
f 8944/42746/8944 18432/42840/18432 14418/42728/14418
vt 0.1720723956823349 0.4367270469665527
f 16385/42902/16385 29807/42976/29807 4109/42992/4109
vt 0.9607816934585571 0.1681629270315170
vt 0.9590397477149963 0.1671028584241867
f 27356/42835/27356 27365/42993/27365 14446/42994/14446
f 27356/42835/27356 25069/42667/25069 27365/42985/27365
f 27359/42833/27359 22765/42846/22765 4112/42921/4112
vt 0.1710407882928848 0.4386385977268219
f 29805/42900/29805 5660/42934/5660 16393/42995/16393
vt 0.9532311558723450 0.6385308504104614
f 10705/42918/10705 1256/42986/1256 25071/42996/25071
f 10700/42406/10700 7237/42812/7237 14442/42914/14442
vt 0.7873445153236389 0.0596241578459740
vt 0.7872080206871033 0.0596400015056133
f 10702/42997/10702 5664/42998/5664 5661/42960/5661
vt 0.0595078282058239 0.9168597459793091
f 18422/42760/18422 8937/42543/8937 16407/42999/16407
vt 0.5564197301864624 0.1238145232200623
f 14425/42749/14425 1250/42814/1250 4110/43000/4110
f 14425/42749/14425 4110/43000/4110 10706/42953/10706
vt 0.1808251589536667 0.9847175478935242
f 2643/42865/2643 14441/43001/14441 4105/42654/4105
vt 0.1839600056409836 0.4551488757133484
f 22767/42552/22767 27352/42757/27352 25089/43002/25089
vt 0.8218840360641479 0.8232608437538147
f 16396/42952/16396 18431/42951/18431 16388/43003/16388
vt 0.9816550612449646 0.4395909905433655
f 1258/42784/1258 8953/42740/8953 1262/43004/1262
f 27356/42835/27356 14446/42994/14446 4103/42614/4103
f 29785/42600/29785 2640/42604/2640 29818/42935/29818
vt 0.4116004407405853 0.3799535930156708
f 27351/42354/27351 2648/42792/2648 12546/43005/12546
vt 0.3264252841472626 0.1033836752176285
f 2644/41956/2644 18406/42460/18406 25109/43006/25109
f 22766/42639/22766 29798/42947/29798 1251/42593/1251
vt 0.9847481250762939 0.0546913444995880
f 4107/42868/4107 22750/42815/22750 25070/43007/25070
vt 0.5567377209663391 0.1318284422159195
f 14440/42627/14440 4106/42587/4106 25075/43008/25075
vt 0.8222749233245850 0.8266435861587524
vt 0.8242835402488708 0.8263043761253357
vt 0.8213148713111877 0.8285268545150757
f 12535/43009/12535 7246/43010/7246 8956/43011/8956
vt 0.8628389835357666 0.6529973745346069
vt 0.8644547462463379 0.6595289707183838
f 16357/43012/16357 20526/43013/20526 27361/42873/27361
vt 0.9879879355430603 0.0530314967036247
f 4107/42868/4107 12539/43014/12539 10696/42673/10696
vt 0.8390725851058960 0.3378609716892242
f 18434/42946/18434 22775/42916/22775 14443/43015/14443
f 12518/42573/12518 8952/42930/8952 29807/42976/29807
vt 0.8069897890090942 0.1334515661001205
f 12524/42636/12524 10719/43016/10719 25073/42898/25073
vt 0.0328760147094727 0.2431585639715195
f 14441/42883/14441 8946/42832/8946 27367/43017/27367
f 1252/42687/1252 22781/42799/22781 22768/42839/22768
vt 0.9592567682266235 0.6452013254165649
f 7241/42929/7241 29813/43018/29813 25084/42917/25084
f 22771/42980/22771 29807/42976/29807 18429/42656/18429
vt 0.0657770708203316 0.8144795298576355
vt 0.0606543719768524 0.8214856386184692
vt 0.0597365088760853 0.8154151439666748
f 16357/43019/16357 7242/43020/7242 20526/43021/20526
vt 0.9681937694549561 0.6510438323020935
f 29808/42797/29808 29795/42738/29795 2651/43022/2651
vt 0.5558883547782898 0.1237231194972992
f 4106/42587/4106 22772/42954/22772 20527/43023/20527
vt 0.5572386980056763 0.1247144788503647
f 4106/42587/4106 20527/43023/20527 29803/43024/29803
f 4106/42587/4106 29803/43024/29803 25075/43008/25075
vt 0.7866231799125671 0.0597664080560207
f 27363/42774/27363 5664/42961/5664 20532/43025/20532
vt 0.8239309191703796 0.8296806216239929
f 8956/43011/8956 7246/43010/7246 22782/43026/22782
f 8948/42823/8948 1257/42966/1257 4104/42693/4104
vt 0.6426665186882019 0.9850924611091614
f 14438/42880/14438 12536/43027/12536 7245/42988/7245
vt 0.9820956587791443 0.4468384683132172
f 8953/42740/8953 20525/42936/20525 16389/43028/16389
vt 0.3444283008575439 0.1107676774263382
f 8938/42648/8938 22773/43029/22773 20533/42877/20533
vt 0.9554708003997803 0.6412334442138672
f 8947/42820/8947 14424/42763/14424 8960/43030/8960
f 2626/42385/2626 2654/42682/2654 4115/42551/4115
vt 0.3346539735794067 0.8542739152908325
f 27327/42221/27327 8922/43031/8922 25093/42766/25093
vt 0.5497066974639893 0.7477621436119080
f 14418/42728/14418 8961/43032/8961 8950/42698/8950
vt 0.1666985005140305 0.2795378267765045
f 2635/42758/2635 18436/43033/18436 5662/42811/5662
f 14438/42880/14438 2642/42892/2642 12536/43027/12536
f 22767/42552/22767 25089/43002/25089 14439/42842/14439
f 29805/42900/29805 16393/42995/16393 22771/42980/22771
vt 0.8217274546623230 0.8244173526763916
f 18431/42951/18431 27371/42981/27371 5672/43034/5672
f 18429/42656/18429 8952/42930/8952 8955/42802/8955
f 18429/42656/18429 29807/42976/29807 8952/42930/8952
f 22771/42980/22771 16393/42995/16393 29807/42976/29807
f 27366/42805/27366 16390/42969/16390 29812/42991/29812
vt 0.7719014883041382 0.9541649818420410
f 8954/42407/8954 14442/42914/14442 16392/43035/16392
f 27363/42774/27363 20532/43025/20532 18435/42826/18435
vt 0.9544088244438171 0.6403145790100098
f 8947/42820/8947 22777/43036/22777 1256/42986/1256
f 18427/42461/18427 5673/42896/5673 12523/42715/12523
vt 0.1806360036134720 0.9832450151443481
vt 0.1818283796310425 0.9811881780624390
f 14441/43001/14441 27367/43037/27367 20538/43038/20538
f 14441/43001/14441 20538/43038/20538 4105/42654/4105
f 10696/42673/10696 12539/43014/12539 14426/42729/14426
vt 0.9953342080116272 0.0473215803503990
f 10702/42938/10702 12541/42975/12541 5664/43039/5664
f 8946/42832/8946 2641/42876/2641 27367/43017/27367
f 8947/42820/8947 8960/43030/8960 22777/43036/22777
vt 0.7921075820922852 0.4612864851951599
f 2639/42716/2639 27360/42854/27360 27370/43040/27370
vt 0.8423756361007690 0.3292950689792633
f 1251/42593/1251 18444/43041/18444 27358/42741/27358
vt 0.8432536125183105 0.3263663947582245
f 27358/42741/27358 27368/43042/27368 5663/42878/5663
vt 0.3749700486660004 0.4064505100250244
f 25064/42864/25064 4112/43043/4112 1248/42761/1248
f 18432/42840/18432 25085/42927/25085 14418/42728/14418
vt 0.1719752103090286 0.2733926475048065
vt 0.1741947531700134 0.2744010984897614
f 18434/43044/18434 14443/43045/14443 12538/42888/12538
f 18434/43044/18434 12538/42888/12538 18436/43033/18436
f 18426/42903/18426 14447/42904/14447 16373/42658/16373
vt 0.0769812017679214 0.4363504946231842
f 10704/42668/10704 16391/43046/16391 29800/42852/29800
vt 0.1804494261741638 0.4545083045959473
f 14439/42842/14439 25089/43002/25089 25092/43047/25092
vt 0.3426524102687836 0.1129859760403633
vt 0.3403025865554810 0.1127024367451668
f 29794/43048/29794 27376/43049/27376 22773/43029/22773
vt 0.0393938906490803 0.2464427947998047
f 25071/42978/25071 25074/43050/25074 20529/42979/20529
vt 0.9921101331710815 0.0499115735292435
f 8924/42274/8924 18440/43051/18440 12541/42975/12541
vt 0.3521153330802917 0.8553098440170288
f 8921/42222/8921 25093/42766/25093 4114/43052/4114
vt 0.2689008414745331 0.5471117496490479
f 25076/42861/25076 10707/42982/10707 20534/43053/20534
f 8953/42740/8953 16389/43028/16389 1262/43004/1262
vt 0.3383445143699646 0.1042185500264168
f 10698/42755/10698 8975/42863/8975 22776/43054/22776
f 10698/42755/10698 22776/43054/22776 16381/42751/16381
vt 0.3086090087890625 0.0926619991660118
f 8945/42651/8945 1259/42926/1259 22769/43055/22769
vt 0.5741957426071167 0.7234662175178528
vt 0.5760362148284912 0.7244632244110107
f 10709/42924/10709 27369/43056/27369 14444/43057/14444
vt 0.5863018631935120 0.7240677475929260
vt 0.5831673741340637 0.7227905988693237
vt 0.5899156928062439 0.7235473394393921
f 25072/43058/25072 12540/43059/12540 4113/43060/4113
f 8951/42709/8951 14443/43045/14443 16394/42925/16394
f 8951/42709/8951 12538/42888/12538 14443/43045/14443
f 22761/42689/22761 25084/42917/25084 20524/42856/20524
vt 0.3414282500743866 0.1149526163935661
f 18430/43061/18430 27376/43049/27376 29794/43048/29794
f 18431/42951/18431 5672/43034/5672 16388/43003/16388
f 10709/42924/10709 14432/42853/14432 27369/43056/27369
vt 0.1666803359985352 0.2701091170310974
f 18434/43044/18434 18436/43033/18436 29798/43062/29798
vt 0.1626899242401123 0.2736933231353760
f 18436/43033/18436 18450/43063/18450 29798/43062/29798
vt 0.1260170042514801 0.0675799995660782
f 14430/42821/14430 4109/42869/4109 16393/43064/16393
vt 0.6393446326255798 0.9808993935585022
f 16373/42658/16373 14447/42904/14447 20531/43065/20531
f 18436/43033/18436 12538/42888/12538 5662/42811/5662
vt 0.0359249897301197 0.2451277971267700
f 27367/43017/27367 2641/42876/2641 4117/43066/4117
vt 0.8195759654045105 0.8297246098518372
f 8956/43011/8956 22782/43026/22782 8963/43067/8963
f 16382/42783/16382 16394/42922/16394 22775/42916/22775
vt 0.0834719985723495 0.4354369938373566
f 25063/42764/25063 29800/42852/29800 29806/43068/29806
vt 0.8564379811286926 0.7705439925193787
vt 0.8526043295860291 0.7766419053077698
f 25063/43069/25063 29806/43070/29806 4095/42613/4095
vt 0.9750344157218933 0.6388304233551025
f 4104/42886/4104 1257/43071/1257 4121/42887/4121
vt 0.9718660116195679 0.6452383399009705
f 29795/42738/29795 4121/42887/4121 25077/43072/25077
vt 0.9594874382019043 0.6458996534347534
f 7241/42929/7241 5667/43073/5667 29813/43018/29813
vt 0.1580791473388672 0.2802680134773254
f 2635/42758/2635 7243/42828/7243 12543/43074/12543
vt 0.1605675816535950 0.2765531539916992
f 2635/42758/2635 12543/43074/12543 18451/43075/18451
f 2635/42758/2635 18451/43075/18451 18436/43033/18436
vt 0.2754329144954681 0.5404191613197327
f 25060/42730/25060 10714/43076/10714 4098/42700/4098
f 14424/42763/14424 20524/42856/20524 8960/43030/8960
vt 0.5828360915184021 0.7243528366088867
vt 0.5799311399459839 0.7243493795394897
f 22774/43077/22774 2645/43078/2645 12540/43059/12540
f 16362/42336/16362 29810/42644/29810 27374/42957/27374
f 22774/43077/22774 12540/43059/12540 25072/43058/25072
f 5660/42933/5660 14430/42821/14430 16393/43064/16393
vt 0.1950043141841888 0.4608213007450104
f 29787/42765/29787 20521/42714/20521 5665/43079/5665
f 18436/43033/18436 18451/43075/18451 18450/43063/18450
f 27360/42854/27360 18416/42632/18416 27370/43040/27370
vt 0.5768373012542725 0.7334979772567749
f 2645/43078/2645 27389/43080/27389 14444/43057/14444
vt 0.7807458639144897 0.4622129201889038
f 1245/42649/1245 29816/42848/29816 22781/43081/22781
vt 0.3221522569656372 0.8565467596054077
vt 0.3207191824913025 0.8550629019737244
vt 0.3241695463657379 0.8563413619995117
f 27365/43082/27365 7248/43083/7248 14446/43084/14446
vt 0.8596507906913757 0.6619326472282410
f 27361/42873/27361 20526/43013/20526 14445/43085/14445
f 1251/42593/1251 29798/42947/29798 18444/43041/18444
f 7244/42956/7244 5663/42878/5663 27368/43042/27368
f 29787/42765/29787 5665/43079/5665 12519/42629/12519
f 25060/42730/25060 16384/42843/16384 29799/42964/29799
f 25053/41780/25053 27364/42786/27364 18457/42944/18457
f 14443/43015/14443 22775/42916/22775 16394/42922/16394
f 4109/42992/4109 29807/42976/29807 16393/42995/16393
vt 0.5480321645736694 0.7519025206565857
f 8950/42698/8950 27375/43086/27375 20528/42747/20528
vt 0.9867273569107056 0.0528620593249798
f 12539/43014/12539 4107/42868/4107 18441/43087/18441
f 12535/43009/12535 8956/43011/8956 8963/43067/8963
vt 0.0378464572131634 0.2457502931356430
f 25074/43050/25074 22777/43088/22777 20529/42979/20529
vt 0.4027125537395477 0.3931173086166382
f 12528/42780/12528 5666/43089/5666 14412/42517/14412
vt 0.0950094833970070 0.9192704558372498
f 8954/42643/8954 16392/43090/16392 27374/42957/27374
f 8954/42643/8954 27374/42957/27374 29810/42644/29810
f 2645/43078/2645 14444/43057/14444 12540/43059/12540
vt 0.9944881796836853 0.0466287545859814
f 5664/43039/5664 12541/42975/12541 22778/43091/22778
f 22772/42954/22772 10706/42953/10706 20527/43023/20527
vt 0.6397315859794617 0.9839504957199097
f 14447/42904/14447 7245/42988/7245 14450/43092/14450
f 27351/42354/27351 12546/43005/12546 4101/42836/4101
vt 0.9773995876312256 0.4446619451045990
f 16389/43028/16389 1264/43093/1264 1262/43004/1262
f 14415/42529/14415 18442/42720/18442 14432/42853/14432
vt 0.3123610019683838 0.0938889980316162
f 16387/42819/16387 12531/42855/12531 1261/43094/1261
f 7241/42929/7241 29808/42797/29808 5667/43073/5667
vt 0.3738200068473816 0.4081459939479828
f 4112/43043/4112 4113/43095/4113 1248/42761/1248
vt 0.8200274109840393 0.8206780552864075
f 16396/42952/16396 16388/43003/16388 14448/43096/14448
vt 0.8211739659309387 0.8195050954818726
f 16396/42952/16396 14448/43096/14448 18439/43097/18439
vt 0.1802651435136795 0.9818310737609863
f 27367/43037/27367 4117/43098/4117 20538/43038/20538
f 14432/42853/14432 18442/42720/18442 27369/43056/27369
vt 0.0958769991993904 0.9199169874191284
vt 0.0944041013717651 0.9208745956420898
f 14442/43099/14442 7237/43100/7237 16392/43090/16392
vt 0.1568893939256668 0.2835207581520081
f 7243/42828/7243 29797/42915/29797 29811/43101/29811
vt 0.6039192676544189 0.7383348941802979
f 16373/42660/16373 20531/43102/20531 7239/42661/7239
f 2641/42876/2641 20529/42979/20529 4117/43066/4117
f 4112/42921/4112 22765/42846/22765 4113/43060/4113
f 4105/42654/4105 20538/43038/20538 14452/42990/14452
vt 0.0770320892333984 0.4343911111354828
f 29800/42852/29800 16391/43046/16391 27383/43103/27383
f 4113/43060/4113 12540/43059/12540 1248/42762/1248
vt 0.0400431230664253 0.2470143735408783
f 25071/42978/25071 1256/43104/1256 25074/43050/25074
vt 0.4131231606006622 0.3829340636730194
f 25058/42731/25058 4101/42836/4101 25094/43105/25094
vt 0.4075626432895660 0.3864430487155914
f 25058/42731/25058 25094/43105/25094 25082/43106/25082
f 10709/42924/10709 14444/43057/14444 4111/42793/4111
vt 0.8471009731292725 0.3142299950122833
f 27344/42605/27344 8970/42965/8970 18437/43107/18437
f 27344/42605/27344 18437/43107/18437 25068/42893/25068
f 22774/43077/22774 27389/43080/27389 2645/43078/2645
f 27358/42741/27358 18444/43041/18444 27368/43042/27368
f 8924/42274/8924 14426/42729/14426 18440/43051/18440
f 2639/42716/2639 27370/43040/27370 29816/42848/29816
f 14440/42627/14440 25075/43008/25075 18430/42885/18430
f 18406/42460/18406 16381/42751/16381 25109/43006/25109
vt 0.8383049964904785 0.3201042115688324
f 8970/42965/8970 7244/42956/7244 12544/43108/12544
f 25060/42730/25060 29799/42964/29799 10714/43076/10714
vt 0.2746514379978180 0.5449476838111877
f 18438/42767/18438 25076/42861/25076 25079/43109/25079
vt 0.8287166953086853 0.8258902430534363
f 27371/42981/27371 14436/42950/14436 16395/43110/16395
vt 0.1813010424375534 0.0434598736464977
f 22768/42970/22768 29809/43111/29809 16390/42969/16390
vt 0.9849121570587158 0.0544600263237953
f 4107/42868/4107 5670/43112/5670 18441/43087/18441
f 7243/42828/7243 29811/43101/29811 12543/43074/12543
vt 0.1459559947252274 0.2820160090923309
f 10703/42962/10703 10711/42959/10711 8958/43113/8958
vt 0.9860486388206482 0.4299865663051605
f 29790/42785/29790 20536/42983/20536 27372/43114/27372
vt 0.3400631546974182 0.1108566299080849
f 27376/43049/27376 5669/43115/5669 22773/43029/22773
vt 0.4661214053630829 0.1750454902648926
f 18433/42905/18433 27357/43116/27357 29796/42825/29796
f 1248/42762/1248 12540/43059/12540 2620/42305/2620
vt 0.2751789093017578 0.5291202068328857
f 12517/42371/12517 12534/42810/12534 16410/43117/16410
f 12517/42371/12517 16410/43117/16410 27378/42759/27378
vt 0.9759204983711243 0.6407964825630188
f 1257/43071/1257 25083/43118/25083 4121/42887/4121
vt 0.2641487121582031 0.5517619252204895
f 25068/42894/25068 8959/43119/8959 25078/42875/25078
vt 0.4707337021827698 0.1721106767654419
vt 0.4715688824653625 0.1708903312683105
f 1257/43120/1257 7247/42906/7247 25083/43121/25083
vt 0.8162531852722168 0.8250982761383057
vt 0.8172327280044556 0.8235132694244385
f 12535/43009/12535 2646/43122/2646 22787/43123/22787
f 12535/43009/12535 22787/43123/22787 7246/43010/7246
vt 0.9835720062255859 0.0557969994843006
f 25070/43007/25070 22750/42815/22750 5670/43124/5670
vt 0.4635411500930786 0.1774780303239822
f 18413/42707/18413 29796/42825/29796 5671/43125/5671
f 7246/43010/7246 27371/42981/27371 16395/43110/16395
vt 0.1933524161577225 0.4632994830608368
f 20521/42714/20521 20542/43126/20542 5665/43079/5665
f 25074/43050/25074 1256/43104/1256 22777/43088/22777
vt 0.3185191750526428 0.1020454019308090
f 2644/41956/2644 7262/43127/7262 12531/42855/12531
vt 0.7672550082206726 0.9553390145301819
f 7237/42812/7237 4100/42829/4100 1260/43128/1260
vt 0.9581775069236755 0.6460464000701904
vt 0.9574959874153137 0.6457930207252502
f 29813/43018/29813 10710/43129/10710 27373/43130/27373
f 29813/43018/29813 27373/43130/27373 25084/42917/25084
vt 0.9954308867454529 0.0467915199697018
f 5664/43039/5664 22778/43091/22778 20532/43131/20532
vt 0.9915543198585510 0.0489636994898319
f 12541/42975/12541 29814/43132/29814 22778/43091/22778
f 4111/42793/4111 14444/43057/14444 27389/43080/27389
f 4107/42868/4107 25070/43007/25070 5670/43112/5670
f 16392/43090/16392 7237/43100/7237 27374/42957/27374
vt 0.3050195276737213 0.8549857139587402
vt 0.3081465661525726 0.8512754440307617
f 27357/43133/27357 5655/42679/5655 14452/43134/14452
vt 0.7077760100364685 0.0255020000040531
f 22768/42839/22768 22781/42799/22781 29809/43135/29809
f 10706/42953/10706 4110/43000/4110 20527/43023/20527
vt 0.6412069201469421 0.9858230948448181
f 7245/42988/7245 8966/43136/8966 14450/43092/14450
f 22774/43077/22774 25072/43058/25072 27389/43080/27389
vt 0.7968448996543884 0.4638499915599823
f 18416/42632/18416 5668/43137/5668 27370/43040/27370
vt 0.1645511239767075 0.4499970972537994
f 22770/42901/22770 29805/42900/29805 29820/43138/29820
vt 0.9955719709396362 0.0462098643183708
f 4118/43139/4118 20532/43131/20532 22778/43091/22778
vt 0.1843426376581192 0.0378357470035553
f 20525/42942/20525 29812/42991/29812 16389/43140/16389
f 29813/43018/29813 5667/43073/5667 10710/43129/10710
vt 0.3405113518238068 0.1152209565043449
f 27376/43049/27376 18430/43061/18430 25081/43141/25081
f 27369/43056/27369 18442/42720/18442 14444/43057/14444
vt 0.0148320049047470 0.3172267675399780
vt 0.0135314594954252 0.3184522390365601
vt 0.0121964951977134 0.3164502978324890
f 12535/43142/12535 8963/43143/8963 2646/43144/2646
vt 0.1521237641572952 0.2803625464439392
f 10703/42962/10703 14449/43145/14449 10712/42963/10712
vt 0.0755720436573029 0.4340608716011047
f 10704/42668/10704 25080/43146/25080 16391/43046/16391
vt 0.1898106187582016 0.4605728983879089
f 27352/42757/27352 12519/42629/12519 16401/43147/16401
f 14444/43057/14444 18442/42720/18442 12540/43059/12540
f 12541/42975/12541 18440/43051/18440 29814/43132/29814
f 12519/42629/12519 5665/43079/5665 16401/43147/16401
vt 0.8532289862632751 0.8329439759254456
vt 0.8509909510612488 0.8321615457534790
vt 0.8531402945518494 0.8317888379096985
f 16387/43148/16387 1261/43149/1261 1259/43150/1259
vt 0.5081648826599121 0.0656902566552162
vt 0.5037206411361694 0.0638692826032639
vt 0.5080151557922363 0.0627775564789772
f 27372/43151/27372 20536/43152/20536 10711/43153/10711
f 16390/42969/16390 29809/43111/29809 29812/42991/29812
vt 0.5578901767730713 0.7467270493507385
f 12530/42768/12530 1253/42704/1253 1271/43154/1271
f 12530/42768/12530 1271/43154/1271 25085/42927/25085
vt 0.3246663808822632 0.8512580394744873
f 14446/43084/14446 7248/43083/7248 18468/43155/18468
vt 0.8294416666030884 0.8229689002037048
f 14436/42950/14436 18449/43156/18449 16395/43110/16395
vt 0.9547628760337830 0.6415706276893616
f 22777/43036/22777 8960/43030/8960 18448/43157/18448
vt 0.9891433119773865 0.0509252473711967
f 12539/43014/12539 18441/43087/18441 8964/43158/8964
vt 0.8509508967399597 0.8303976058959961
vt 0.8544458746910095 0.8308058977127075
f 1259/43150/1259 1265/43159/1265 22769/43160/22769
f 18438/42767/18438 25079/43109/25079 29799/42964/29799
vt 0.9840164184570312 0.3378439247608185
f 25065/42719/25065 10699/42770/10699 27388/43161/27388
f 16388/43003/16388 5672/43034/5672 14448/43096/14448
vt 0.1756210029125214 0.4537419974803925
f 14439/42842/14439 25092/43047/25092 20544/43162/20544
f 10703/42962/10703 8958/43113/8958 14449/43145/14449
f 4113/43060/4113 22765/42846/22765 25072/43058/25072
f 2620/42305/2620 12540/43059/12540 18442/42720/18442
vt 0.5545132160186768 0.1360804587602615
f 25075/43008/25075 25081/43163/25081 18430/42885/18430
vt 0.3194221556186676 0.8546919226646423
vt 0.3099212646484375 0.8542737364768982
vt 0.3186261653900146 0.8526501655578613
f 18443/43164/18443 5671/43165/5671 12542/43166/12542
vt 0.9909260272979736 0.1205459982156754
vt 0.9877052307128906 0.1298582255840302
vt 0.9887861609458923 0.1220303624868393
f 16386/43167/16386 18461/43168/18461 12525/43169/12525
vt 0.9922350049018860 0.1258299946784973
f 16386/43167/16386 8962/43170/8962 18461/43168/18461
f 14436/42950/14436 16396/42952/16396 18449/43156/18449
vt 0.9836382269859314 0.1215927600860596
f 18416/43171/18416 12525/43169/12525 18461/43168/18461
vt 0.9821015596389771 0.1264464557170868
f 18416/43171/18416 18461/43168/18461 5668/43172/5668
vt 0.7836229801177979 0.0586749985814095
f 18435/42826/18435 20532/43025/20532 1272/43173/1272
f 29797/42915/29797 10712/42963/10712 29811/43101/29811
f 27371/42981/27371 7246/43010/7246 5672/43034/5672
vt 0.2961843907833099 0.5066385269165039
f 29785/42600/29785 27385/43174/27385 29804/42920/29804
vt 0.6908050775527954 0.8003312349319458
vt 0.6906620264053345 0.8032171130180359
vt 0.6888245940208435 0.7984584569931030
f 5670/43175/5670 8972/43176/8972 18441/43177/18441
f 29796/42825/29796 27357/43116/27357 5671/43125/5671
f 12539/43014/12539 8964/43158/8964 14426/42729/14426
f 14447/42904/14447 14450/43092/14450 20531/43065/20531
f 29795/42738/29795 25077/43072/25077 2651/43022/2651
f 1258/42784/1258 1262/43004/1262 20536/42983/20536
vt 0.8514870405197144 0.8242332339286804
f 22769/43160/22769 1265/43159/1265 14453/43178/14453
vt 0.8224547505378723 0.8178968429565430
f 16396/42952/16396 18439/43097/18439 4119/43179/4119
f 20521/42714/20521 20528/42776/20528 20542/43126/20542
vt 0.2649889588356018 0.5473768711090088
f 25078/42875/25078 8959/43119/8959 18453/43180/18453
vt 0.0370839983224869 0.2454670071601868
f 20529/42979/20529 22777/43088/22777 4117/43181/4117
f 25076/42861/25076 20534/43053/20534 25079/43109/25079
vt 0.9591651558876038 0.6482758522033691
f 29808/42797/29808 20535/43182/20535 5667/43073/5667
vt 0.3263894915580750 0.8560529351234436
vt 0.3270285427570343 0.8537380695343018
f 4103/43183/4103 14446/43084/14446 20540/43184/20540
f 27357/43133/27357 14452/43134/14452 5671/43165/5671
vt 0.9906806945800781 0.0492454282939434
f 14426/42729/14426 8964/43158/8964 20537/43185/20537
f 14426/42729/14426 20537/43185/20537 18440/43051/18440
f 22773/43029/22773 5669/43115/5669 20533/42877/20533
f 8950/42698/8950 8961/43032/8961 27375/43086/27375
vt 0.0083798002451658 0.4423030316829681
vt 0.0084440000355244 0.4434280097484589
vt 0.0065476559102535 0.4437935650348663
f 10710/43186/10710 5667/43187/5667 22780/43188/22780
vt 0.2794052660465240 0.5323629975318909
f 4098/42700/4098 22783/43189/22783 12534/42810/12534
vt 0.9769675135612488 0.4391826987266541
vt 0.9757533669471741 0.4365697205066681
f 1263/43190/1263 16398/43191/16398 1262/43004/1262
f 29800/42852/29800 27383/43103/27383 29806/43068/29806
vt 0.0063949637115002 0.4447900056838989
f 5667/43187/5667 20535/43192/20535 22780/43188/22780
f 10704/42668/10704 16399/42796/16399 25080/43146/25080
f 29804/42920/29804 27385/43174/27385 5642/42971/5642
vt 0.8386571407318115 0.3294563293457031
f 29798/42947/29798 7249/43193/7249 18444/43041/18444
vt 0.0377185866236687 0.2458197474479675
f 22777/43088/22777 18448/43194/18448 4117/43181/4117
vt 0.6852817535400391 0.8057548999786377
vt 0.6865066885948181 0.7977769374847412
f 18441/43177/18441 22789/43195/22789 8964/43196/8964
f 18441/43177/18441 8972/43176/8972 22789/43195/22789
f 18440/43051/18440 20537/43185/20537 29814/43132/29814
f 10707/42982/10707 25078/42875/25078 20534/43053/20534
vt 0.0076942476443946 0.4424587786197662
vt 0.0068337605334818 0.4429988265037537
vt 0.0051998379640281 0.4417457878589630
f 27373/43197/27373 20539/43198/20539 25084/43199/25084
f 1262/43004/1262 16398/43191/16398 20536/42983/20536
f 7246/43010/7246 16395/43110/16395 22782/43026/22782
vt 0.8509479761123657 0.8357449769973755
vt 0.8441010713577271 0.8335198163986206
f 12531/43200/12531 7262/43201/7262 1261/43149/1261
vt 0.8384071588516235 0.3267339468002319
f 18444/43041/18444 12545/43202/12545 27368/43042/27368
f 25072/43058/25072 22765/42846/22765 27389/43080/27389
f 4116/42955/4116 25058/42731/25058 25082/43106/25082
f 4116/42955/4116 25082/43106/25082 12528/42780/12528
f 7246/43010/7246 22787/43123/22787 5672/43034/5672
vt 0.1638550758361816 0.2708579301834106
f 29798/43062/29798 18450/43063/18450 7249/43203/7249
vt 0.9830080270767212 0.3318110108375549
vt 0.9800641536712646 0.3320549428462982
f 12536/43204/12536 2642/42890/2642 22779/43205/22779
vt 0.9823324084281921 0.3304295837879181
f 12536/43204/12536 22779/43205/22779 7245/43206/7245
f 8937/42543/8937 4115/42551/4115 2654/42682/2654
vt 0.9817550182342529 0.3301883637905121
f 7245/43206/7245 22779/43205/22779 8966/43207/8966
f 7244/42956/7244 27368/43042/27368 12545/43202/12545
vt 0.9936850070953369 0.0460570007562637
f 22778/43091/22778 29814/43132/29814 2663/43208/2663
vt 0.9768453240394592 0.6431039571762085
f 4121/42887/4121 25083/43118/25083 22784/43209/22784
vt 0.8386492729187012 0.3246422708034515
f 7244/42956/7244 27377/43210/27377 12544/43108/12544
f 10710/43186/10710 22780/43188/22780 27373/43197/27373
vt 0.8422009944915771 0.7664501070976257
f 27364/42786/27364 18446/42633/18446 10717/43211/10717
vt 0.8191182613372803 0.8177672028541565
f 14448/43096/14448 27379/43212/27379 18439/43097/18439
vt 0.2853069305419922 0.5193108320236206
f 22755/42473/22755 27378/42759/27378 22785/43213/22785
vt 0.9818289875984192 0.0562789998948574
f 22750/42815/22750 8972/43214/8972 5670/43124/5670
f 22755/42473/22755 22785/43213/22785 10701/42841/10701
f 27373/43197/27373 22780/43188/22780 20539/43198/20539
f 18444/43041/18444 7249/43193/7249 12545/43202/12545
vt 0.9553956985473633 0.8843993544578552
vt 0.9536206126213074 0.8841175436973572
vt 0.9568262696266174 0.8809960484504700
f 20532/43215/20532 4118/43216/4118 1272/43217/1272
f 29785/42600/29785 29818/42935/29818 27385/43174/27385
vt 0.8133673667907715 0.3738763630390167
f 8957/42849/8957 29801/42781/29801 4135/43218/4135
vt 0.8142496943473816 0.3707912862300873
f 8957/42849/8957 4135/43218/4135 16419/43219/16419
f 7244/42956/7244 12545/43202/12545 27377/43210/27377
vt 0.4049154222011566 0.4102680385112762
vt 0.4067143499851227 0.4114395081996918
vt 0.4054099023342133 0.4123395681381226
f 8966/43220/8966 18459/43221/18459 14450/43222/14450
vt 0.2967143952846527 0.5052205920219421
f 5642/42971/5642 27385/43174/27385 18445/43223/18445
vt 0.1800096333026886 0.0414478667080402
f 16389/43140/16389 29812/42991/29812 18458/43224/18458
vt 0.8146401047706604 0.3678461611270905
f 8957/42849/8957 16411/43225/16411 16402/42139/16402
vt 0.2749565243721008 0.5438221693038940
f 29799/42964/29799 25079/43109/25079 8965/43226/8965
vt 0.5581189990043640 0.0969460010528564
f 5642/42403/5642 18445/43227/18445 29823/42973/29823
vt 0.5976452231407166 0.9603064060211182
vt 0.6000759601593018 0.9593707919120789
vt 0.5979363322257996 0.9612317085266113
f 25068/43228/25068 8968/43229/8968 8959/43230/8959
vt 0.8502714037895203 0.8311735391616821
f 1259/43150/1259 20541/43231/20541 1265/43159/1265
f 14418/42728/14418 25085/42927/25085 8961/43032/8961
vt 0.7830581665039062 0.4681996405124664
f 22781/43081/22781 29816/42848/29816 27393/43232/27393
vt 0.0108730047941208 0.3178918361663818
f 2646/43144/2646 8963/43143/8963 10713/43233/10713
vt 0.2896596789360046 0.5121980309486389
f 29818/42935/29818 10701/42841/10701 18463/43234/18463
f 29799/42964/29799 8965/43226/8965 10714/43076/10714
vt 0.9553835391998291 0.6429499387741089
f 20524/42856/20524 25084/42917/25084 29817/43235/29817
f 20524/42856/20524 29817/43235/29817 8960/43030/8960
vt 0.1802095472812653 0.9806708693504333
f 4117/43098/4117 18448/43236/18448 20538/43038/20538
f 2644/41956/2644 25109/43006/25109 7262/43127/7262
vt 0.3532403111457825 0.8556460142135620
vt 0.3529588878154755 0.8531239032745361
f 2638/43237/2638 4114/43052/4114 4100/43238/4100
vt 0.4745119512081146 0.1686759591102600
f 7247/42906/7247 12523/42715/12523 1269/43239/1269
f 7247/42906/7247 1269/43239/1269 25083/43121/25083
vt 0.8068938255310059 0.1349829286336899
f 29815/42744/29815 25073/42898/25073 5674/43240/5674
vt 0.8067793250083923 0.1318188309669495
f 12524/42636/12524 29819/43241/29819 10719/43016/10719
f 12534/42810/12534 22783/43189/22783 16410/43117/16410
vt 0.8183379173278809 0.8185499906539917
f 14448/43096/14448 18447/43242/18447 27379/43212/27379
f 18443/43164/18443 12542/43166/12542 7248/43083/7248
f 16391/43046/16391 25080/43146/25080 27383/43103/27383
vt 0.3369126319885254 0.1123325526714325
f 5669/43115/5669 27376/43049/27376 12548/43243/12548
f 29811/43101/29811 10712/42963/10712 12543/43074/12543
vt 0.7913030982017517 0.4650977551937103
f 29816/42848/29816 27370/43040/27370 27384/43244/27384
vt 0.8288530111312866 0.8196790218353271
f 18449/43156/18449 16396/42952/16396 2647/43245/2647
vt 0.4038925468921661 0.3912511169910431
f 12528/42780/12528 7252/43246/7252 5666/43089/5666
f 8937/42543/8937 2654/42682/2654 16407/42999/16407
f 5665/43079/5665 20542/43126/20542 16401/43147/16401
vt 0.2737630903720856 0.5345847010612488
f 10714/43076/10714 8980/43247/8980 4098/42700/4098
f 7239/42661/7239 20531/43102/20531 22765/42846/22765
f 8960/43030/8960 29817/43235/29817 18448/43157/18448
f 20527/43023/20527 4110/43000/4110 29803/43024/29803
vt 0.6374880075454712 0.9846690297126770
f 14450/43092/14450 16397/43248/16397 20531/43065/20531
f 1259/43150/1259 1261/43149/1261 20541/43231/20541
f 27376/43049/27376 25081/43141/25081 12548/43243/12548
vt 0.5037339925765991 0.0596545748412609
f 10711/43153/10711 20536/43152/20536 5676/43249/5676
vt 0.1579369306564331 0.2737879157066345
f 14449/43145/14449 18454/43250/18454 10712/42963/10712
f 29805/42900/29805 22771/42980/22771 29820/43138/29820
vt 0.8158361911773682 0.8197652697563171
f 14448/43096/14448 5672/43034/5672 14451/43251/14451
f 14448/43096/14448 14451/43251/14451 18447/43242/18447
vt 0.1805496364831924 0.9793194532394409
f 18448/43236/18448 29817/43252/29817 20538/43038/20538
vt 0.1583400666713715 0.2697540819644928
vt 0.1514050066471100 0.2734560072422028
vt 0.1524179279804230 0.2686274349689484
f 27377/43253/27377 8967/43254/8967 12544/43255/12544
vt 0.5985419750213623 0.9637030959129333
vt 0.5975080728530884 0.9650451540946960
f 8959/43230/8959 27380/43256/27380 18453/43257/18453
vt 0.7833809256553650 0.0581851117312908
f 18435/42826/18435 1272/43173/1272 4120/43258/4120
vt 0.3321408629417419 0.1065048798918724
f 16381/42751/16381 29830/43259/29830 25109/43006/25109
f 18435/42826/18435 4120/43258/4120 16386/42871/16386
vt 0.5591109395027161 0.1261152625083923
f 25075/43008/25075 29803/43024/29803 8976/43260/8976
vt 0.8123482465744019 0.8244498968124390
vt 0.8096783757209778 0.8228363394737244
f 2646/43122/2646 27381/43261/27381 7257/43262/7257
vt 0.9791629910469055 0.4334457218647003
f 16398/43191/16398 7250/43263/7250 20536/42983/20536
f 27352/42757/27352 16401/43147/16401 25089/43002/25089
vt 0.6385012269020081 0.9850997328758240
f 14450/43092/14450 18459/43264/18459 16397/43248/16397
f 14449/43145/14449 8967/43254/8967 27377/43253/27377
vt 0.5991808176040649 0.9619467258453369
f 8959/43230/8959 7254/43265/7254 27380/43256/27380
f 8959/43230/8959 8968/43229/8968 7254/43265/7254
vt 0.5543054938316345 0.7483675479888916
f 27375/43086/27375 8961/43032/8961 12552/43266/12552
vt 0.4058505892753601 0.4097892642021179
f 18459/43221/18459 8966/43220/8966 16406/43267/16406
vt 0.8388115167617798 0.3163095116615295
f 8970/42965/8970 12544/43108/12544 2649/43268/2649
f 25073/42898/25073 10719/43016/10719 5674/43240/5674
vt 0.3292592763900757 0.8548345565795898
f 4103/43183/4103 20540/43184/20540 27330/43269/27330
vt 0.8423768877983093 0.3138243556022644
f 8970/42965/8970 12547/43270/12547 18437/43107/18437
vt 0.2884118258953094 0.5064914226531982
f 29818/42935/29818 12550/43271/12550 27385/43174/27385
vt 0.5620826482772827 0.1229280605912209
f 4110/43000/4110 4130/43272/4130 29803/43024/29803
f 4101/42836/4101 12546/43005/12546 25094/43105/25094
vt 0.2676586806774139 0.5436126589775085
f 25078/42875/25078 18453/43180/18453 22790/43273/22790
vt 0.5631280541419983 0.1183848306536674
f 1250/42814/1250 20530/42588/20530 7251/43274/7251
vt 0.0104674343019724 0.3244211673736572
f 8963/43143/8963 8986/43275/8986 10713/43233/10713
vt 0.1610148102045059 0.2698608338832855
f 27377/43253/27377 12545/43276/12545 18454/43250/18454
vt 0.1779760122299194 0.0361644662916660
f 16389/43140/16389 18458/43224/18458 1264/43277/1264
f 16396/42952/16396 4119/43179/4119 2647/43245/2647
f 14449/43145/14449 27377/43253/27377 18454/43250/18454
f 14446/43084/14446 18468/43155/18468 20540/43184/20540
vt 0.5525450110435486 0.7479049563407898
f 8961/43032/8961 25085/42927/25085 1267/43278/1267
vt 0.2760972380638123 0.5316187143325806
f 4098/42700/4098 18464/43279/18464 22783/43189/22783
vt 0.1951928883790970 0.4751508831977844
f 20528/42776/20528 8973/43280/8973 20542/43126/20542
vt 0.3195656836032867 0.8455795049667358
f 7248/43083/7248 12542/43166/12542 10743/43281/10743
f 7248/43083/7248 10743/43281/10743 18468/43155/18468
vt 0.3367847204208374 0.1140453144907951
f 25081/43141/25081 1266/43282/1266 12548/43243/12548
f 7249/43203/7249 18450/43063/18450 12545/43276/12545
vt 0.3359757065773010 0.1102850139141083
f 12548/43243/12548 8974/43283/8974 5669/43115/5669
vt 0.9456464648246765 0.8826864361763000
vt 0.9428139925003052 0.8830885887145996
vt 0.9441342353820801 0.8794211149215698
f 20537/43284/20537 8964/43285/8964 22792/43286/22792
vt 0.1773788779973984 0.0475367270410061
f 29809/43111/29809 22781/43287/22781 18458/43224/18458
vt 0.8147565722465515 0.1467785090208054
f 7224/42280/7224 29815/42744/29815 27390/43288/27390
f 7224/42280/7224 27390/43288/27390 25087/42870/25087
f 18439/43097/18439 27379/43212/27379 4119/43179/4119
vt 0.5088957548141479 0.0583339035511017
f 10711/43153/10711 5676/43249/5676 8958/43289/8958
f 12543/43074/12543 10712/42963/10712 18454/43250/18454
f 4111/42793/4111 27389/43080/27389 12549/42847/12549
f 27361/42873/27361 14445/43085/14445 18472/42874/18472
f 25078/42875/25078 22790/43273/22790 20534/43053/20534
f 1262/43004/1262 1264/43093/1264 1263/43190/1263
f 20539/43198/20539 22780/43188/22780 25084/43199/25084
vt 0.5607624650001526 0.1353659629821777
f 25081/43163/25081 25075/43008/25075 20554/43290/20554
f 29809/43111/29809 18458/43224/18458 29812/42991/29812
vt 0.1854746639728546 0.4624293148517609
f 16401/43147/16401 20542/43126/20542 16409/43291/16409
vt 0.1453399956226349 0.2770690023899078
f 8958/43113/8958 7253/43292/7253 14449/43145/14449
vt 0.8136481046676636 0.8248674869537354
f 2646/43122/2646 10713/43293/10713 27381/43261/27381
vt 0.8134487867355347 0.8221431374549866
f 2646/43122/2646 7257/43262/7257 16415/43294/16415
f 2646/43122/2646 16415/43294/16415 22787/43123/22787
vt 0.5563061833381653 0.7493808269500732
f 25085/42927/25085 1271/43154/1271 18452/43295/18452
f 25085/42927/25085 18452/43295/18452 12552/43266/12552
vt 0.0745786279439926 0.4319286942481995
f 25080/43146/25080 16399/42796/16399 10715/43296/10715
vt 0.9516590833663940 0.8830044269561768
vt 0.9525893926620483 0.8786424398422241
f 22778/43297/22778 2663/43298/2663 4118/43216/4118
f 12543/43074/12543 18454/43250/18454 18451/43075/18451
f 18450/43063/18450 18454/43250/18454 12545/43276/12545
vt 0.0051409797742963 0.4435909986495972
f 20535/43192/20535 16400/43299/16400 22780/43188/22780
f 27370/43040/27370 5668/43137/5668 27384/43244/27384
vt 0.9549734592437744 0.8803568482398987
f 4118/43216/4118 18470/43300/18470 1272/43217/1272
vt 0.9609754085540771 0.6530015468597412
f 29808/42797/29808 29836/43301/29836 20535/43182/20535
f 29808/42797/29808 2651/43022/2651 29836/43301/29836
vt 0.3146956861019135 0.8477642536163330
f 5671/43165/5671 14452/43134/14452 18465/43302/18465
f 29801/42781/29801 29802/42987/29802 4135/43218/4135
f 25084/43199/25084 22780/43188/22780 16400/43299/16400
vt 0.9741911292076111 0.4352396726608276
f 16398/43191/16398 25086/43303/25086 7250/43263/7250
f 18451/43075/18451 18454/43250/18454 18450/43063/18450
vt 0.9466760158538818 0.8827207088470459
vt 0.9463753700256348 0.8799868822097778
f 29814/43304/29814 10718/43305/10718 2663/43298/2663
vt 0.4071540534496307 0.3927310109138489
f 12528/42780/12528 18460/43306/18460 7252/43246/7252
vt 0.8428081274032593 0.7719553112983704
f 4095/42613/4095 18455/43307/18455 18446/42633/18446
vt 0.6007689237594604 0.9570298790931702
f 25068/43228/25068 18437/43308/18437 8968/43229/8968
f 25085/42927/25085 12552/43266/12552 1267/43278/1267
f 12528/42780/12528 25082/43106/25082 18460/43306/18460
f 14449/43145/14449 7253/43292/7253 8967/43254/8967
vt 0.3306830525398254 0.8508194684982300
f 27330/43269/27330 20540/43184/20540 2659/43309/2659
f 12524/42636/12524 18422/42756/18422 29819/43241/29819
f 4110/43000/4110 1250/42814/1250 4130/43272/4130
f 1253/42704/1253 12549/42847/12549 1271/43154/1271
vt 0.2762833535671234 0.5242078304290771
f 27378/42759/27378 16410/43117/16410 8985/43310/8985
f 4118/43216/4118 2663/43298/2663 18470/43300/18470
vt 0.8239439725875854 0.8331779837608337
f 8963/43067/8963 22782/43026/22782 18456/43311/18456
vt 0.0130559997633100 0.3236269950866699
f 8963/43143/8963 18456/43312/18456 8986/43275/8986
f 22771/42980/22771 14439/42842/14439 20544/43162/20544
vt 0.1692882776260376 0.4519622921943665
f 22771/42980/22771 20544/43162/20544 4128/43313/4128
f 25065/42719/25065 27388/43161/27388 2642/42890/2642
vt 0.6954122781753540 0.8011055588722229
vt 0.6905329227447510 0.8056487441062927
f 22750/43314/22750 4124/43315/4124 8972/43176/8972
vt 0.6979267001152039 0.8056289553642273
f 22750/43314/22750 14437/43316/14437 4124/43315/4124
vt 0.5023318529129028 0.0651022195816040
vt 0.5019597411155701 0.0645953044295311
f 20536/43152/20536 7250/43317/7250 29822/43318/29822
vt 0.9607480168342590 0.8838624954223633
vt 0.9597044587135315 0.8837689161300659
vt 0.9610967636108398 0.8813735246658325
f 16386/43319/16386 4120/43320/4120 8962/43321/8962
vt 0.4024507105350494 0.4063467383384705
f 8966/43220/8966 22779/43322/22779 16406/43267/16406
vt 0.9742044806480408 0.6489834785461426
f 25077/43072/25077 22786/43323/22786 2651/43022/2651
f 22771/42980/22771 4128/43313/4128 29820/43138/29820
vt 0.8559867143630981 0.6443293094635010
vt 0.8608288764953613 0.6467916965484619
vt 0.8570550084114075 0.6484079957008362
f 4119/43324/4119 22798/43325/22798 2647/43326/2647
vt 0.8559397459030151 0.6421029567718506
vt 0.8552906513214111 0.6409872174263000
vt 0.8568863272666931 0.6400793790817261
f 27379/43327/27379 18447/43328/18447 25088/43329/25088
vt 0.2459518313407898 0.9725056290626526
vt 0.2478128522634506 0.9678309559822083
vt 0.2500059902667999 0.9698209762573242
f 8967/43330/8967 2649/43331/2649 12544/43332/12544
vt 0.2695911824703217 0.5408307909965515
f 10714/43076/10714 8965/43226/8965 2653/43333/2653
vt 0.3380953967571259 0.1201321482658386
f 25081/43141/25081 20554/43334/20554 1266/43282/1266
vt 0.2693349421024323 0.5429858565330505
f 25079/43109/25079 20534/43053/20534 18467/43335/18467
vt 0.8131974339485168 0.3633114695549011
f 1283/42507/1283 16402/42139/16402 22797/43336/22797
vt 0.8084957599639893 0.1621255874633789
vt 0.8050780296325684 0.1634069979190826
f 27334/42306/27334 8988/43337/8988 29802/43338/29802
f 27334/42306/27334 25087/42870/25087 8988/43337/8988
vt 0.8559609651565552 0.6392733454704285
f 18447/43328/18447 14451/43339/14451 25088/43329/25088
vt 0.1609471440315247 0.4485131800174713
f 22770/42901/22770 29820/43138/29820 8971/43340/8971
vt 0.0686320066452026 0.4305178523063660
f 22770/42777/22770 8971/43341/8971 16399/42796/16399
vt 0.4165659546852112 0.3786755800247192
f 12546/43005/12546 2648/42792/2648 4122/43342/4122
vt 0.0041020000353456 0.4435960054397583
f 25084/43199/25084 16400/43299/16400 29821/43343/29821
vt 0.0040115122683346 0.4409254789352417
f 25084/43199/25084 29821/43343/29821 29817/43344/29817
f 27383/43103/27383 25080/43146/25080 10715/43296/10715
vt 0.0004128167056479 0.4421135783195496
f 29817/43344/29817 29821/43343/29821 16403/43345/16403
f 25077/43072/25077 4121/42887/4121 22786/43323/22786
f 20533/42877/20533 5669/43115/5669 8974/43283/8974
f 5673/42896/5673 1269/43239/1269 12523/42715/12523
vt 0.4766919910907745 0.1654220074415207
f 5673/42896/5673 14453/43346/14453 1269/43239/1269
vt 0.7108759880065918 0.0208720006048679
vt 0.7112290263175964 0.0224300008267164
f 22781/42799/22781 27393/43347/27393 7255/43348/7255
f 4100/43238/4100 4114/43052/4114 25093/42766/25093
vt 0.9725168347358704 0.4424657523632050
f 1263/43190/1263 1264/43093/1264 7256/43349/7256
vt 0.9798314571380615 0.6426433920860291
f 25083/43118/25083 1269/43350/1269 22784/43209/22784
vt 0.3363649845123291 0.1070726737380028
f 16381/42751/16381 22776/43054/22776 27392/43351/27392
vt 0.6042206287384033 0.9620447754859924
f 8968/43229/8968 1273/43352/1273 7254/43265/7254
f 25079/43109/25079 18467/43335/18467 8965/43226/8965
vt 0.6823049187660217 0.8010128736495972
f 22789/43195/22789 22792/43353/22792 8964/43196/8964
vt 0.8410890102386475 0.7700985074043274
f 27364/42786/27364 10717/43211/10717 8977/43354/8977
vt 0.3092067837715149 0.8482664227485657
vt 0.3117914497852325 0.8471543192863464
f 14452/43134/14452 29824/43355/29824 14456/43356/14456
vt 0.8265213370323181 0.8326017856597900
f 22782/43026/22782 12554/43357/12554 18456/43311/18456
vt 0.8318885564804077 0.8247064948081970
f 16395/43110/16395 18449/43156/18449 2650/43358/2650
f 22776/43054/22776 8975/42863/8975 27392/43351/27392
vt 0.1833824068307877 0.9805362224578857
f 20538/43038/20538 29824/43359/29824 14452/42990/14452
f 8961/43032/8961 1267/43278/1267 12552/43266/12552
vt 0.8097295165061951 0.8237864971160889
f 27381/43261/27381 25095/43360/25095 7257/43262/7257
vt 0.5636340379714966 0.1311382651329041
f 25075/43008/25075 4134/43361/4134 20554/43290/20554
vt 0.9798027276992798 0.1332208961248398
f 5668/43172/5668 18461/43168/18461 29831/43362/29831
vt 0.9480656385421753 0.8772110939025879
f 2663/43298/2663 10718/43305/10718 8969/43363/8969
vt 0.8471713066101074 0.8301506638526917
f 1261/43149/1261 7259/43364/7259 20541/43231/20541
vt 0.9766600131988525 0.4323199987411499
vt 0.9790426492691040 0.4324355125427246
f 7250/43263/7250 16404/43365/16404 29822/43366/29822
vt 0.8581348657608032 0.6402727961540222
f 27379/43327/27379 25088/43329/25088 16408/43367/16408
f 29803/43024/29803 4130/43272/4130 8976/43260/8976
vt 0.5459769964218140 0.7555059790611267
f 20528/42747/20528 27375/43086/27375 8973/43368/8973
vt 0.1851264685392380 0.4601661860942841
f 16401/43147/16401 8979/43369/8979 25089/43002/25089
vt 0.9584978222846985 0.6495529413223267
vt 0.9591768383979797 0.6508833765983582
f 16400/43370/16400 20535/43182/20535 29821/43371/29821
vt 0.9698621034622192 0.4357731044292450
f 1263/43190/1263 7256/43349/7256 5679/43372/5679
f 1263/43190/1263 5679/43372/5679 16398/43191/16398
f 20541/43231/20541 7259/43364/7259 1265/43159/1265
vt 0.6006345748901367 0.9673343300819397
f 27380/43256/27380 10716/43373/10716 18453/43257/18453
vt 0.6037870645523071 0.9586207866668701
f 8968/43229/8968 18437/43308/18437 20547/43374/20547
f 27330/43269/27330 2659/43309/2659 8922/43031/8922
f 22783/43189/22783 18464/43279/18464 16410/43117/16410
f 4098/42700/4098 8980/43247/8980 18464/43279/18464
vt 0.4075492322444916 0.4126626551151276
vt 0.4080500900745392 0.4109210669994354
f 16397/43375/16397 18459/43221/18459 29827/43376/29827
vt 0.9596451520919800 0.8838401436805725
f 4120/43377/4120 1272/43217/1272 8962/43321/8962
f 12546/43005/12546 4122/43342/4122 25094/43105/25094
vt 0.0737938433885574 0.4298712611198425
f 10715/43296/10715 20549/43378/20549 27383/43103/27383
f 29814/43304/29814 20537/43284/20537 10718/43305/10718
vt 0.3342040479183197 0.1131831333041191
f 12548/43243/12548 1266/43282/1266 12551/43379/12551
f 27380/43256/27380 7254/43265/7254 10716/43373/10716
vt 0.4040140211582184 0.3969070017337799
f 14412/42517/14412 5666/43089/5666 27394/43380/27394
f 7250/43263/7250 25086/43303/25086 16404/43365/16404
vt 0.8054109811782837 0.1280493140220642
f 18422/42756/18422 16407/43381/16407 29819/43241/29819
f 20535/43182/20535 29836/43301/29836 29821/43371/29821
f 12548/43243/12548 12551/43379/12551 8974/43283/8974
vt 0.2666131556034088 0.5438629388809204
f 22790/43273/22790 18453/43180/18453 16405/43382/16405
f 22790/43273/22790 16405/43382/16405 2653/43333/2653
f 5672/43034/5672 22787/43123/22787 14451/43251/14451
vt 0.4046650528907776 0.4072977006435394
f 16406/43267/16406 22779/43322/22779 27387/43383/27387
f 20538/43038/20538 29817/43252/29817 29824/43359/29824
f 20534/43053/20534 22790/43273/22790 18467/43335/18467
vt 0.9778058528900146 0.6462882757186890
f 22784/43209/22784 4123/43384/4123 4121/42887/4121
vt 0.6022509932518005 0.7432339787483215
vt 0.5975983738899231 0.7441226243972778
f 20531/43102/20531 16397/43385/16397 25096/43386/25096
f 20531/43102/20531 25096/43386/25096 22765/42846/22765
f 5671/43165/5671 18465/43302/18465 12542/43166/12542
vt 0.8317490220069885 0.8222796320915222
f 2650/43358/2650 18449/43156/18449 20543/43387/20543
vt 0.9779289960861206 0.6549429893493652
vt 0.9762103557586670 0.6548654437065125
vt 0.9770745635032654 0.6532390713691711
f 18449/43388/18449 2647/43389/2647 20543/43390/20543
vt 0.5007148981094360 0.0605479143559933
f 20536/43152/20536 29822/43318/29822 18466/43391/18466
f 20536/43152/20536 18466/43391/18466 5676/43249/5676
f 16401/43147/16401 16409/43291/16409 8979/43369/8979
vt 0.0727187320590019 0.4299925863742828
f 16399/42796/16399 8971/43341/8971 2652/43392/2652
vt 0.4069149196147919 0.4102920293807983
vt 0.4066941440105438 0.4093963801860809
f 18459/43221/18459 22788/43393/22788 12553/43394/12553
f 18459/43221/18459 12553/43394/12553 29827/43376/29827
f 18459/43221/18459 16406/43267/16406 22788/43393/22788
f 14452/43134/14452 14456/43356/14456 18465/43302/18465
f 20530/42588/20530 29825/42721/29825 7251/43274/7251
f 29818/42935/29818 18463/43234/18463 12550/43271/12550
vt 0.0078400000929832 0.3189089894294739
f 10713/43233/10713 8986/43275/8986 27381/43395/27381
f 10714/43076/10714 2653/43333/2653 8980/43247/8980
vt 0.1837020069360733 0.9787060022354126
f 29817/43252/29817 16403/43396/16403 29824/43359/29824
vt 0.1744154989719391 0.0458173751831055
f 22781/43287/22781 7255/43397/7255 18458/43224/18458
vt 0.8341576457023621 0.8227164745330811
vt 0.8349316716194153 0.8236035108566284
f 2650/43358/2650 16413/43398/16413 14454/43399/14454
vt 0.1750225722789764 0.0389471389353275
f 18458/43224/18458 27382/43400/27382 1264/43277/1264
vt 0.8308526873588562 0.8303937315940857
f 16395/43110/16395 20546/43401/20546 22782/43026/22782
f 16395/43110/16395 2650/43358/2650 20546/43401/20546
f 22782/43026/22782 20546/43401/20546 12554/43357/12554
vt 0.2812872827053070 0.5117316246032715
f 10701/42841/10701 22785/43213/22785 4131/43402/4131
f 2650/43358/2650 20543/43387/20543 16413/43398/16413
vt 0.7646520137786865 0.9521960020065308
f 7237/42812/7237 1260/43128/1260 7258/43403/7258
vt 0.0966431424021721 0.9277347326278687
f 7237/43100/7237 7258/43404/7258 27374/42957/27374
f 20537/43284/20537 22792/43286/22792 10718/43305/10718
f 16398/43191/16398 5679/43372/5679 25086/43303/25086
vt 0.8336628079414368 0.8275425434112549
f 2650/43358/2650 14454/43399/14454 1268/43405/1268
f 16404/43365/16404 25086/43303/25086 5679/43372/5679
vt 0.8662104606628418 0.6626664996147156
f 20526/43013/20526 20548/43406/20548 14445/43085/14445
vt 0.8136017918586731 0.3650473058223724
f 16402/42139/16402 16411/43225/16411 27386/43407/27386
vt 0.4184048771858215 0.3812848329544067
f 4122/43342/4122 14463/43408/14463 25094/43105/25094
vt 0.0563796162605286 0.9202550053596497
f 16407/42999/16407 2654/42682/2654 29819/43409/29819
f 22784/43209/22784 1269/43350/1269 4123/43384/4123
f 27388/43161/27388 22779/43205/22779 2642/42890/2642
f 8972/43176/8972 4124/43315/4124 22789/43195/22789
vt 0.4037046432495117 0.3946126103401184
f 7252/43246/7252 20545/43410/20545 5666/43089/5666
vt 0.7962051630020142 0.4707332551479340
f 5668/43137/5668 29831/43411/29831 27384/43244/27384
f 1265/43159/1265 7259/43364/7259 14453/43178/14453
vt 0.8076804280281067 0.3603245913982391
f 7242/42219/7242 1283/42507/1283 18479/43412/18479
vt 0.0514888130128384 0.8255326151847839
vt 0.0547113083302975 0.8188705444335938
f 7242/43020/7242 18479/43413/18479 29849/43414/29849
f 7252/43246/7252 18460/43306/18460 20545/43410/20545
vt 0.8419300913810730 0.7693138718605042
f 10717/43211/10717 18446/42633/18446 4125/43415/4125
vt 0.2913545072078705 0.5046543478965759
f 27385/43174/27385 7260/43416/7260 18445/43223/18445
vt 0.6000581979751587 0.9695894718170166
f 18453/43257/18453 10716/43373/10716 16405/43417/16405
f 27379/43327/27379 16408/43367/16408 4119/43324/4119
vt 0.3336243331432343 0.8498781919479370
vt 0.3376771509647369 0.8473303318023682
f 8922/43031/8922 29826/43418/29826 1286/43419/1286
f 8922/43031/8922 1286/43419/1286 25093/42766/25093
f 20540/43184/20540 18468/43155/18468 2659/43309/2659
vt 0.0001579999952810 0.4451479911804199
f 29821/43343/29821 25090/43420/25090 16403/43345/16403
f 10717/43211/10717 4125/43415/4125 8977/43354/8977
vt 0.8354769349098206 0.8215131163597107
f 20543/43387/20543 4127/43421/4127 16413/43398/16413
vt 0.3168331980705261 0.8502997756004333
f 12542/43166/12542 18465/43302/18465 7261/43422/7261
vt 0.1792560070753098 0.4591119289398193
f 25092/43047/25092 25089/43002/25089 27396/43423/27396
vt 0.6006042957305908 0.9513507485389709
vt 0.6019405722618103 0.9546312689781189
f 18437/43308/18437 12547/43424/12547 16414/43425/16414
f 10715/43296/10715 16399/42796/16399 2652/43392/2652
vt 0.4192646741867065 0.3777818977832794
f 2648/42792/2648 1270/43426/1270 4122/43342/4122
f 16402/42139/16402 27386/43407/27386 22797/43336/22797
vt 0.8528360128402710 0.6606209874153137
vt 0.8528251647949219 0.6620630025863647
f 2648/43427/2648 18472/42874/18472 1270/43428/1270
f 20533/42877/20533 8974/43283/8974 8975/42863/8975
vt 0.8592997789382935 0.6392698287963867
f 25088/43329/25088 14451/43339/14451 16422/43429/16422
f 8970/42965/8970 2649/43268/2649 12547/43270/12547
vt 0.7903916239738464 0.4691350758075714
f 27384/43244/27384 14461/43430/14461 29816/42848/29816
f 8968/43229/8968 20547/43374/20547 1273/43352/1273
f 20542/43126/20542 8973/43280/8973 16409/43291/16409
f 18437/43308/18437 16414/43425/16414 20547/43374/20547
vt 0.9756366610527039 0.6490874886512756
f 4123/43384/4123 5677/43431/5677 4121/42887/4121
vt 0.0774156898260117 0.4267886281013489
f 20549/43378/20549 4126/43432/4126 27383/43103/27383
f 10701/42841/10701 4131/43402/4131 18463/43234/18463
f 4122/43342/4122 1270/43426/1270 14463/43408/14463
vt 0.9692218303680420 0.6555272936820984
f 2651/43022/2651 22786/43323/22786 2671/43433/2671
vt 0.8342279791831970 0.7684249877929688
f 27364/42786/27364 8977/43354/8977 8978/43434/8978
f 27364/42786/27364 8978/43434/8978 18457/42944/18457
vt 0.6027559638023376 0.9645119309425354
f 10716/43373/10716 7254/43265/7254 22796/43435/22796
f 18458/43224/18458 7255/43397/7255 27382/43400/27382
vt 0.5071662664413452 0.0537850521504879
f 8958/43289/8958 5676/43249/5676 25091/43436/25091
vt 0.2438839972019196 0.9789379835128784
vt 0.2406905442476273 0.9777014851570129
vt 0.2449602484703064 0.9759088754653931
f 8958/43437/8958 25091/43438/25091 7253/43439/7253
f 1273/43352/1273 22796/43435/22796 7254/43265/7254
f 8957/42849/8957 16419/43219/16419 16411/43225/16411
vt 0.6916661858558655 0.8105158209800720
f 4124/43315/4124 14437/43316/14437 10731/43440/10731
vt 0.5542446970939636 0.7514720559120178
f 12552/43266/12552 2664/43441/2664 27375/43086/27375
f 5666/43089/5666 20545/43410/20545 27394/43380/27394
f 4121/42887/4121 5677/43431/5677 22786/43323/22786
vt 0.8601341247558594 0.6404795646667480
f 4119/43324/4119 16408/43367/16408 25105/43442/25105
vt 0.8379055261611938 0.8226658701896667
f 14454/43399/14454 16413/43398/16413 8981/43443/8981
f 14454/43399/14454 8981/43443/8981 1268/43405/1268
f 10715/43296/10715 2652/43392/2652 20549/43378/20549
vt 0.8424835205078125 0.8195071220397949
vt 0.8403210639953613 0.8210952281951904
vt 0.8395388126373291 0.8189935088157654
f 4123/43444/4123 22794/43445/22794 5677/43446/5677
f 22790/43273/22790 2653/43333/2653 18467/43335/18467
vt 0.8550959825515747 0.6385740041732788
vt 0.8560699820518494 0.6386510133743286
f 14451/43339/14451 22787/43447/22787 16415/43448/16415
vt 0.8625984191894531 0.6422824263572693
f 4119/43324/4119 25105/43442/25105 2668/43449/2668
vt 0.3317360579967499 0.1133691295981407
f 22791/43450/22791 8974/43283/8974 12551/43379/12551
f 7242/43020/7242 29849/43414/29849 20526/43021/20526
vt 0.1754204928874969 0.0326870679855347
vt 0.1731313169002533 0.0299769993871450
f 7256/43451/7256 1264/43277/1264 16412/43452/16412
f 8922/43031/8922 2659/43309/2659 29826/43418/29826
f 25088/43329/25088 16422/43429/16422 16408/43367/16408
f 8979/43369/8979 27396/43423/27396 25089/43002/25089
vt 0.8103531599044800 0.8216842412948608
f 7257/43262/7257 10724/43453/10724 16415/43294/16415
vt 0.4971523880958557 0.0666681304574013
f 29822/43318/29822 16404/43454/16404 18466/43391/18466
f 27387/43383/27387 12553/43394/12553 16406/43267/16406
f 25082/43106/25082 25094/43105/25094 18460/43306/18460
vt 0.6905314922332764 0.8069885969161987
f 4124/43315/4124 10731/43440/10731 2655/43455/2655
vt 0.5026648640632629 0.0571665354073048
f 18466/43391/18466 12555/43456/12555 5676/43249/5676
vt 0.9935849905014038 0.1260730028152466
f 8962/43170/8962 27391/43457/27391 18461/43168/18461
f 12542/43166/12542 7261/43422/7261 10743/43281/10743
f 22788/43393/22788 16406/43267/16406 12553/43394/12553
f 1261/43149/1261 7262/43201/7262 7259/43364/7259
f 18446/42633/18446 18455/43307/18455 4125/43415/4125
vt 0.3526458740234375 0.8494913578033447
f 4100/43238/4100 25093/42766/25093 20561/43458/20561
vt 0.9700704216957092 0.4432218074798584
f 7256/43349/7256 16412/43459/16412 5679/43372/5679
vt 0.2694930136203766 0.5385010242462158
f 2653/43333/2653 25106/43460/25106 8980/43247/8980
f 27392/43351/27392 8975/42863/8975 8974/43283/8974
vt 0.2895557582378387 0.5024660229682922
vt 0.2956350147724152 0.4997189939022064
f 18445/43223/18445 5675/43461/5675 29823/43462/29823
vt 0.4987254738807678 0.0565550997853279
f 18466/43391/18466 29829/43463/29829 12555/43456/12555
f 20543/43390/20543 2647/43389/2647 22786/43323/22786
vt 0.8437665104866028 0.8290218114852905
vt 0.8482666015625000 0.8176180720329285
f 14453/43178/14453 22793/43464/22793 1269/43465/1269
vt 0.0707141011953354 0.4280535578727722
f 2652/43392/2652 8971/43341/8971 14459/43466/14459
vt 0.2429385185241699 0.9672458171844482
f 2649/43331/2649 8967/43330/8967 16416/43467/16416
vt 0.3069829940795898 0.9719610214233398
vt 0.3121904432773590 0.9769831299781799
vt 0.3058887720108032 0.9758574366569519
f 8980/43468/8980 25106/43469/25106 8982/43470/8982
f 8965/43226/8965 18467/43335/18467 2653/43333/2653
vt 0.5895442366600037 0.7445371747016907
f 22765/42846/22765 22802/43471/22802 27389/43080/27389
vt 0.8116566538810730 0.3724168241024017
f 27386/43407/27386 16411/43225/16411 2665/43472/2665
vt 0.3298595249652863 0.1155987381935120
f 22791/43450/22791 12551/43379/12551 10725/43473/10725
f 25092/43047/25092 27396/43423/27396 20544/43162/20544
vt 0.8075546622276306 0.8228658437728882
f 7257/43262/7257 25095/43360/25095 16418/43474/16418
vt 0.2802921831607819 0.5180596709251404
f 27378/42759/27378 8985/43310/8985 8984/43475/8984
f 27378/42759/27378 8984/43475/8984 22785/43213/22785
f 7260/43416/7260 27385/43174/27385 12550/43271/12550
vt 0.0694842040538788 0.4260526597499847
f 8971/43341/8971 29828/43476/29828 14459/43466/14459
f 8979/43369/8979 16409/43291/16409 27396/43423/27396
vt 0.6004419922828674 0.7469879984855652
vt 0.5996559858322144 0.7475450038909912
f 16397/43477/16397 29827/43478/29827 25096/43386/25096
f 20545/43410/20545 18460/43306/18460 27394/43380/27394
vt 0.5516704320907593 0.7561728954315186
f 27375/43086/27375 29861/43479/29861 8973/43368/8973
vt 0.4924099743366241 0.0574638061225414
f 29829/43463/29829 18466/43391/18466 16417/43480/16417
f 8981/43443/8981 4127/43421/4127 22794/43445/22794
vt 0.3595599532127380 0.8494756221771240
f 4100/43238/4100 20561/43458/20561 1260/43481/1260
vt 0.6035228967666626 0.9547386169433594
f 16414/43425/16414 22795/43482/22795 20547/43374/20547
vt 0.2845287024974823 0.5103235840797424
f 18463/43234/18463 4131/43402/4131 29838/43483/29838
vt 0.2459010034799576 0.9645770192146301
f 2649/43331/2649 16416/43467/16416 18462/43484/18462
f 27384/43244/27384 29831/43411/29831 14461/43430/14461
vt 0.9772746562957764 0.6523432135581970
f 22786/43323/22786 5677/43431/5677 4127/43485/4127
vt 0.8527184128761292 0.6621743440628052
vt 0.8551120758056641 0.6627478003501892
f 1270/43486/1270 18472/42874/18472 25100/43487/25100
vt 0.7892636060714722 0.4708960056304932
f 27393/43232/27393 29816/42848/29816 14455/43488/14455
f 22786/43323/22786 4127/43485/4127 20543/43390/20543
vt 0.8406003117561340 0.8242486715316772
f 22794/43445/22794 4123/43444/4123 16420/43489/16420
f 18445/43223/18445 7260/43416/7260 5675/43461/5675
f 22786/43323/22786 2647/43389/2647 2671/43433/2671
vt 0.8243700265884399 0.8340299129486084
f 12554/43357/12554 14460/43490/14460 18456/43311/18456
f 22794/43445/22794 4127/43421/4127 5677/43446/5677
vt 0.2392550855875015 0.9735962152481079
f 7253/43439/7253 25091/43438/25091 10720/43491/10720
f 7253/43439/7253 10720/43491/10720 8967/43330/8967
vt 0.1609037369489670 0.4535102844238281
f 8971/43340/8971 29820/43138/29820 29828/43492/29828
vt 0.5818399786949158 0.5691990256309509
vt 0.5722675919532776 0.5647502541542053
vt 0.5855559706687927 0.5637009739875793
f 10708/43493/10708 18457/43494/18457 25097/43495/25097
vt 0.7072995305061340 0.8055151104927063
vt 0.7010506391525269 0.8122936487197876
f 10708/43496/10708 25097/43497/25097 14437/43316/14437
f 4123/43444/4123 1269/43465/1269 16420/43489/16420
f 8981/43443/8981 16413/43398/16413 4127/43421/4127
vt 0.3367267251014709 0.1185810416936874
f 12551/43379/12551 1266/43282/1266 27397/43498/27397
vt 0.1723583638668060 0.0338409692049026
f 1264/43277/1264 27382/43400/27382 29840/43499/29840
f 1264/43277/1264 29840/43499/29840 16412/43452/16412
vt 0.3297813534736633 0.1133536025881767
vt 0.3284400701522827 0.1118681728839874
f 22791/43450/22791 18469/43500/18469 18473/43501/18473
vt 0.8595631122589111 0.6383191347122192
f 16415/43448/16415 10724/43502/10724 14451/43339/14451
f 18463/43234/18463 29838/43483/29838 12550/43271/12550
vt 0.2682263553142548 0.5413264632225037
f 16405/43382/16405 20552/43503/20552 2653/43333/2653
vt 0.5985924005508423 0.7493270039558411
vt 0.5960670709609985 0.7489271759986877
f 12553/43504/12553 2656/43505/2656 29827/43478/29827
vt 0.4911372065544128 0.0687076300382614
f 18466/43391/18466 16404/43454/16404 20564/43506/20564
vt 0.8240320086479187 0.8338729739189148
f 18456/43311/18456 14460/43490/14460 25098/43507/25098
vt 0.0123843895271420 0.3242059051990509
f 18456/43312/18456 25098/43508/25098 8986/43275/8986
vt 0.8102512359619141 0.3648542463779449
f 22797/43336/22797 27386/43407/27386 14469/43509/14469
vt 0.4040131270885468 0.4007136225700378
f 27388/42928/27388 14412/42517/14412 4133/43510/4133
f 5676/43249/5676 12555/43456/12555 25091/43436/25091
f 4124/43315/4124 2655/43455/2655 22789/43195/22789
vt 0.0068860175088048 0.3226379156112671
f 8986/43275/8986 5678/43511/5678 27381/43395/27381
f 27386/43407/27386 2665/43472/2665 14469/43509/14469
vt 0.8378970026969910 0.3137910068035126
f 2649/43268/2649 18462/43512/18462 12547/43270/12547
vt 0.2736601531505585 0.5312974452972412
f 18464/43279/18464 8983/43513/8983 16410/43117/16410
vt 0.6069719195365906 0.9559518694877625
f 22795/43482/22795 4132/43514/4132 20547/43374/20547
vt 0.6021190285682678 0.9701579809188843
f 16405/43417/16405 10716/43373/10716 14457/43515/14457
vt 0.1742728054523468 0.4580920338630676
f 20544/43162/20544 27396/43423/27396 5681/43516/5681
f 14453/43178/14453 7259/43364/7259 22793/43464/22793
f 1269/43465/1269 22793/43464/22793 16420/43489/16420
vt 0.9620563983917236 0.8791715502738953
f 8962/43321/8962 1272/43217/1272 27391/43517/27391
vt 0.1715238243341446 0.0527665875852108
vt 0.1683573573827744 0.0524020381271839
f 7255/43397/7255 27393/43518/27393 22804/43519/22804
vt 0.1668184250593185 0.0434180796146393
f 7255/43397/7255 22804/43519/22804 25102/43520/25102
f 29827/43478/29827 2656/43505/2656 25096/43386/25096
f 1250/42814/1250 7251/43274/7251 4130/43272/4130
f 16381/42751/16381 27392/43351/27392 29830/43259/29830
vt 0.6038349866867065 0.9516393542289734
f 16414/43425/16414 29839/43521/29839 22795/43482/22795
f 12547/43424/12547 29839/43521/29839 16414/43425/16414
f 8981/43443/8981 22794/43445/22794 16420/43489/16420
f 12552/43266/12552 18452/43295/18452 2664/43441/2664
vt 0.8094581961631775 0.1349206566810608
f 5674/43240/5674 10719/43016/10719 29833/43522/29833
f 27388/42928/27388 4133/43510/4133 22779/43322/22779
f 2652/43392/2652 14459/43466/14459 20549/43378/20549
f 7257/43262/7257 16418/43474/16418 10724/43453/10724
f 27375/43086/27375 2664/43441/2664 29861/43479/29861
vt 0.9856820702552795 0.1342621147632599
f 18461/43168/18461 4129/43523/4129 29831/43362/29831
vt 0.1629883050918579 0.4545525908470154
f 29820/43138/29820 20550/43524/20550 29828/43492/29828
vt 0.3080849945545197 0.8479160070419312
vt 0.3072968125343323 0.8453483581542969
f 16403/43525/16403 14468/43526/14468 29824/43355/29824
vt 0.3062177896499634 0.8458352088928223
f 16403/43525/16403 25090/43527/25090 14468/43526/14468
vt 0.8076530098915100 0.8240759968757629
f 27381/43261/27381 5678/43528/5678 25095/43360/25095
f 22791/43450/22791 10725/43473/10725 18469/43500/18469
vt 0.8080676198005676 0.8235066533088684
f 25095/43360/25095 5678/43528/5678 14458/43529/14458
f 2650/43358/2650 1268/43405/1268 20546/43401/20546
vt 0.4937333464622498 0.0547688491642475
f 29829/43463/29829 10722/43530/10722 12555/43456/12555
vt 0.8257523179054260 0.8358887434005737
vt 0.8248440623283386 0.8356077075004578
f 18469/43531/18469 10725/43532/10725 12554/43357/12554
f 7259/43364/7259 7262/43201/7262 22793/43464/22793
vt 0.3101994693279266 0.8472469449043274
f 29824/43355/29824 18475/43533/18475 14456/43356/14456
vt 0.5616850852966309 0.1276971548795700
f 8976/43260/8976 27398/43534/27398 25075/43008/25075
vt 0.3037329912185669 0.9710929989814758
vt 0.3024262487888336 0.9716576337814331
f 8980/43535/8980 8982/43470/8982 8983/43536/8983
f 8980/43247/8980 8983/43513/8983 18464/43279/18464
vt 0.4946043789386749 0.0732674598693848
f 5679/43537/5679 20564/43506/20564 16404/43454/16404
vt 0.9471098780632019 0.8761881589889526
f 22792/43286/22792 27395/43538/27395 10718/43305/10718
f 20544/43162/20544 5681/43516/5681 4128/43313/4128
f 1266/43282/1266 20554/43334/20554 27397/43498/27397
f 14412/42517/14412 27394/43380/27394 4133/43510/4133
f 29820/43138/29820 4128/43313/4128 20550/43524/20550
vt 0.1781176626682281 0.4607675671577454
f 27396/43423/27396 16409/43291/16409 22801/43539/22801
vt 0.8568365573883057 0.6656315326690674
f 25100/43487/25100 25099/43540/25099 1270/43486/1270
vt 0.4995612204074860 0.0520596355199814
f 12555/43456/12555 10722/43530/10722 27400/43541/27400
vt 0.8267570734024048 0.8359919190406799
f 18469/43531/18469 12554/43357/12554 18473/43542/18473
vt 0.8090909719467163 0.8209490180015564
f 16418/43474/16418 10721/43543/10721 10724/43453/10724
vt 0.4043650627136230 0.4034498929977417
f 22779/43322/22779 4133/43510/4133 2660/43544/2660
vt 0.8475220203399658 0.7763260006904602
f 29806/43070/29806 16432/43545/16432 4095/42613/4095
vt 0.3123199939727783 0.9741640090942383
vt 0.3133780360221863 0.9744456410408020
f 2653/43546/2653 20552/43547/20552 25106/43469/25106
vt 0.6089423298835754 0.9662688970565796
f 10716/43373/10716 22796/43435/22796 27401/43548/27401
f 16411/43225/16411 16419/43219/16419 2665/43472/2665
f 8967/43330/8967 10720/43491/10720 16416/43467/16416
vt 0.0576421990990639 0.8145033121109009
f 20526/43021/20526 29849/43414/29849 20548/43549/20548
vt 0.9944151043891907 0.1344297230243683
vt 0.9937360882759094 0.1377380490303040
f 18461/43168/18461 27391/43550/27391 5685/43551/5685
f 18461/43168/18461 5685/43551/5685 4129/43523/4129
vt 0.2674005329608917 0.5423452258110046
f 16405/43382/16405 14457/43552/14457 20552/43503/20552
vt 0.4162437319755554 0.4010245501995087
f 18460/43306/18460 25094/43105/25094 8993/43553/8993
f 4119/43324/4119 2668/43449/2668 22798/43325/22798
vt 0.2819720506668091 0.5078494548797607
f 29838/43483/29838 27402/43554/27402 12550/43271/12550
vt 0.0793758854269981 0.9282181262969971
f 2654/42682/2654 12521/42681/12521 7263/43555/7263
f 22785/43213/22785 8984/43475/8984 4131/43402/4131
vt 0.6059544682502747 0.9478065967559814
f 12547/43424/12547 18471/43556/18471 29839/43521/29839
vt 0.4043840765953064 0.4049871563911438
f 27387/43383/27387 22779/43322/22779 25104/43557/25104
f 29824/43355/29824 14468/43526/14468 18475/43533/18475
f 14461/43430/14461 14455/43488/14455 29816/42848/29816
vt 0.1686787456274033 0.4564417302608490
f 4128/43313/4128 25101/43558/25101 20550/43524/20550
f 14451/43339/14451 10724/43502/10724 16422/43429/16422
vt 0.6051762104034424 0.9700506925582886
f 14457/43515/14457 10716/43373/10716 5680/43559/5680
vt 0.9599377512931824 0.8737640380859375
f 1272/43217/1272 22799/43560/22799 27391/43517/27391
vt 0.5968919992446899 0.9448574185371399
vt 0.5987529158592224 0.9462938308715820
f 12547/43424/12547 18462/43561/18462 7264/43562/7264
vt 0.6009525060653687 0.9462055563926697
f 12547/43424/12547 7264/43562/7264 20559/43563/20559
f 25095/43360/25095 14458/43529/14458 16418/43474/16418
f 29829/43463/29829 16417/43480/16417 10722/43530/10722
f 7255/43397/7255 25102/43520/25102 27382/43400/27382
vt 0.9623747467994690 0.6540125012397766
f 2651/43022/2651 10723/43564/10723 29836/43301/29836
vt 0.0607725605368614 0.9273421168327332
f 2654/42682/2654 10735/43565/10735 29819/43409/29819
vt 0.4077368676662445 0.3998426795005798
f 18460/43306/18460 7269/43566/7269 27394/43380/27394
f 12554/43357/12554 10725/43532/10725 14460/43490/14460
vt 0.2697356343269348 0.5230056047439575
f 16410/43117/16410 2657/43567/2657 8985/43310/8985
vt 0.6905818581581116 0.8097901940345764
f 2655/43455/2655 16421/43568/16421 22789/43195/22789
vt 0.8564190268516541 0.7786999940872192
vt 0.8567819595336914 0.7830597162246704
f 27383/43569/27383 4126/43570/4126 29806/43070/29806
vt 0.9736847281455994 0.6572722792625427
f 2647/43389/2647 22798/43571/22798 2671/43433/2671
vt 0.8115189671516418 0.3631930649280548
f 1283/42507/1283 22797/43336/22797 2661/43572/2661
f 4095/42613/4095 16432/43545/16432 18455/43307/18455
vt 0.8518490195274353 0.6622139811515808
f 1270/43486/1270 25099/43540/25099 14463/43573/14463
vt 0.8113508224487305 0.1355776488780975
f 5674/43240/5674 29833/43522/29833 2658/43574/2658
f 5674/43240/5674 2658/43574/2658 29815/42744/29815
vt 0.7890498638153076 0.4739477038383484
f 29831/43411/29831 16430/43575/16430 14461/43430/14461
vt 0.5956671833992004 0.7507629394531250
f 2656/43505/2656 12553/43504/12553 10726/43576/10726
vt 0.5058040022850037 0.0529683530330658
f 12555/43456/12555 29834/43577/29834 25091/43436/25091
f 8976/43260/8976 4130/43272/4130 27398/43534/27398
vt 0.8346748352050781 0.8308245539665222
f 7262/43201/7262 25103/43578/25103 22793/43464/22793
vt 0.2838388085365295 0.4961476922035217
f 29823/43462/29823 5675/43461/5675 29832/43579/29832
vt 0.5670580267906189 0.0967819988727570
f 29823/42973/29823 29832/43580/29832 29825/42721/29825
vt 0.0700817033648491 0.4256290495395660
f 14459/43466/14459 29828/43476/29828 29835/43581/29835
f 16408/43367/16408 16422/43429/16422 25105/43442/25105
vt 0.6102308630943298 0.9609222412109375
f 1273/43352/1273 20547/43374/20547 20556/43582/20556
vt 0.9593128561973572 0.6546010971069336
f 29821/43371/29821 29836/43301/29836 25090/43583/25090
f 22791/43450/22791 18473/43501/18473 8974/43283/8974
vt 0.5617431998252869 0.7484650015830994
f 1271/43154/1271 12549/42847/12549 14465/43584/14465
f 20559/43563/20559 18471/43556/18471 12547/43424/12547
vt 0.0120922373607755 0.3247144520282745
f 25098/43508/25098 14460/43585/14460 8986/43275/8986
vt 0.5765603780746460 0.7481203079223633
f 12549/42847/12549 27389/43080/27389 16434/43586/16434
vt 0.6091538071632385 0.9678883552551270
f 10716/43373/10716 27401/43548/27401 12556/43587/12556
f 10716/43373/10716 12556/43587/12556 5680/43559/5680
f 27387/43383/27387 25104/43557/25104 12553/43394/12553
f 12554/43357/12554 20546/43401/20546 18473/43542/18473
f 18472/42874/18472 14445/43085/14445 25100/43487/25100
vt 0.0734049677848816 0.4238820970058441
f 20549/43378/20549 29848/43588/29848 4126/43432/4126
vt 0.5814468860626221 0.5564862489700317
f 18457/43494/18457 18493/43589/18493 25097/43495/25097
vt 0.6076999306678772 0.9542756080627441
f 22795/43482/22795 29839/43521/29839 16426/43590/16426
f 27394/43380/27394 7269/43566/7269 4133/43510/4133
f 27396/43423/27396 22801/43539/22801 5681/43516/5681
f 8981/43443/8981 16420/43489/16420 25103/43578/25103
f 8981/43443/8981 25103/43578/25103 1268/43405/1268
f 4128/43313/4128 5681/43516/5681 25101/43558/25101
vt 0.9484531879425049 0.8736588954925537
f 8969/43363/8969 10736/43591/10736 2663/43298/2663
f 10718/43305/10718 27395/43538/27395 8969/43363/8969
f 2655/43455/2655 10731/43440/10731 16421/43568/16421
f 14459/43466/14459 29835/43581/29835 20549/43378/20549
vt 0.9567229151725769 0.8760970830917358
f 18470/43300/18470 12559/43592/12559 1272/43217/1272
f 22793/43464/22793 25103/43578/25103 16420/43489/16420
vt 0.7853052616119385 0.4744142293930054
f 27393/43232/27393 14455/43488/14455 14462/43593/14462
vt 0.1681039929389954 0.0557949990034103
f 27393/43518/27393 14462/43594/14462 22804/43519/22804
f 12555/43456/12555 27400/43541/27400 29834/43577/29834
f 22779/43322/22779 2660/43544/2660 25104/43557/25104
vt 0.8243589997291565 0.8345429897308350
f 14460/43490/14460 10725/43532/10725 8986/43595/8986
f 14469/43509/14469 2661/43572/2661 22797/43336/22797
vt 0.2664319872856140 0.5420479774475098
f 14457/43552/14457 5680/43596/5680 20552/43503/20552
vt 0.1711957454681396 0.4591287672519684
f 5681/43516/5681 8989/43597/8989 25101/43558/25101
vt 0.1612507700920105 0.4549021720886230
vt 0.1610659956932068 0.4541879892349243
f 20550/43524/20550 29835/43598/29835 29828/43599/29828
f 14437/43316/14437 25097/43497/25097 10731/43440/10731
f 4132/43514/4132 22795/43482/22795 16426/43590/16426
f 27392/43351/27392 8974/43283/8974 18473/43501/18473
f 27392/43351/27392 18473/43501/18473 29830/43259/29830
f 18470/43300/18470 2663/43298/2663 12559/43592/12559
vt 0.5634613633155823 0.1291033476591110
f 4134/43361/4134 25075/43008/25075 20562/43600/20562
vt 0.3023645281791687 0.9750219583511353
f 8983/43536/8983 8982/43470/8982 7267/43601/7267
vt 0.5094546079635620 0.0491475686430931
f 29834/43577/29834 14464/43602/14464 25091/43436/25091
vt 0.3312819898128510 0.1183170005679131
f 12551/43379/12551 27397/43498/27397 8987/43603/8987
f 12551/43379/12551 8987/43603/8987 10725/43473/10725
vt 0.5699755549430847 0.7481213212013245
f 12549/42847/12549 14466/43604/14466 14465/43584/14465
f 22765/42846/22765 25096/43386/25096 22802/43471/22802
vt 0.1751048713922501 0.4696953594684601
f 22801/43539/22801 16409/43291/16409 12574/43605/12574
vt 0.2389541566371918 0.9764190912246704
f 25091/43438/25091 18477/43606/18477 10720/43491/10720
vt 0.1672603636980057 0.0349099077284336
f 29840/43499/29840 27382/43400/27382 29841/43607/29841
vt 0.1661369651556015 0.0315347202122211
f 29840/43499/29840 29841/43607/29841 1284/43608/1284
vt 0.2700130045413971 0.5264269709587097
f 16410/43117/16410 16423/43609/16423 2657/43567/2657
vt 0.3005942702293396 0.9721153378486633
f 16410/43610/16410 8983/43536/8983 7267/43601/7267
f 20546/43401/20546 1268/43405/1268 25103/43578/25103
vt 0.5582331418991089 0.7501374483108521
f 18452/43295/18452 1271/43154/1271 18474/43611/18474
vt 0.5998011827468872 0.9442228674888611
f 20559/43563/20559 7264/43562/7264 18476/43612/18476
vt 0.5677992701530457 0.1221285611391068
f 29825/42721/29825 7277/43613/7277 7251/43274/7251
vt 0.8304669857025146 0.8331080079078674
f 20546/43401/20546 25103/43578/25103 22800/43614/22800
vt 0.2715515196323395 0.5168299674987793
f 8985/43310/8985 12563/43615/12563 8984/43475/8984
f 20546/43401/20546 22800/43614/22800 18473/43542/18473
f 14455/43488/14455 16430/43575/16430 14462/43593/14462
vt 0.5081952810287476 0.0482799001038074
f 14464/43602/14464 29834/43577/29834 29837/43616/29837
vt 0.5093784332275391 0.0509537495672703
f 14464/43602/14464 18477/43617/18477 25091/43436/25091
vt 0.3551662266254425 0.8444935083389282
f 1260/43481/1260 20561/43458/20561 20551/43618/20551
f 20549/43378/20549 29835/43581/29835 29848/43588/29848
vt 0.1660975813865662 0.0293608661741018
f 16412/43452/16412 29840/43499/29840 12564/43619/12564
vt 0.4916669726371765 0.0786054134368896
vt 0.4892450273036957 0.0738281831145287
f 16412/43620/16412 12564/43621/12564 5679/43537/5679
vt 0.8609409928321838 0.6370210051536560
vt 0.8637512326240540 0.6380396485328674
f 10724/43502/10724 10721/43622/10721 29842/43623/29842
vt 0.3238482177257538 0.1104861199855804
f 7262/43127/7262 25109/43006/25109 22800/43624/22800
vt 0.3183134198188782 0.1100151687860489
f 7262/43127/7262 22800/43624/22800 25103/43625/25103
f 10724/43502/10724 29842/43623/29842 16422/43429/16422
vt 0.8598713278770447 0.6634300947189331
f 14445/43085/14445 5682/43626/5682 25100/43487/25100
vt 0.3374204039573669 0.1209556907415390
f 27397/43498/27397 20554/43334/20554 20558/43627/20558
vt 0.5816579461097717 0.7459135651588440
f 27389/43080/27389 22802/43471/22802 2667/43628/2667
f 16422/43429/16422 29842/43623/29842 25105/43442/25105
vt 0.5946649909019470 0.7491511702537537
f 2656/43505/2656 10726/43576/10726 27399/43629/27399
vt 0.5580773949623108 0.7529538869857788
f 18452/43295/18452 12567/43630/12567 2664/43441/2664
vt 0.5038712024688721 0.0496029779314995
f 27400/43541/27400 27403/43631/27403 29834/43577/29834
f 1272/43217/1272 12559/43592/12559 22799/43560/22799
vt 0.1654142588376999 0.4569354057312012
f 25101/43558/25101 12557/43632/12557 20550/43524/20550
vt 0.8419833779335022 0.7707355618476868
f 4125/43415/4125 18455/43307/18455 5683/43633/5683
vt 0.3148426711559296 0.9741913676261902
vt 0.3148862421512604 0.9765527248382568
f 5680/43634/5680 12556/43635/12556 20552/43547/20552
f 27389/43080/27389 2667/43628/2667 16434/43586/16434
vt 0.5996182560920715 0.7525091171264648
vt 0.6015669703483582 0.7539100050926208
vt 0.5999972224235535 0.7555807232856750
f 25104/43636/25104 2660/43637/2660 1275/43638/1275
f 16419/43219/16419 4135/43218/4135 2665/43472/2665
f 25106/43469/25106 20552/43547/20552 12556/43635/12556
vt 0.1649592965841293 0.0375971794128418
f 27382/43400/27382 25102/43520/25102 7268/43639/7268
f 27382/43400/27382 7268/43639/7268 29841/43607/29841
vt 0.3136177957057953 0.9815389513969421
f 25106/43469/25106 29843/43640/29843 8982/43470/8982
f 4125/43415/4125 5683/43633/5683 8977/43354/8977
f 12553/43504/12553 25104/43636/25104 10726/43576/10726
f 18452/43295/18452 18474/43611/18474 12567/43630/12567
vt 0.3357039988040924 0.1240829974412918
f 27397/43498/27397 20558/43627/20558 20553/43641/20553
vt 0.0064630000852048 0.3303419947624207
vt 0.0023212844971567 0.3267298042774200
vt 0.0048115076497197 0.3262278735637665
f 27397/43642/27397 20553/43643/20553 8987/43644/8987
vt 0.8134591579437256 0.3760405480861664
f 29802/42987/29802 8988/43645/8988 4135/43218/4135
f 25075/43008/25075 27398/43534/27398 20562/43600/20562
vt 0.0083426162600517 0.3238171637058258
f 8986/43275/8986 10729/43646/10729 5678/43511/5678
vt 0.5560399889945984 0.7543839812278748
f 29861/43479/29861 2664/43441/2664 1274/43647/1274
f 1271/43154/1271 14465/43584/14465 18474/43611/18474
vt 0.3332458734512329 0.8491491675376892
f 29826/43418/29826 2659/43309/2659 1276/43648/1276
f 29835/43598/29835 20550/43524/20550 12557/43632/12557
vt 0.9447264671325684 0.8743066191673279
f 22792/43286/22792 27406/43649/27406 27395/43538/27395
vt 0.6779549717903137 0.8042324185371399
f 22792/43353/22792 22789/43195/22789 27406/43650/27406
f 18465/43302/18465 10743/43281/10743 7261/43422/7261
vt 0.2364400625228882 0.9698993563652039
f 16416/43467/16416 10720/43491/10720 4136/43651/4136
f 14455/43488/14455 14461/43430/14461 16430/43575/16430
f 25100/43487/25100 5682/43626/5682 25099/43540/25099
vt 0.5985202789306641 0.9426383376121521
f 18462/43561/18462 22803/43652/22803 7264/43562/7264
f 22796/43435/22796 1273/43352/1273 27401/43548/27401
vt 0.5659680366516113 0.1260862499475479
f 27398/43534/27398 4130/43272/4130 12565/43653/12565
vt 0.2425042092800140 0.9634932279586792
vt 0.2410127520561218 0.9637239575386047
f 18462/43654/18462 16416/43467/16416 20555/43655/20555
f 2656/43505/2656 27399/43629/27399 22802/43471/22802
vt 0.8121531605720520 0.1611328423023224
f 25087/42870/25087 10732/43656/10732 8988/43337/8988
vt 0.8156377673149109 0.1600775420665741
f 25087/42870/25087 18488/43657/18488 10732/43656/10732
f 25106/43469/25106 12556/43635/12556 29843/43640/29843
vt 0.0926745012402534 0.9285604953765869
f 27374/42957/27374 7258/43404/7258 5691/43658/5691
vt 0.5925725102424622 0.7490330338478088
f 27399/43629/27399 10726/43576/10726 16424/43659/16424
f 25101/43558/25101 8989/43597/8989 12557/43632/12557
vt 0.5961890220642090 0.9435279965400696
vt 0.5968660116195679 0.9435840249061584
f 18462/43561/18462 20555/43660/20555 10727/43661/10727
vt 0.6088565587997437 0.9506961703300476
f 29839/43521/29839 12562/43662/12562 16426/43590/16426
vt 0.0114946579560637 0.3271145522594452
f 10725/43663/10725 10729/43646/10729 8986/43275/8986
f 10725/43663/10725 8987/43644/8987 10729/43646/10729
vt 0.9659550189971924 0.6543509960174561
f 2651/43022/2651 2671/43433/2671 1281/43664/1281
vt 0.8150119185447693 0.1440725326538086
f 29815/42744/29815 2658/43574/2658 12558/43665/12558
f 29815/42744/29815 12558/43665/12558 27390/43288/27390
vt 0.4902850985527039 0.0637200698256493
f 20564/43506/20564 2666/43666/2666 18466/43391/18466
f 18462/43561/18462 10727/43661/10727 22803/43652/22803
f 2659/43309/2659 18468/43155/18468 1276/43648/1276
vt 0.8096479177474976 0.3630512654781342
f 2661/43572/2661 14469/43509/14469 5686/43667/5686
f 7264/43562/7264 22803/43652/22803 18476/43612/18476
f 16416/43467/16416 4136/43651/4136 20555/43655/20555
vt 0.5709924101829529 0.1058216020464897
f 29825/42721/29825 29832/43580/29832 1277/43668/1277
vt 0.0720769986510277 0.4217570126056671
f 29835/43581/29835 18478/43669/18478 29848/43588/29848
vt 0.1647963672876358 0.0504298694431782
f 22804/43519/22804 20569/43670/20569 25102/43520/25102
f 4132/43514/4132 20556/43582/20556 20547/43374/20547
vt 0.6099141240119934 0.9564010500907898
f 4132/43514/4132 10730/43671/10730 20556/43582/20556
vt 0.9700899720191956 0.6586520075798035
f 22798/43571/22798 20557/43672/20557 2671/43433/2671
f 25105/43442/25105 29842/43623/29842 2668/43449/2668
vt 0.4244789183139801 0.3910494446754456
f 25094/43105/25094 14463/43408/14463 1278/43673/1278
f 25094/43105/25094 1278/43673/1278 8993/43553/8993
f 29834/43577/29834 27403/43631/27403 29837/43616/29837
f 4130/43272/4130 7251/43274/7251 7277/43613/7277
f 4130/43272/4130 7277/43613/7277 12565/43653/12565
vt 0.3085712790489197 0.8449715375900269
f 14468/43526/14468 5688/43674/5688 18475/43533/18475
vt 0.0035396630410105 0.3198028504848480
vt 0.0041366769000888 0.3200739920139313
vt 0.0037712568882853 0.3202633857727051
f 16418/43675/16418 14458/43676/14458 20560/43677/20560
vt 0.4064846634864807 0.4048731625080109
f 4133/43510/4133 1275/43678/1275 2660/43544/2660
vt 0.3117563128471375 0.8445050716400146
f 14456/43356/14456 25107/43679/25107 18465/43302/18465
f 14456/43356/14456 18475/43533/18475 25107/43679/25107
vt 0.3141565322875977 0.9879310727119446
vt 0.3089446723461151 0.9874775409698486
f 29843/43640/29843 22805/43680/22805 16431/43681/16431
f 29843/43640/29843 16431/43681/16431 8982/43470/8982
vt 0.6882354021072388 0.8153146505355835
f 16421/43568/16421 7279/43682/7279 22789/43195/22789
f 25104/43636/25104 1275/43638/1275 10726/43576/10726
f 27399/43629/27399 16424/43659/16424 22802/43471/22802
vt 0.5522195696830750 0.5569562911987305
vt 0.5422632098197937 0.5488844513893127
vt 0.5521265268325806 0.5518962144851685
f 18455/43683/18455 16432/43684/16432 7272/43685/7272
vt 0.8128675818443298 0.1328294277191162
f 10719/43016/10719 2662/43686/2662 29833/43522/29833
f 22801/43539/22801 12574/43605/12574 5681/43516/5681
vt 0.0025347732007504 0.3199381828308105
f 16418/43675/16418 20560/43677/20560 10721/43687/10721
f 10719/43016/10719 29819/43241/29819 2662/43686/2662
vt 0.6095753312110901 0.9619979262351990
f 20556/43582/20556 20563/43688/20563 1273/43352/1273
f 29839/43521/29839 18471/43556/18471 12562/43662/12562
f 18466/43391/18466 2666/43666/2666 16417/43480/16417
vt 0.5900071263313293 0.7489776611328125
f 16424/43659/16424 10726/43576/10726 16425/43689/16425
f 22800/43624/22800 25109/43006/25109 18473/43501/18473
vt 0.8630819320678711 0.6637819409370422
f 14445/43085/14445 20548/43406/20548 29847/43690/29847
f 5681/43516/5681 12574/43605/12574 8989/43597/8989
vt 0.2857877910137177 0.5031334161758423
f 7260/43416/7260 12550/43271/12550 7266/43691/7266
f 2656/43505/2656 22802/43471/22802 25096/43386/25096
vt 0.2999446392059326 0.9770975112915039
f 16410/43610/16410 7267/43601/7267 16423/43692/16423
vt 0.0700954347848892 0.4255907833576202
vt 0.0698859989643097 0.4221050143241882
f 29835/43693/29835 12557/43694/12557 18478/43669/18478
vt 0.0051724403165281 0.3230144083499908
f 5678/43511/5678 10728/43695/10728 14458/43676/14458
f 4133/43510/4133 7269/43566/7269 1275/43678/1275
vt 0.3423576056957245 0.8448922634124756
vt 0.3522701561450958 0.8453323245048523
f 25093/42766/25093 25108/43696/25108 7276/43697/7276
f 18465/43302/18465 25107/43679/25107 10743/43281/10743
vt 0.5127688646316528 0.0481405444443226
f 18477/43617/18477 14464/43602/14464 12561/43698/12561
vt 0.6091197729110718 0.9634741544723511
f 12556/43587/12556 27401/43548/27401 29843/43699/29843
f 7260/43416/7260 7266/43691/7266 5675/43461/5675
f 2661/43572/2661 5686/43667/5686 1283/42507/1283
vt 0.9881569743156433 0.6548969745635986
vt 0.9834669828414917 0.6528276205062866
vt 0.9898706674575806 0.6518090367317200
f 29831/43700/29831 4129/43701/4129 12560/43702/12560
vt 0.7950239777565002 0.4755469858646393
f 29831/43411/29831 12560/43703/12560 16430/43575/16430
vt 0.8617669939994812 0.6359103918075562
f 10721/43622/10721 20560/43704/20560 29842/43623/29842
f 14462/43594/14462 20569/43670/20569 22804/43519/22804
f 16424/43659/16424 16425/43689/16425 22802/43471/22802
vt 0.5625836253166199 0.1341498494148254
f 20554/43290/20554 4134/43361/4134 20558/43705/20558
vt 0.5111827254295349 0.0462791509926319
f 14464/43602/14464 7265/43706/7265 12561/43698/12561
f 7269/43566/7269 18460/43306/18460 8993/43553/8993
vt 0.1613099873065948 0.4640939533710480
f 12557/43632/12557 8989/43597/8989 18478/43707/18478
vt 0.4884679615497589 0.0692602246999741
vt 0.4876007735729218 0.0659817606210709
f 20564/43506/20564 1279/43708/1279 5684/43709/5684
f 20564/43506/20564 5684/43709/5684 2666/43666/2666
vt 0.3048384785652161 0.9832581877708435
f 8982/43470/8982 16431/43681/16431 10733/43710/10733
f 14445/43085/14445 29847/43690/29847 5682/43626/5682
f 14464/43602/14464 29837/43616/29837 7265/43706/7265
vt 0.9638065695762634 0.8759425282478333
f 27391/43517/27391 22799/43560/22799 5685/43711/5685
f 16409/43291/16409 8973/43280/8973 12574/43605/12574
vt 0.2352298200130463 0.9772472977638245
f 18477/43606/18477 12561/43712/12561 10720/43491/10720
vt 0.5075516700744629 0.0456193462014198
f 29837/43616/29837 27403/43631/27403 22807/43713/22807
f 29830/43259/29830 18473/43501/18473 25109/43006/25109
vt 0.3317125439643860 0.8401688337326050
f 18468/43155/18468 10743/43281/10743 20589/43714/20589
vt 0.9922091364860535 0.1396786719560623
f 4129/43523/4129 5685/43551/5685 29850/43715/29850
vt 0.9910494089126587 0.1413105875253677
f 4129/43523/4129 29850/43715/29850 29844/43716/29844
f 29840/43499/29840 1284/43608/1284 12564/43619/12564
f 1273/43352/1273 29843/43699/29843 27401/43548/27401
vt 0.2346881479024887 0.9741300344467163
f 10720/43491/10720 29845/43717/29845 4136/43651/4136
f 10720/43491/10720 12561/43712/12561 29845/43717/29845
vt 0.4867214858531952 0.0590174049139023
f 16417/43480/16417 2666/43666/2666 4138/43718/4138
vt 0.2355553805828094 0.9626829028129578
vt 0.2405360788106918 0.9607955217361450
f 20555/43655/20555 29846/43719/29846 10727/43720/10727
vt 0.6071357727050781 0.9437001943588257
f 18471/43556/18471 20559/43563/20559 1280/43721/1280
vt 0.8663067817687988 0.6557820439338684
vt 0.8665215373039246 0.6543328762054443
vt 0.8683388233184814 0.6557282805442810
f 29836/43722/29836 10723/43723/10723 25090/43724/25090
vt 0.6113046407699585 0.9535565376281738
f 4132/43514/4132 16426/43590/16426 4137/43725/4137
f 4132/43514/4132 4137/43725/4137 10730/43671/10730
vt 0.4924019277095795 0.0511999577283859
f 27400/43541/27400 10722/43530/10722 14471/43726/14471
vt 0.4880441427230835 0.0546897873282433
f 10722/43530/10722 14470/43727/14470 14471/43726/14471
vt 0.1652126610279083 0.0350614674389362
f 29841/43607/29841 7268/43639/7268 1279/43728/1279
vt 0.5617598295211792 0.7530196309089661
f 18474/43611/18474 14465/43584/14465 12570/43729/12570
f 8984/43475/8984 12563/43615/12563 4131/43402/4131
f 20555/43655/20555 4136/43651/4136 29846/43719/29846
f 20564/43506/20564 5679/43537/5679 12564/43621/12564
vt 0.4887691140174866 0.0709851160645485
f 20564/43506/20564 12564/43621/12564 20565/43730/20565
vt 0.8129106163978577 0.9821061491966248
vt 0.8095270991325378 0.9869505763053894
vt 0.8094258308410645 0.9801537990570068
f 27400/43731/27400 29853/43732/29853 27403/43733/27403
vt 0.1882867962121964 0.4832567274570465
vt 0.1780278831720352 0.4828960299491882
f 8973/43280/8973 29861/43734/29861 16427/43735/16427
f 8973/43280/8973 16427/43735/16427 12574/43605/12574
f 14458/43676/14458 10728/43695/10728 20560/43677/20560
vt 0.8656901121139526 0.6537634134292603
vt 0.8665837049484253 0.6522551774978638
f 2651/43736/2651 1281/43737/1281 10723/43723/10723
vt 0.5536480545997620 0.5583514571189880
vt 0.5535591244697571 0.5538926720619202
vt 0.5548146367073059 0.5581519007682800
f 5683/43738/5683 5690/43739/5690 8977/43740/8977
vt 0.4234629869461060 0.3841829895973206
f 14463/43408/14463 25099/43741/25099 1278/43673/1278
f 8969/43363/8969 27395/43538/27395 10736/43591/10736
f 18475/43533/18475 5688/43674/5688 25107/43679/25107
f 27398/43534/27398 12565/43653/12565 20562/43600/20562
f 12549/42847/12549 16434/43586/16434 14466/43604/14466
vt 0.8648592233657837 0.6452506780624390
f 22798/43325/22798 2668/43449/2668 20557/43742/20557
f 12550/43271/12550 27402/43554/27402 7266/43691/7266
f 12521/42681/12521 27374/42957/27374 7263/43555/7263
vt 0.8123018145561218 0.1345143616199493
f 29833/43522/29833 2662/43686/2662 27404/43743/27404
f 1273/43352/1273 20563/43688/20563 29843/43699/29843
f 5683/43738/5683 18455/43683/18455 5690/43739/5690
f 29833/43522/29833 27404/43743/27404 2658/43574/2658
f 8985/43310/8985 2657/43567/2657 12563/43615/12563
f 12562/43662/12562 4137/43725/4137 16426/43590/16426
vt 0.3358318507671356 0.8474943041801453
f 29826/43418/29826 1276/43648/1276 1282/43744/1282
vt 0.5598297715187073 0.7529158592224121
f 18474/43611/18474 16429/43745/16429 12567/43630/12567
vt 0.9507383108139038 0.8709556460380554
f 2663/43298/2663 10736/43591/10736 22808/43746/22808
vt 0.3138264715671539 0.9830110669136047
f 29843/43640/29843 20563/43747/20563 22805/43680/22805
vt 0.8659477233886719 0.6668390631675720
f 29847/43690/29847 12572/43748/12572 5682/43626/5682
vt 0.2835384011268616 0.5011695027351379
f 5675/43461/5675 7266/43691/7266 29854/43749/29854
vt 0.6016567945480347 0.9406853318214417
vt 0.6030191779136658 0.9406654834747314
f 18476/43612/18476 27405/43750/27405 4141/43751/4141
vt 0.5874475240707397 0.7489933371543884
f 16425/43689/16425 14467/43752/14467 22802/43471/22802
vt 0.2814632952213287 0.5022312402725220
f 27402/43554/27402 29852/43753/29852 7266/43691/7266
vt 0.8656099438667297 0.6427441239356995
f 2668/43449/2668 29842/43623/29842 20566/43754/20566
vt 0.2780342698097229 0.5083649754524231
f 29838/43483/29838 27409/43755/27409 27402/43554/27402
vt 0.6907985210418701 0.8141265511512756
f 16421/43568/16421 10731/43440/10731 4140/43756/4140
f 29837/43616/29837 22807/43713/22807 7265/43706/7265
f 18476/43612/18476 22803/43652/22803 27405/43750/27405
vt 0.0027847643941641 0.3213660717010498
f 20560/43677/20560 10728/43695/10728 27407/43757/27407
vt 0.7962309718132019 0.9785619974136353
vt 0.7984665632247925 0.9810158014297485
vt 0.7933137416839600 0.9844283461570740
f 7265/43758/7265 14473/43759/14473 12561/43760/12561
vt 0.5940323472023010 0.7545536756515503
f 10726/43576/10726 1275/43638/1275 2670/43761/2670
vt 0.8629676103591919 0.6352822780609131
f 29842/43623/29842 20560/43704/20560 27407/43762/27407
f 5682/43626/5682 12572/43748/12572 25099/43540/25099
vt 0.5618733763694763 0.5585759282112122
f 8978/43763/8978 8977/43740/8977 5690/43739/5690
vt 0.5585831403732300 0.5510302186012268
f 8978/43763/8978 5690/43739/5690 22812/43764/22812
vt 0.5688462853431702 0.5482357740402222
f 8978/43763/8978 22812/43764/22812 16445/43765/16445
f 8978/43763/8978 16445/43765/16445 18457/43494/18457
f 5678/43511/5678 10729/43646/10729 10728/43695/10728
vt 0.1656827330589294 0.0337744653224945
f 29841/43607/29841 1279/43728/1279 20565/43766/20565
vt 0.3618580102920532 0.8461107015609741
f 1260/43481/1260 20551/43618/20551 7258/43767/7258
vt 0.9556395411491394 0.8716114759445190
f 2663/43298/2663 29855/43768/29855 12559/43592/12559
f 29838/43483/29838 4131/43402/4131 27409/43755/27409
vt 0.3169758915901184 0.9851887822151184
vt 0.3164203166961670 0.9856784343719482
vt 0.3144111633300781 0.9841627478599548
f 10730/43769/10730 7271/43770/7271 20556/43771/20556
f 20564/43506/20564 20565/43730/20565 1279/43708/1279
vt 0.6106349825859070 0.9557039737701416
f 10730/43671/10730 4137/43725/4137 7271/43772/7271
f 29826/43418/29826 1282/43744/1282 1286/43419/1286
vt 0.3026667833328247 0.9801033139228821
f 7267/43601/7267 8982/43470/8982 27411/43773/27411
f 20561/43458/20561 25093/42766/25093 7276/43697/7276
vt 0.9867694973945618 0.6468066573143005
f 12560/43702/12560 4129/43701/4129 1285/43774/1285
vt 0.9475218653678894 0.8716067075729370
f 27395/43538/27395 27406/43649/27406 27419/43775/27419
f 20561/43458/20561 7276/43697/7276 20551/43618/20551
vt 0.1619066447019577 0.0409851819276810
f 7268/43639/7268 25102/43520/25102 12566/43776/12566
f 10726/43576/10726 2670/43761/2670 16425/43689/16425
f 16421/43568/16421 4140/43756/4140 7279/43682/7279
vt 0.3377622663974762 0.8435983657836914
f 1276/43648/1276 18468/43155/18468 16440/43777/16440
vt 0.5103570222854614 0.8953160047531128
vt 0.5061722993850708 0.8937668204307556
vt 0.5097587108612061 0.8912503123283386
f 16423/43778/16423 2672/43779/2672 2657/43780/2657
vt 0.2305291444063187 0.9694086909294128
f 4136/43651/4136 27421/43781/27421 29846/43719/29846
vt 0.4877494275569916 0.0731063112616539
f 20565/43730/20565 12564/43621/12564 1284/43782/1284
vt 0.4083421230316162 0.4044020473957062
f 1275/43678/1275 7269/43566/7269 10734/43783/10734
vt 0.8116816282272339 0.9863523244857788
f 27400/43731/27400 14471/43784/14471 29853/43732/29853
f 4136/43651/4136 29845/43717/29845 27421/43781/27421
f 2664/43441/2664 12567/43630/12567 1274/43647/1274
vt 0.7874962091445923 0.4770319461822510
f 16430/43575/16430 4139/43785/4139 14462/43593/14462
vt 0.4872750043869019 0.0631610006093979
f 2666/43666/2666 5684/43786/5684 4138/43718/4138
vt 0.4867950081825256 0.0696000009775162
vt 0.4863502085208893 0.0669907033443451
f 7268/43787/7268 7270/43788/7270 5684/43709/5684
f 7268/43787/7268 5684/43709/5684 1279/43708/1279
vt 0.1631069928407669 0.0368629992008209
f 7268/43639/7268 12566/43776/12566 7270/43789/7270
f 16417/43480/16417 4138/43718/4138 10722/43530/10722
vt 0.5852681994438171 0.7485455870628357
f 14467/43752/14467 22806/43790/22806 22802/43471/22802
vt 0.7896789312362671 0.4764927327632904
f 12560/43703/12560 7274/43791/7274 16430/43575/16430
vt 0.9961133003234863 0.6520541906356812
vt 0.9943249821662903 0.6542680263519287
f 12560/43702/12560 5687/43792/5687 7274/43793/7274
vt 0.9929982423782349 0.6460511684417725
f 12560/43702/12560 20576/43794/20576 5687/43792/5687
vt 0.9586812853813171 0.8715369105339050
f 12559/43592/12559 29855/43768/29855 7273/43795/7273
f 8982/43470/8982 10733/43710/10733 27411/43773/27411
f 2654/42682/2654 7263/43555/7263 10735/43565/10735
f 18476/43612/18476 1280/43721/1280 20559/43563/20559
f 18476/43612/18476 4141/43751/4141 1280/43721/1280
f 18474/43611/18474 12570/43729/12570 16429/43745/16429
vt 0.8655329942703247 0.6641197800636292
f 20548/43406/20548 5689/43796/5689 29847/43690/29847
f 10729/43646/10729 8987/43644/8987 10728/43695/10728
vt 0.5651111006736755 0.1303030550479889
f 20562/43600/20562 8994/43797/8994 4134/43361/4134
f 25093/42766/25093 1286/43419/1286 25108/43696/25108
f 20565/43766/20565 1284/43608/1284 29841/43607/29841
vt 0.5655099749565125 0.1356559991836548
f 20558/43705/20558 4134/43361/4134 20553/43798/20553
vt 0.8694243431091309 0.6519929170608521
f 10723/43723/10723 1281/43737/1281 8996/43799/8996
f 10723/43723/10723 8996/43799/8996 25090/43724/25090
f 7267/43601/7267 27411/43773/27411 16423/43692/16423
f 20563/43747/20563 20556/43771/20556 22805/43680/22805
vt 0.6106910109519958 0.9480002522468567
f 18471/43556/18471 8991/43800/8991 12562/43662/12562
vt 0.7833840250968933 0.4760670065879822
vt 0.7845470309257507 0.4787566661834717
f 20569/43801/20569 14462/43593/14462 20567/43802/20567
vt 0.7886692285537720 0.4760169982910156
f 16430/43575/16430 7274/43803/7274 4139/43785/4139
vt 0.8130307793617249 0.1283291131258011
vt 0.8169767856597900 0.1320701986551285
f 29819/43241/29819 10735/43804/10735 22820/43805/22820
f 29819/43241/29819 22820/43805/22820 2662/43686/2662
f 1276/43648/1276 16440/43777/16440 1282/43744/1282
vt 0.9959799051284790 0.7000815868377686
vt 0.9921709299087524 0.6975002288818359
vt 0.9975548982620239 0.6955471038818359
f 10727/43806/10727 18480/43807/18480 22803/43808/22803
vt 0.2773308455944061 0.5061109066009521
f 27402/43554/27402 27409/43755/27409 4142/43809/4142
vt 0.8116090297698975 0.3766181468963623
f 4135/43218/4135 8988/43645/8988 29859/43810/29859
f 4135/43218/4135 29859/43810/29859 2665/43472/2665
f 27395/43538/27395 27419/43775/27419 10736/43591/10736
vt 0.5841794013977051 0.7520782351493835
f 14467/43752/14467 16425/43689/16425 27410/43811/27410
f 20562/43600/20562 12565/43653/12565 8994/43797/8994
vt 0.3000978529453278 0.9817726612091064
f 16423/43692/16423 27411/43773/27411 2672/43812/2672
f 12559/43592/12559 7273/43795/7273 22799/43560/22799
vt 0.3083760142326355 0.8443009853363037
f 5688/43674/5688 8990/43813/8990 25107/43679/25107
vt 0.0560661442577839 0.8150433897972107
vt 0.0575744733214378 0.8135572671890259
f 20548/43549/20548 20570/43814/20570 5689/43815/5689
vt 0.6118707656860352 0.9510802030563354
f 12562/43662/12562 12569/43816/12569 4137/43725/4137
vt 0.5429791212081909 0.5384468436241150
f 16432/43684/16432 20574/43817/20574 7272/43685/7272
f 27402/43554/27402 4142/43809/4142 29852/43753/29852
vt 0.8638076186180115 0.6351222395896912
f 27407/43762/27407 8992/43818/8992 29842/43623/29842
vt 0.8671680092811584 0.3035280108451843
vt 0.8644295334815979 0.3037633001804352
vt 0.8648000955581665 0.3001895844936371
f 7270/43819/7270 12566/43820/12566 2669/43821/2669
vt 0.7963465452194214 0.9870133399963379
f 12561/43760/12561 14473/43759/14473 20568/43822/20568
vt 0.8634820580482483 0.3070123791694641
vt 0.8593848943710327 0.3061748743057251
f 25102/43823/25102 12571/43824/12571 12566/43820/12566
f 10722/43530/10722 4138/43718/4138 14470/43727/14470
f 18455/43683/18455 7272/43685/7272 5690/43739/5690
f 16425/43689/16425 2670/43761/2670 27410/43811/27410
vt 0.5116487741470337 0.0435895733535290
f 7265/43706/7265 22807/43713/22807 14473/43825/14473
vt 0.3076474368572235 0.8448286652565002
f 14468/43526/14468 12573/43826/12573 5688/43674/5688
vt 0.2370742410421371 0.9589194655418396
f 10727/43720/10727 29846/43719/29846 18480/43827/18480
f 20556/43771/20556 7271/43770/7271 22805/43680/22805
vt 0.0857610031962395 0.9310789704322815
f 27374/42957/27374 5691/43658/5691 12568/43828/12568
f 18457/43494/18457 16445/43765/16445 18493/43589/18493
vt 0.2310039550065994 0.9774614572525024
f 12561/43712/12561 20568/43829/20568 29845/43717/29845
vt 0.6921940445899963 0.8176715970039368
f 10731/43440/10731 16433/43830/16433 4140/43756/4140
vt 0.8723252415657043 0.6620383858680725
vt 0.8723559379577637 0.6588822007179260
vt 0.8769261837005615 0.6599485278129578
f 25107/43831/25107 8990/43832/8990 1289/43833/1289
vt 0.3137437403202057 0.8366813659667969
f 25107/43679/25107 1289/43834/1289 10743/43281/10743
f 10731/43440/10731 25097/43497/25097 16433/43830/16433
vt 0.8119779825210571 0.3773239850997925
f 8988/43645/8988 10732/43835/10732 29859/43810/29859
f 27374/42957/27374 12568/43828/12568 7263/43555/7263
vt 0.7863190174102783 0.4793097972869873
f 14462/43593/14462 4139/43785/4139 7275/43836/7275
f 14462/43593/14462 7275/43836/7275 20567/43802/20567
vt 0.9787446856498718 0.6487102508544922
f 4129/43701/4129 29844/43837/29844 1285/43774/1285
f 29847/43690/29847 5689/43796/5689 12572/43748/12572
vt 0.3178238272666931 0.9888598918914795
vt 0.3168955445289612 0.9880223870277405
f 7271/43770/7271 4137/43838/4137 12569/43839/12569
f 22802/43471/22802 22806/43790/22806 2667/43628/2667
vt 0.8703980445861816 0.6559140086174011
f 25090/43724/25090 8996/43799/8996 14468/43840/14468
vt 0.0537931025028229 0.8145552277565002
f 5689/43815/5689 20570/43814/20570 12572/43841/12572
f 20548/43549/20548 29849/43414/29849 20570/43814/20570
vt 0.6001780033111572 0.7565950155258179
vt 0.5959003567695618 0.7571617960929871
f 1275/43638/1275 10734/43842/10734 7280/43843/7280
f 1275/43638/1275 7280/43843/7280 2670/43761/2670
vt 0.0025587368290871 0.3232174217700958
f 8987/43644/8987 20571/43844/20571 10728/43695/10728
vt 0.0028588222339749 0.3222682476043701
f 10728/43695/10728 27412/43845/27412 27407/43757/27407
f 2663/43298/2663 22808/43746/22808 29855/43768/29855
vt 0.0540012940764427 0.8179983496665955
f 29849/43414/29849 18481/43846/18481 20570/43814/20570
vt 0.8715743422508240 0.3021309375762939
vt 0.8736675977706909 0.3023526668548584
vt 0.8745439648628235 0.3029767274856567
f 5684/43847/5684 27408/43848/27408 4138/43849/4138
vt 0.8048539757728577 0.3650166094303131
f 14469/43509/14469 22821/43850/22821 5686/43667/5686
vt 0.1369780004024506 0.1404169946908951
vt 0.1365522146224976 0.1392157524824142
vt 0.1393658369779587 0.1386180073022842
f 12567/43851/12567 16429/43852/16429 1274/43853/1274
vt 0.5699067711830139 0.7507799863815308
f 14465/43584/14465 14466/43604/14466 1287/43854/1287
vt 0.2282475531101227 0.9743308424949646
f 29845/43717/29845 20568/43829/20568 5695/43855/5695
f 22805/43680/22805 7271/43770/7271 12569/43839/12569
f 20557/43742/20557 2668/43449/2668 20566/43754/20566
vt 0.8270630240440369 0.9986626505851746
vt 0.8276367783546448 0.9990524649620056
vt 0.8258779644966125 0.9990202188491821
f 4139/43856/4139 7274/43857/7274 25110/43858/25110
vt 0.8593465685844421 0.3097191751003265
f 25102/43823/25102 20569/43859/20569 12571/43824/12571
f 7266/43691/7266 29852/43753/29852 29854/43749/29854
vt 0.8074639439582825 0.9859790802001953
f 29853/43732/29853 16437/43860/16437 27403/43733/27403
f 8990/43813/8990 5688/43674/5688 12573/43826/12573
vt 0.8710947036743164 0.6571012139320374
vt 0.8714090585708618 0.6539130806922913
f 8990/43832/8990 12573/43861/12573 5694/43862/5694
vt 0.5701214671134949 0.1296070516109467
f 12565/43653/12565 2676/43863/2676 8994/43797/8994
vt 0.6107500791549683 0.9458542466163635
f 18471/43556/18471 1280/43721/1280 22811/43864/22811
f 14467/43752/14467 27410/43811/27410 22806/43790/22806
vt 0.8041059374809265 0.9798052310943604
f 27403/43733/27403 16437/43860/16437 22807/43865/22807
vt 0.8659977316856384 0.6490780115127563
f 1281/43737/1281 2671/43866/2671 8996/43799/8996
vt 0.3151620030403137 0.9884210228919983
f 12562/43867/12562 22805/43680/22805 12569/43839/12569
vt 0.3140251636505127 0.9899358153343201
f 12562/43867/12562 8991/43868/8991 22805/43680/22805
vt 0.8262540102005005 0.9986569881439209
f 4139/43856/4139 25110/43858/25110 7275/43869/7275
vt 0.2683768868446350 0.5093800425529480
f 12563/43615/12563 29857/43870/29857 4131/43402/4131
vt 0.8149266242980957 0.1341288685798645
f 2658/43574/2658 27404/43743/27404 12576/43871/12576
vt 0.8137565255165100 0.1617380380630493
vt 0.8119077682495117 0.1631497889757156
f 10732/43656/10732 29860/43872/29860 29859/43873/29859
vt 0.8703131675720215 0.3016237020492554
vt 0.8707220554351807 0.2965168356895447
vt 0.8737676739692688 0.2994237840175629
f 7270/43874/7270 29853/43875/29853 25111/43876/25111
f 7270/43874/7270 2669/43821/2669 29853/43875/29853
f 7270/43874/7270 25111/43876/25111 5684/43847/5684
vt 0.5550727844238281 0.5507760047912598
f 5690/43739/5690 20573/43877/20573 22812/43764/22812
vt 0.8070728778839111 0.3631622195243835
f 1283/42507/1283 16438/43878/16438 18479/43412/18479
vt 0.3395228981971741 0.8451643586158752
f 1282/43744/1282 2674/43879/2674 1286/43419/1286
vt 0.8679809570312500 0.6453852653503418
f 2671/43866/2671 10738/43880/10738 8996/43799/8996
vt 0.5818983912467957 0.7480420470237732
f 22806/43790/22806 14472/43881/14472 2667/43628/2667
vt 0.9955589771270752 0.6890431642532349
vt 0.9978020787239075 0.6906954646110535
f 22803/43808/22803 20572/43882/20572 27405/43883/27405
f 14465/43584/14465 1287/43854/1287 12570/43729/12570
vt 0.8257184624671936 0.9998140335083008
f 7274/43857/7274 5687/43884/5687 25110/43858/25110
vt 0.8657487034797668 0.6377713084220886
f 29842/43623/29842 8992/43818/8992 27413/43885/27413
f 29854/43749/29854 29832/43579/29832 5675/43461/5675
vt 0.9903053641319275 0.6941953301429749
f 22803/43808/22803 18480/43807/18480 25115/43886/25115
vt 0.9456970095634460 0.8694509863853455
f 27406/43649/27406 10737/43887/10737 27419/43775/27419
f 29825/42721/29825 1277/43668/1277 7277/43613/7277
f 20557/43742/20557 10738/43880/10738 2671/43866/2671
f 12560/43702/12560 1285/43774/1285 20576/43794/20576
vt 0.5670539140701294 0.1315565407276154
f 4134/43361/4134 8994/43797/8994 18483/43888/18483
vt 0.5669270157814026 0.1329839974641800
f 4134/43361/4134 18483/43888/18483 16435/43889/16435
f 4134/43361/4134 16435/43889/16435 20553/43798/20553
vt 0.9779579639434814 0.9968244433403015
vt 0.9780820012092590 0.9950399994850159
vt 0.9799224734306335 0.9963256120681763
f 5685/43890/5685 22799/43891/22799 29850/43892/29850
vt 0.2676654458045959 0.5157073736190796
f 12563/43615/12563 2657/43567/2657 8999/43893/8999
vt 0.9979709982872009 0.6901460289955139
f 4141/43894/4141 27405/43883/27405 20572/43882/20572
vt 0.1383902579545975 0.1375951170921326
f 16429/43852/16429 14474/43895/14474 1274/43853/1274
vt 0.8726477026939392 0.2974772453308105
vt 0.8754971623420715 0.2997890114784241
f 14471/43896/14471 14470/43897/14470 25111/43876/25111
vt 0.5237958431243896 0.5472272634506226
vt 0.5170028209686279 0.5332301259040833
vt 0.5356050729751587 0.5484529733657837
f 4126/43898/4126 29851/43899/29851 29806/43900/29806
f 20557/43742/20557 20566/43754/20566 10738/43880/10738
f 5684/43847/5684 25111/43876/25111 27408/43848/27408
vt 0.8558300137519836 0.3124069869518280
vt 0.8546524643898010 0.3078601062297821
f 20569/43859/20569 20567/43901/20567 18482/43902/18482
vt 0.9799227714538574 0.9922055602073669
f 22799/43891/22799 18485/43903/18485 29850/43892/29850
vt 0.8060044050216675 0.9848416447639465
f 22807/43865/22807 16437/43860/16437 27422/43904/27422
f 8987/43644/8987 20553/43643/20553 20571/43844/20571
vt 0.6909760832786560 0.8178164362907410
f 4140/43756/4140 16436/43905/16436 7279/43682/7279
vt 0.5045149326324463 0.8896025419235229
f 2672/43779/2672 8998/43906/8998 2657/43780/2657
vt 0.8541560769081116 0.3121273517608643
f 20567/43901/20567 7275/43907/7275 18482/43902/18482
vt 0.1354469805955887 0.1382056921720505
f 16429/43852/16429 12570/43908/12570 14474/43895/14474
f 22806/43790/22806 27410/43811/27410 14472/43881/14472
f 22805/43680/22805 8991/43868/8991 16431/43681/16431
f 29842/43623/29842 27413/43885/27413 20566/43754/20566
vt 0.9965015053749084 0.6497081518173218
f 5687/43792/5687 20576/43794/20576 7278/43909/7278
vt 0.5155958533287048 0.5428889393806458
f 4126/43898/4126 29848/43910/29848 29851/43899/29851
vt 0.9609447121620178 0.8706552386283875
f 22799/43560/22799 7273/43795/7273 18485/43911/18485
vt 0.3031561374664307 0.9851343035697937
f 10733/43710/10733 20575/43912/20575 27411/43773/27411
vt 0.1295625120401382 0.1334686875343323
vt 0.1373252719640732 0.1367817521095276
f 12570/43908/12570 1287/43913/1287 22813/43914/22813
vt 0.0520881302654743 0.8218215703964233
f 29849/43414/29849 25113/43915/25113 18481/43846/18481
f 1282/43744/1282 16440/43777/16440 2674/43879/2674
f 4140/43756/4140 16433/43830/16433 16436/43905/16436
f 1283/42507/1283 5686/43667/5686 16438/43878/16438
vt 0.8643311858177185 0.6346657276153564
vt 0.8651722073554993 0.6341673135757446
f 27407/43916/27407 27412/43917/27412 8992/43818/8992
f 10728/43695/10728 20571/43844/20571 27412/43845/27412
vt 0.3135850131511688 0.9920250177383423
f 16431/43681/16431 8991/43868/8991 2673/43918/2673
f 16440/43777/16440 18468/43155/18468 20589/43714/20589
f 14474/43895/14474 12570/43908/12570 22813/43914/22813
vt 0.8650267124176025 0.2955424487590790
f 29853/43875/29853 2669/43821/2669 10742/43919/10742
vt 0.4126037955284119 0.4079001247882843
f 10734/43783/10734 7269/43566/7269 22809/43920/22809
vt 0.9814307689666748 0.6431167125701904
f 1285/43774/1285 29844/43837/29844 27427/43921/27427
vt 0.8087987899780273 0.3759568929672241
f 29859/43810/29859 8997/43922/8997 2665/43472/2665
f 14471/43896/14471 25111/43876/25111 29853/43875/29853
f 14470/43897/14470 4138/43849/4138 25111/43876/25111
vt 0.6050063967704773 0.9392525553703308
f 1280/43721/1280 4141/43751/4141 20572/43923/20572
vt 0.5905529260635376 0.7553517818450928
f 2670/43761/2670 7280/43843/7280 2678/43924/2678
vt 0.5793750882148743 0.7479917407035828
f 2667/43628/2667 14472/43881/14472 8995/43925/8995
f 8992/43818/8992 27412/43917/27412 27413/43885/27413
f 7269/43566/7269 8993/43553/8993 22809/43920/22809
f 29845/43717/29845 5695/43855/5695 27421/43781/27421
f 2667/43628/2667 8995/43925/8995 16434/43586/16434
f 14468/43840/14468 8996/43799/8996 12573/43861/12573
vt 0.5533164143562317 0.5482909679412842
f 5690/43739/5690 12579/43926/12579 20573/43877/20573
vt 0.7063433527946472 0.8163857460021973
vt 0.7048169374465942 0.8206056952476501
f 25097/43497/25097 18493/43927/18493 1288/43928/1288
vt 0.5749219059944153 0.7510339021682739
f 14466/43604/14466 20578/43929/20578 1287/43854/1287
f 8996/43799/8996 5694/43862/5694 12573/43861/12573
vt 0.8594000935554504 0.2983475327491760
f 12566/43820/12566 12571/43824/12571 29856/43930/29856
f 12566/43820/12566 29856/43930/29856 2669/43821/2669
vt 0.9495990276336670 0.8702688217163086
f 10736/43591/10736 20580/43931/20580 22808/43746/22808
vt 0.2293426841497421 0.9610179662704468
f 29846/43719/29846 27421/43781/27421 25112/43932/25112
f 1286/43419/1286 2674/43879/2674 25108/43696/25108
vt 0.8684467077255249 0.6388459801673889
f 27412/43917/27412 10744/43933/10744 27413/43885/27413
vt 0.9927068352699280 0.6909462809562683
f 20572/43882/20572 22803/43808/22803 4143/43934/4143
f 29849/43414/29849 18479/43413/18479 25113/43915/25113
vt 0.8535043597221375 0.3102729618549347
f 7275/43907/7275 25114/43935/25114 18482/43902/18482
f 2670/43761/2670 2678/43924/2678 27410/43811/27410
vt 0.5016393065452576 0.8924806118011475
f 2672/43779/2672 2677/43936/2677 8998/43906/8998
vt 0.9915305376052856 0.6816650032997131
vt 0.9915807843208313 0.6822271347045898
vt 0.9901143312454224 0.6816750168800354
f 7275/43937/7275 25110/43938/25110 25114/43939/25114
f 8991/43800/8991 18471/43556/18471 22811/43864/22811
vt 0.5792484879493713 0.7507514953613281
f 14472/43881/14472 2675/43940/2675 8995/43925/8995
vt 0.8696230053901672 0.2942990064620972
f 29853/43875/29853 10742/43919/10742 16437/43941/16437
f 14472/43881/14472 27410/43811/27410 2675/43940/2675
vt 0.3053869903087616 0.9897059798240662
f 10733/43710/10733 16431/43681/16431 22810/43942/22810
vt 0.4939076602458954 0.8983071446418762
vt 0.4907095134258270 0.8957307934761047
vt 0.4958232939243317 0.8951932191848755
f 16431/43943/16431 16444/43944/16444 22810/43945/22810
vt 0.6109837889671326 0.9429622888565063
f 1280/43721/1280 20572/43923/20572 27418/43946/27418
f 2672/43812/2672 27411/43773/27411 20575/43912/20575
f 4138/43849/4138 27408/43848/27408 25111/43876/25111
f 14469/43509/14469 2665/43472/2665 22821/43850/22821
f 10736/43591/10736 27419/43775/27419 20580/43931/20580
f 5686/43667/5686 22821/43850/22821 16438/43878/16438
vt 0.1455170363187790 0.1349366456270218
vt 0.1466501504182816 0.1407494992017746
f 1274/43853/1274 27423/43947/27423 29861/43948/29861
vt 0.8650877475738525 0.6308331489562988
vt 0.8663405776023865 0.6305965185165405
vt 0.8655638098716736 0.6328673958778381
f 20553/43949/20553 12578/43950/12578 20571/43951/20571
f 25115/43886/25115 4143/43934/4143 22803/43808/22803
vt 0.9912816882133484 0.6827213168144226
f 25110/43938/25110 5687/43952/5687 25114/43939/25114
f 20569/43859/20569 18482/43902/18482 12571/43824/12571
f 22807/43865/22807 27422/43904/27422 14473/43759/14473
vt 0.0495914109051228 0.8205782175064087
f 18481/43846/18481 25113/43915/25113 16439/43953/16439
vt 0.2722990810871124 0.5073304772377014
f 27409/43755/27409 4131/43402/4131 27415/43954/27415
f 27404/43743/27404 2662/43686/2662 12576/43871/12576
vt 0.8058841228485107 0.3761608898639679
f 2665/43472/2665 8997/43922/8997 12582/43955/12582
vt 0.8041348457336426 0.3716275095939636
f 2665/43472/2665 12582/43955/12582 16428/43956/16428
vt 0.7994204163551331 0.9861676692962646
f 14473/43759/14473 14476/43957/14476 20568/43822/20568
vt 0.3006308674812317 0.9872030019760132
f 2672/43812/2672 20575/43912/20575 2677/43958/2677
vt 0.9536155462265015 0.8661206960678101
f 29855/43768/29855 22808/43746/22808 14478/43959/14478
vt 0.8598149418830872 0.6764991879463196
vt 0.8504147529602051 0.6722186803817749
f 25099/43540/25099 27416/43960/27416 1278/43961/1278
vt 0.6125826835632324 0.9452223181724548
f 8991/43800/8991 22811/43864/22811 2673/43962/2673
f 8995/43925/8995 2675/43940/2675 16434/43586/16434
f 18478/43707/18478 8989/43597/8989 12574/43605/12574
f 29806/43900/29806 20574/43817/20574 16432/43684/16432
f 22811/43864/22811 1280/43721/1280 27418/43946/27418
f 14466/43604/14466 16434/43586/16434 20578/43929/20578
vt 0.9904698133468628 0.6830879449844360
f 5687/43952/5687 7278/43963/7278 25114/43939/25114
f 18481/43846/18481 16439/43953/16439 12572/43841/12572
f 18481/43846/18481 12572/43841/12572 20570/43814/20570
vt 0.5681264400482178 0.1324512660503387
f 16435/43889/16435 18483/43888/18483 10739/43964/10739
vt 0.8675132393836975 0.6402387022972107
f 27413/43885/27413 18484/43965/18484 20566/43754/20566
vt 0.0496373064815998 0.8265209794044495
f 18479/43413/18479 22814/43966/22814 25113/43915/25113
vt 0.9596346020698547 0.8691903948783875
f 18485/43911/18485 7273/43795/7273 27414/43967/27414
vt 0.4095621109008789 0.4071162939071655
f 10734/43783/10734 22809/43920/22809 7280/43968/7280
vt 0.8692860007286072 0.2901259958744049
f 16437/43941/16437 10742/43919/10742 12575/43969/12575
vt 0.1405013501644135 0.1360229551792145
f 1274/43853/1274 14474/43895/14474 27420/43970/27420
vt 0.9970179796218872 0.6457200050354004
f 20576/43794/20576 10740/43971/10740 7278/43909/7278
f 2669/43821/2669 29856/43930/29856 10742/43919/10742
vt 0.4910699427127838 0.9005491733551025
f 16431/43943/16431 2673/43972/2673 16444/43944/16444
vt 0.5036605000495911 0.8832510709762573
vt 0.5117793679237366 0.8862354755401611
f 2657/43780/2657 7284/43973/7284 8999/43974/8999
f 27409/43755/27409 27415/43954/27415 4142/43809/4142
f 25099/43540/25099 12572/43748/12572 27416/43960/27416
vt 0.9987120032310486 0.6488649845123291
f 7278/43909/7278 10740/43971/10740 27424/43975/27424
f 27413/43885/27413 10744/43933/10744 18484/43965/18484
f 27415/43954/27415 4131/43402/4131 29857/43870/29857
f 5690/43739/5690 7272/43685/7272 12579/43926/12579
f 8994/43797/8994 2676/43863/2676 18483/43888/18483
vt 0.9858310222625732 0.6984980106353760
vt 0.9859648346900940 0.6978666782379150
f 29846/43976/29846 25112/43977/25112 18480/43807/18480
vt 0.9917105436325073 0.6886728405952454
vt 0.9932240247726440 0.6847990155220032
f 2673/43978/2673 22811/43979/22811 4143/43934/4143
vt 0.8725540041923523 0.6339355707168579
f 27412/43917/27412 12591/43980/12591 10744/43933/10744
vt 0.0501851961016655 0.8269339799880981
f 18479/43413/18479 16438/43981/16438 22814/43966/22814
vt 0.5532754063606262 0.5450772047042847
f 7272/43685/7272 20574/43817/20574 18496/43982/18496
vt 0.5680590271949768 0.1321874260902405
f 18483/43888/18483 22815/43983/22815 10739/43964/10739
f 20566/43754/20566 18484/43965/18484 10738/43880/10738
vt 0.9576413035392761 0.8689430952072144
f 7273/43795/7273 29855/43768/29855 18490/43984/18490
vt 0.0707110017538071 0.9331669807434082
f 7263/43555/7263 29858/43985/29858 10735/43565/10735
vt 0.6750957369804382 0.8104474544525146
f 27406/43650/27406 22789/43195/22789 10737/43986/10737
vt 0.2769159376621246 0.4998690783977509
f 29854/43749/29854 29852/43753/29852 27417/43987/27417
vt 0.4876410067081451 0.9017339944839478
f 2673/43972/2673 25115/43988/25115 16444/43944/16444
f 25097/43497/25097 1288/43928/1288 16433/43830/16433
vt 0.2747422754764557 0.5009295940399170
f 4142/43809/4142 18489/43989/18489 29852/43753/29852
vt 0.9934992790222168 0.6881700158119202
vt 0.9938151240348816 0.6840141415596008
f 20572/43882/20572 7281/43990/7281 27418/43991/27418
vt 0.9883868098258972 0.6814604997634888
f 7278/43963/7278 27424/43992/27424 25114/43939/25114
vt 0.8045043349266052 0.9896621108055115
f 16437/43860/16437 12575/43993/12575 27422/43904/27422
f 12579/43926/12579 18496/43982/18496 20573/43877/20573
f 29860/43872/29860 10732/43656/10732 18488/43657/18488
vt 0.5714436769485474 0.1251310706138611
f 12565/43653/12565 7277/43613/7277 2681/43994/2681
vt 0.2251649796962738 0.9646645784378052
f 27421/43781/27421 14480/43995/14480 25112/43932/25112
vt 0.2283066809177399 0.9772426486015320
f 20568/43829/20568 14475/43996/14475 5695/43855/5695
f 20571/43951/20571 12578/43950/12578 12591/43980/12591
f 20571/43951/20571 12591/43980/12591 27412/43917/27412
f 29855/43768/29855 14478/43959/14478 18490/43984/18490
vt 0.7992358207702637 0.9886072278022766
f 20568/43822/20568 14476/43957/14476 14475/43997/14475
f 16434/43586/16434 2675/43940/2675 20578/43929/20578
vt 0.9886595606803894 0.6440164446830750
f 1285/43774/1285 5693/43998/5693 20576/43794/20576
vt 0.2781511545181274 0.5015846490859985
f 29852/43753/29852 10741/43999/10741 27417/43987/27417
f 14473/43759/14473 27422/43904/27422 14476/43957/14476
f 22789/43195/22789 7279/43682/7279 10737/43986/10737
f 2673/43978/2673 4143/43934/4143 25115/43886/25115
f 25113/43915/25113 22814/43966/22814 16439/43953/16439
vt 0.8712074756622314 0.6504138112068176
f 8996/43799/8996 25116/44000/25116 5694/43862/5694
f 29854/43749/29854 27417/43987/27417 29832/43579/29832
vt 0.8707004189491272 0.6470921635627747
f 8996/43799/8996 10738/43880/10738 22818/44001/22818
vt 0.9819033145904541 0.9958206415176392
f 29850/43892/29850 18485/43903/18485 29844/44002/29844
vt 0.3037400543689728 0.9895718693733215
f 10733/43710/10733 22810/43942/22810 29862/44003/29862
f 10733/43710/10733 29862/44003/29862 20575/43912/20575
f 14474/43895/14474 22813/43914/22813 27420/43970/27420
f 27420/43970/27420 27423/43947/27423 1274/43853/1274
f 29852/43753/29852 18489/43989/18489 10741/43999/10741
f 22811/43979/22811 27418/43991/27418 4143/43934/4143
vt 0.3512702286243439 0.8409234285354614
f 20551/43618/20551 7276/43697/7276 4146/44004/4146
vt 0.9894459843635559 0.6803849935531616
f 18482/44005/18482 25114/43939/25114 27424/43992/27424
f 7272/43685/7272 18496/43982/18496 12579/43926/12579
vt 0.8145133852958679 0.1641905605792999
vt 0.8126641511917114 0.1651316285133362
f 29859/43873/29859 20577/44006/20577 8997/44007/8997
f 4142/43809/4142 27415/43954/27415 18489/43989/18489
vt 0.8605485558509827 0.2900398969650269
f 10742/43919/10742 29856/43930/29856 14479/44008/14479
f 29806/43900/29806 29851/43899/29851 20574/43817/20574
f 8996/43799/8996 22818/44001/22818 25116/44000/25116
f 12565/43653/12565 2681/43994/2681 2676/43863/2676
vt 0.8672859072685242 0.6269430518150330
f 20553/43949/20553 16435/44009/16435 12578/43950/12578
f 4143/43934/4143 27418/43991/27418 7281/43990/7281
vt 0.8000220060348511 0.9907510280609131
f 12575/43993/12575 5692/44010/5692 14475/43997/14475
vt 0.8668298125267029 0.2861137986183167
f 12575/43969/12575 10742/43919/10742 5692/44011/5692
vt 0.9884561896324158 0.6959595680236816
f 18480/43807/18480 14477/44012/14477 25115/43886/25115
vt 0.8529911041259766 0.3044270277023315
f 18482/43902/18482 5696/44013/5696 12571/43824/12571
f 12575/43993/12575 14475/43997/14475 14476/43957/14476
f 12575/43993/12575 14476/43957/14476 27422/43904/27422
f 7273/43795/7273 18490/43984/18490 27414/43967/27414
vt 0.3544472455978394 0.3316010236740112
vt 0.3555586636066437 0.3258630633354187
vt 0.3648677766323090 0.3295795321464539
f 5691/44014/5691 25117/44015/25117 12568/44016/12568
f 18483/43888/18483 2676/43863/2676 22815/43983/22815
vt 0.4853979945182800 0.9013180136680603
vt 0.4864818155765533 0.8986167311668396
f 25115/43988/25115 14477/44017/14477 12581/44018/12581
f 25115/43988/25115 12581/44018/12581 16444/43944/16444
vt 0.8690783977508545 0.6433857083320618
f 18484/43965/18484 22817/44019/22817 10738/43880/10738
f 2657/43780/2657 8998/43906/8998 7284/43973/7284
vt 0.0485017709434032 0.8283852934837341
f 16438/43981/16438 22821/44020/22821 22814/43966/22814
vt 0.3430544734001160 0.8432325124740601
f 2674/43879/2674 9001/44021/9001 25108/43696/25108
f 20573/43877/20573 18496/43982/18496 22812/43764/22812
vt 0.9853569865226746 0.6420750021934509
f 1285/43774/1285 2689/44022/2689 5693/43998/5693
vt 0.1424282044172287 0.1347509175539017
f 27420/43970/27420 18491/44023/18491 27423/43947/27423
f 29860/43872/29860 20577/44006/20577 29859/43873/29859
vt 0.8037536144256592 0.3699698150157928
f 2665/43472/2665 16428/43956/16428 22822/44024/22822
f 2665/43472/2665 22822/44024/22822 22821/43850/22821
vt 0.8688409328460693 0.6298226714134216
f 12578/43950/12578 12577/44025/12577 12591/43980/12591
f 2674/43879/2674 16440/43777/16440 9001/44021/9001
vt 0.8670250177383423 0.6249213218688965
vt 0.8669992089271545 0.6246287226676941
vt 0.8679388761520386 0.6250526905059814
f 10739/44026/10739 22815/44027/22815 18492/44028/18492
f 20572/43882/20572 4143/43934/4143 7281/43990/7281
vt 0.8160585761070251 0.1374761462211609
vt 0.8155189752578735 0.1411047428846359
f 2658/43574/2658 1293/44029/1293 7283/44030/7283
f 2658/43574/2658 7283/44030/7283 12558/43665/12558
vt 0.4265832304954529 0.4068065881729126
f 8993/43553/8993 1278/43673/1278 4152/44031/4152
f 18480/43807/18480 25112/43977/25112 14477/44012/14477
vt 0.5625966787338257 0.5471287369728088
f 22812/43764/22812 5697/44032/5697 16445/43765/16445
f 10739/44026/10739 18492/44028/18492 16435/44009/16435
vt 0.9823006987571716 0.9913997054100037
f 29844/44002/29844 18485/43903/18485 7282/44033/7282
vt 0.8679492473602295 0.6269608736038208
f 12578/43950/12578 16435/44009/16435 20579/44034/20579
f 8990/43832/8990 5694/43862/5694 1289/43833/1289
f 20575/43912/20575 29862/44003/29862 2677/43958/2677
vt 0.2272599935531616 0.9783480167388916
f 5692/44035/5692 5695/43855/5695 14475/43996/14475
vt 0.2255250066518784 0.9772530198097229
f 5692/44035/5692 4144/44036/4144 5695/43855/5695
vt 0.2255652844905853 0.9713767170906067
f 27421/43781/27421 5695/43855/5695 2680/44037/2680
f 18484/43965/18484 10744/43933/10744 22817/44019/22817
vt 0.6908916234970093 0.8202979564666748
f 16436/43905/16436 16433/43830/16433 22816/44038/22816
vt 0.9882280230522156 0.6802340149879456
vt 0.9873482584953308 0.6808115243911743
f 18482/44039/18482 27424/43992/27424 16443/44040/16443
vt 0.8682019710540771 0.6216779947280884
f 22815/44027/22815 2676/44041/2676 18492/44028/18492
f 12576/43871/12576 1293/44029/1293 2658/43574/2658
f 1285/43774/1285 27427/43921/27427 2689/44022/2689
vt 0.0986546650528908 0.1592175513505936
vt 0.0967987552285194 0.1621448397636414
vt 0.0901983007788658 0.1539559066295624
f 20576/44042/20576 5693/44043/5693 20583/44044/20583
vt 0.8433590531349182 0.3057197928428650
vt 0.8466175198554993 0.2986156940460205
vt 0.8464938402175903 0.3048959076404572
f 20576/44045/20576 20583/44046/20583 10740/44047/10740
vt 0.8531096577644348 0.3061510324478149
f 18482/43902/18482 16443/44048/16443 5696/44013/5696
f 27421/43781/27421 2680/44037/2680 14480/43995/14480
vt 0.3466410636901855 0.8410799503326416
f 7276/43697/7276 25108/43696/25108 18487/44049/18487
f 7276/43697/7276 18487/44049/18487 4146/44004/4146
vt 0.2224739938974380 0.9707610011100769
f 12580/44050/12580 5695/43855/5695 4144/44036/4144
vt 0.8721920251846313 0.2773239910602570
vt 0.8699451684951782 0.2718269824981689
vt 0.8729831576347351 0.2716498970985413
f 12580/44051/12580 12581/44052/12581 14477/44053/14477
vt 0.2236279696226120 0.9619652628898621
f 12580/44050/12580 14477/44054/14477 14480/43995/14480
vt 0.8684939146041870 0.2773939371109009
f 12580/44051/12580 4144/44055/4144 12581/44052/12581
f 12580/44050/12580 2680/44037/2680 5695/43855/5695
f 12580/44050/12580 14480/43995/14480 2680/44037/2680
f 16436/43905/16436 22816/44038/22816 7279/43682/7279
vt 0.8723301291465759 0.6507357358932495
f 5694/43862/5694 25116/44000/25116 27425/44056/27425
f 12578/43950/12578 20579/44034/20579 12577/44025/12577
vt 0.3623340129852295 0.8399860262870789
f 7258/43767/7258 20551/43618/20551 5691/44057/5691
vt 0.8151789903640747 0.1659799963235855
f 8997/44007/8997 20577/44006/20577 12582/44058/12582
vt 0.0907176211476326 0.1592750549316406
f 5693/44043/5693 20584/44059/20584 20583/44044/20583
vt 0.9857347607612610 0.6972892284393311
f 25112/43977/25112 2679/44060/2679 14477/44012/14477
vt 0.5050416588783264 0.5382632613182068
f 18478/44061/18478 29851/43899/29851 29848/43910/29848
f 25116/44000/25116 22818/44001/22818 27425/44056/27425
vt 0.9513106346130371 0.8670822381973267
f 22808/43746/22808 20580/43931/20580 29864/44062/29864
f 22812/43764/22812 18496/43982/18496 5697/44032/5697
vt 0.2694499492645264 0.5028081536293030
f 27415/43954/27415 20587/44063/20587 18489/43989/18489
f 10741/43999/10741 18489/43989/18489 27417/43987/27417
vt 0.8527213931083679 0.3028597533702850
f 12571/43824/12571 5696/44013/5696 12585/44064/12585
f 12571/43824/12571 12585/44064/12585 29856/43930/29856
f 10742/43919/10742 14479/44008/14479 5692/44011/5692
vt 0.8710402846336365 0.6448993682861328
f 10744/43933/10744 18494/44065/18494 22817/44019/22817
f 10738/43880/10738 22817/44019/22817 22818/44001/22818
f 12563/43615/12563 8999/43893/8999 29857/43870/29857
vt 0.4946206808090210 0.8935317397117615
vt 0.4966994225978851 0.8944939970970154
f 22810/43945/22810 4147/44066/4147 29862/44067/29862
vt 0.1830620020627975 0.4894289970397949
f 29861/43734/29861 27423/44068/27423 16427/43735/16427
vt 0.8161348700523376 0.1463273465633392
f 12558/43665/12558 27426/44069/27426 27390/43288/27390
f 20580/43931/20580 27419/43775/27419 29864/44062/29864
vt 0.4972620010375977 0.8929769992828369
f 2677/44070/2677 29862/44067/29862 4147/44066/4147
vt 0.9454824328422546 0.8636451363563538
f 10737/43887/10737 1290/44071/1290 27419/43775/27419
vt 0.9871039986610413 0.6818730235099792
f 10740/44072/10740 16443/44040/16443 27424/43992/27424
vt 0.9867908954620361 0.6808073520660400
f 10740/44072/10740 12583/44073/12583 16443/44040/16443
vt 0.1376535743474960 0.1296739578247070
f 27420/43970/27420 22813/43914/22813 7287/44074/7287
f 27420/43970/27420 7287/44074/7287 18491/44023/18491
vt 0.8529080152511597 0.3052639961242676
f 5696/44013/5696 16443/44048/16443 12583/44075/12583
vt 0.2266889661550522 0.9611886739730835
f 25112/43932/25112 14480/43995/14480 2679/44076/2679
vt 0.1620264649391174 0.4751809537410736
f 12574/43605/12574 10752/44077/10752 18478/43707/18478
vt 0.8180720210075378 0.1404620260000229
f 27426/44069/27426 12558/43665/12558 4145/44078/4145
vt 0.6909391880035400 0.8216941356658936
f 22816/44038/22816 16433/43830/16433 16441/44079/16441
f 29860/43872/29860 18488/43657/18488 20577/44006/20577
vt 0.8167429566383362 0.1339355111122131
f 12576/43871/12576 10745/44080/10745 1293/44029/1293
f 22818/44001/22818 18494/44065/18494 27425/44056/27425
f 22818/44001/22818 22817/44019/22817 18494/44065/18494
vt 0.3469032645225525 0.8379094004631042
f 9001/44021/9001 16440/43777/16440 9002/44081/9002
vt 0.2696889638900757 0.5068923830986023
vt 0.2695971131324768 0.5052812099456787
f 27415/43954/27415 20581/44082/20581 7286/44083/7286
f 2679/44076/2679 14480/43995/14480 14477/44054/14477
vt 0.0084387920796871 0.7486730217933655
vt 0.0081560816615820 0.7480638623237610
vt 0.0102037694305182 0.7482700943946838
f 18485/44084/18485 27414/44085/27414 7282/44086/7282
f 22810/43945/22810 16444/43944/16444 4147/44066/4147
f 22808/43746/22808 29864/44062/29864 14478/43959/14478
vt 0.8719627261161804 0.6258221864700317
f 12577/44025/12577 20579/44034/20579 29869/44087/29869
vt 0.5960609912872314 0.7591109871864319
f 22809/44088/22809 2678/43924/2678 7280/43843/7280
vt 0.1356673091650009 0.1276838034391403
f 22813/43914/22813 1287/43913/1287 29863/44089/29863
f 22813/43914/22813 29863/44089/29863 7287/44074/7287
vt 0.1282660067081451 0.1287630051374435
f 1287/43913/1287 20578/44090/20578 29863/44089/29863
f 12558/43665/12558 7283/44030/7283 4145/44078/4145
vt 0.4971600472927094 0.8870550990104675
f 8998/43906/8998 2677/43936/2677 2688/44091/2688
vt 0.5363062024116516 0.5289895534515381
f 29851/43899/29851 18486/44092/18486 20574/43817/20574
vt 0.4845610857009888 0.8963758945465088
f 12581/44018/12581 27429/44093/27429 16444/43944/16444
vt 0.0088368989527225 0.7470380663871765
f 18490/44094/18490 7282/44086/7282 27414/44085/27414
vt 0.0106749925762415 0.7474716305732727
f 18490/44094/18490 9000/44095/9000 7282/44086/7282
vt 0.8161917328834534 0.1649421751499176
f 20577/44006/20577 29865/44096/29865 12582/44058/12582
f 2662/43686/2662 10745/44080/10745 12576/43871/12576
vt 0.5067703127861023 0.5229542255401611
f 18478/44061/18478 10752/44097/10752 29851/43899/29851
vt 0.0768650025129318 0.9323120117187500
f 7263/43555/7263 16442/44098/16442 29858/43985/29858
f 16435/44009/16435 18492/44028/18492 20579/44034/20579
vt 0.8170193433761597 0.1484834402799606
f 27390/43288/27390 12584/44099/12584 25087/42870/25087
vt 0.3196007013320923 0.8378005027770996
f 10743/43281/10743 1289/43834/1289 7292/44100/7292
f 27415/43954/27415 29857/43870/29857 20581/44082/20581
f 27419/43775/27419 1290/44071/1290 29864/44062/29864
vt 0.5774142742156982 0.1115379408001900
f 7277/43613/7277 1277/43668/1277 18509/44101/18509
f 7277/43613/7277 18509/44101/18509 2681/43994/2681
vt 0.8521614670753479 0.3021428287029266
f 10740/44047/10740 20583/44046/20583 1291/44102/1291
vt 0.8494046330451965 0.3040497601032257
f 10740/44047/10740 1291/44102/1291 12583/44103/12583
vt 0.1444612890481949 0.1333889216184616
f 18491/44023/18491 1292/44104/1292 27423/43947/27423
vt 0.5782790780067444 0.5493062734603882
f 16445/43765/16445 22825/44105/22825 18493/43589/18493
vt 0.9851846098899841 0.9954859018325806
f 29844/44002/29844 7282/44033/7282 27427/44106/27427
vt 0.9568734765052795 0.8618540167808533
f 18490/43984/18490 14478/43959/14478 18495/44107/18495
vt 0.9580410718917847 0.8665693998336792
f 18490/43984/18490 18495/44107/18495 9000/44108/9000
vt 0.8769490718841553 0.6376259922981262
f 10744/43933/10744 5705/44109/5705 18494/44065/18494
vt 0.8174418210983276 0.1548676639795303
f 25087/42870/25087 7285/44110/7285 18488/43657/18488
f 8998/43906/8998 2688/44091/2688 7284/43973/7284
vt 0.0469297580420971 0.8272125124931335
f 22814/43966/22814 22821/44020/22821 16449/44111/16449
vt 0.8622235059738159 0.2821574211120605
f 4144/44055/4144 5692/44011/5692 18501/44112/18501
f 27390/43288/27390 27426/44069/27426 12584/44099/12584
f 4147/44066/4147 2688/44091/2688 2677/43936/2677
vt 0.8781532049179077 0.6434145569801331
f 27425/44056/27425 18494/44065/18494 22819/44113/22819
vt 0.6967426538467407 0.8248286247253418
f 16433/43830/16433 1288/43928/1288 10746/44114/10746
vt 0.8530504703521729 0.2991477251052856
f 29856/43930/29856 12585/44064/12585 16450/44115/16450
vt 0.8538244366645813 0.2964409291744232
f 29856/43930/29856 16450/44115/16450 12596/44116/12596
f 25087/42870/25087 12584/44099/12584 7285/44110/7285
vt 0.8774999976158142 0.6524040102958679
f 5694/43862/5694 27425/44056/27425 12586/44117/12586
f 5694/43862/5694 12586/44117/12586 1289/43833/1289
f 25108/43696/25108 9001/44021/9001 18487/44049/18487
f 7283/44030/7283 1293/44029/1293 4145/44078/4145
f 2662/43686/2662 22820/43805/22820 10745/44080/10745
vt 0.8690180182456970 0.6252267360687256
f 20579/44034/20579 18492/44028/18492 12587/44118/12587
vt 0.6909923553466797 0.8235363960266113
f 16433/43830/16433 14485/44119/14485 16441/44079/16441
f 16433/43830/16433 10746/44114/10746 14485/44119/14485
f 27415/43954/27415 7286/44083/7286 20587/44063/20587
f 20577/44006/20577 18488/43657/18488 29865/44096/29865
vt 0.6748707294464111 0.8198525905609131
f 7279/43682/7279 16460/44120/16460 10737/43986/10737
vt 0.6875240206718445 0.8256910443305969
f 16441/44079/16441 14485/44119/14485 1301/44121/1301
f 16441/44079/16441 1301/44121/1301 22816/44038/22816
f 27425/44056/27425 22819/44113/22819 12586/44117/12586
f 22814/43966/22814 16449/44111/16449 16439/43953/16439
vt 0.5858384370803833 0.7574129104614258
f 27410/43811/27410 2678/43924/2678 14481/44122/14481
vt 0.7470639944076538 0.9995006918907166
vt 0.7488172650337219 0.9994585514068604
vt 0.7474784255027771 0.9997346997261047
f 12583/44123/12583 1291/44124/1291 5696/44125/5696
vt 0.8660924434661865 0.2722721397876740
f 4144/44055/4144 18501/44112/18501 27429/44126/27429
f 4144/44055/4144 27429/44126/27429 12581/44052/12581
vt 0.3578020632266998 0.8368743062019348
f 20551/43618/20551 4146/44004/4146 27433/44127/27433
f 16440/43777/16440 20589/43714/20589 9002/44081/9002
vt 0.7483111619949341 0.9997548460960388
f 5696/44125/5696 1291/44124/1291 12585/44128/12585
f 27410/43811/27410 14481/44122/14481 2675/43940/2675
vt 0.4887953698635101 0.8934203982353210
f 16444/43944/16444 27429/44093/27429 1294/44129/1294
vt 0.4314974546432495 0.4053625464439392
f 1278/43673/1278 12588/44130/12588 4152/44031/4152
vt 0.2709369957447052 0.4988957643508911
vt 0.2747640013694763 0.4909209907054901
f 27417/43987/27417 4148/44131/4148 2682/44132/2682
f 27417/43987/27417 2682/44132/2682 29832/43579/29832
f 10744/43933/10744 12591/43980/12591 5705/44109/5705
vt 0.0976940020918846 0.1658879965543747
vt 0.0927459970116615 0.1659339964389801
f 5693/44043/5693 2689/44133/2689 14482/44134/14482
f 5693/44043/5693 14482/44134/14482 20584/44059/20584
vt 0.4923562407493591 0.8902453780174255
f 4147/44066/4147 20582/44135/20582 2688/44091/2688
vt 0.5732175111770630 0.1269666701555252
vt 0.5732074975967407 0.1307962983846664
f 2676/43863/2676 1299/44136/1299 29869/44137/29869
f 2676/44041/2676 29869/44087/29869 18492/44028/18492
vt 0.9839590191841125 0.9926530122756958
f 27427/44106/27427 7282/44033/7282 2683/44138/2683
vt 0.1434816122055054 0.1271089315414429
f 18491/44023/18491 7287/44074/7287 20597/44139/20597
f 18491/44023/18491 20597/44139/20597 1292/44104/1292
f 20583/44046/20583 16450/44115/16450 1291/44102/1291
vt 0.1479218304157257 0.1326039880514145
f 27423/43947/27423 1292/44104/1292 9004/44140/9004
f 10743/43281/10743 7292/44100/7292 20589/43714/20589
vt 0.2680126726627350 0.5068056583404541
f 20581/44082/20581 29857/43870/29857 16447/44141/16447
vt 0.5506937503814697 0.5407031774520874
vt 0.5536023378372192 0.5419873595237732
f 18496/43982/18496 9003/44142/9003 20585/44143/20585
f 20581/44082/20581 16447/44141/16447 7286/44083/7286
f 18494/44065/18494 5705/44109/5705 22819/44113/22819
f 22816/44038/22816 1301/44121/1301 7279/43682/7279
f 2676/43863/2676 2681/43994/2681 1299/44136/1299
f 20579/44034/20579 12587/44118/12587 29869/44087/29869
vt 0.8190789222717285 0.1344913095235825
f 1293/44029/1293 14491/44144/14491 4145/44078/4145
vt 0.5086112022399902 0.8779321908950806
vt 0.5150039196014404 0.8805573582649231
f 8999/43974/8999 2691/44145/2691 29857/44146/29857
vt 0.1474195122718811 0.1316553205251694
f 1292/44104/1292 7288/44147/7288 9004/44140/9004
f 27417/43987/27417 18489/43989/18489 4148/44131/4148
vt 0.1367548257112503 0.1276651471853256
f 1295/44148/1295 7287/44074/7287 29863/44089/29863
vt 0.4901669323444366 0.8924650549888611
f 16444/43944/16444 1294/44129/1294 14484/44149/14484
vt 0.0569729991257191 0.9322270154953003
vt 0.0569409988820553 0.9296640157699585
f 10735/43565/10735 14483/44150/14483 22820/44151/22820
f 1293/44029/1293 10745/44080/10745 14491/44144/14491
vt 0.5781019926071167 0.7571228146553040
f 20578/43929/20578 2675/43940/2675 22826/44152/22826
vt 0.1331109553575516 0.1221032962203026
f 20578/44090/20578 22826/44153/22826 29863/44089/29863
f 18487/44049/18487 9001/44021/9001 9002/44081/9002
f 18496/43982/18496 20574/43817/20574 9003/44142/9003
f 8999/43974/8999 7284/43973/7284 2691/44145/2691
vt 0.8041819930076599 0.3749369978904724
f 12582/43955/12582 18498/44154/18498 16428/43956/16428
vt 0.1421488523483276 0.1253354549407959
f 7287/44074/7287 2686/44155/2686 20597/44139/20597
f 7287/44074/7287 1295/44148/1295 2686/44155/2686
vt 0.8498054146766663 0.6838231086730957
f 1278/43961/1278 27416/43960/27416 12588/44156/12588
vt 0.8563771247863770 0.2938575744628906
f 12596/44116/12596 12592/44157/12592 29856/43930/29856
vt 0.0904849469661713 0.1661234945058823
f 20584/44059/20584 14482/44134/14482 16456/44158/16456
vt 0.0111489053815603 0.7483301162719727
f 7282/44086/7282 9000/44095/9000 2683/44159/2683
vt 0.5285521149635315 0.0068366350606084
vt 0.5299766659736633 0.0103232590481639
vt 0.5268802046775818 0.0086662806570530
f 9000/44160/9000 18495/44161/18495 22824/44162/22824
vt 0.8207520246505737 0.1294677257537842
vt 0.8189890384674072 0.1326733380556107
f 22820/43805/22820 14483/44163/14483 29872/44164/29872
vt 0.8196987509727478 0.1473488211631775
f 27426/44069/27426 4145/44078/4145 1296/44165/1296
vt 0.1643090397119522 0.4818433821201324
f 12574/43605/12574 16427/43735/16427 18507/44166/18507
f 12574/43605/12574 18507/44166/18507 10752/44077/10752
f 12585/44064/12585 1291/44102/1291 16450/44115/16450
vt 0.5584305524826050 0.5426182150840759
f 18496/43982/18496 20585/44143/20585 14486/44167/14486
f 18496/43982/18496 14486/44167/14486 5697/44032/5697
vt 0.9857226610183716 0.3672799468040466
vt 0.9871860146522522 0.3662141561508179
vt 0.9873593449592590 0.3675648272037506
f 2685/44168/2685 2684/44169/2684 20586/44170/20586
f 18492/44028/18492 29869/44087/29869 12587/44118/12587
f 16444/43944/16444 14484/44149/14484 4147/44066/4147
vt 0.9526010155677795 0.8633472323417664
f 29864/44062/29864 1290/44071/1290 12593/44171/12593
vt 0.9901216626167297 0.4403632879257202
vt 0.9906295537948608 0.4416516423225403
vt 0.9888936877250671 0.4415396749973297
f 20586/44172/20586 14487/44173/14487 2685/44174/2685
f 20582/44135/20582 4147/44066/4147 14484/44149/14484
vt 0.8480825424194336 0.2909803390502930
f 20583/44046/20583 27428/44175/27428 12596/44116/12596
f 20583/44046/20583 12596/44116/12596 16450/44115/16450
f 2675/43940/2675 14481/44122/14481 22826/44152/22826
vt 0.8175550103187561 0.1660334914922714
f 29865/44096/29865 14489/44176/14489 12582/44058/12582
f 1292/44104/1292 20597/44139/20597 7288/44147/7288
f 29856/43930/29856 12592/44157/12592 14479/44008/14479
vt 0.5547719597816467 0.5401788949966431
f 9003/44142/9003 18500/44177/18500 20585/44143/20585
vt 0.9906318783760071 0.3682688772678375
vt 0.9900882840156555 0.3687159717082977
vt 0.9886342883110046 0.3679935932159424
f 18499/44178/18499 5698/44179/5698 16446/44180/16446
vt 0.8165680170059204 0.1661919951438904
f 12582/44058/12582 14489/44176/14489 18497/44181/18497
vt 0.8160129785537720 0.1670719981193542
f 12582/44058/12582 18497/44181/18497 18498/44182/18498
vt 0.5178769826889038 0.8782489895820618
vt 0.5159730315208435 0.8787764310836792
vt 0.5194361805915833 0.8763691186904907
f 7286/44183/7286 16447/44184/16447 20587/44185/20587
vt 0.5646318793296814 0.5435441732406616
f 5697/44032/5697 25118/44186/25118 16445/43765/16445
vt 0.2828586697578430 0.4855525195598602
f 29832/43579/29832 2682/44132/2682 1277/44187/1277
f 5692/44011/5692 14479/44008/14479 18501/44112/18501
vt 0.5273268818855286 0.0069985394366086
vt 0.5258726477622986 0.0084553230553865
vt 0.5244449973106384 0.0074060000479221
f 2683/44188/2683 20591/44189/20591 27427/44190/27427
vt 0.3669350147247314 0.3333309888839722
vt 0.3738939166069031 0.3272936940193176
f 7263/44191/7263 12568/44016/12568 16442/44192/16442
vt 0.9907181859016418 0.4394629597663879
f 20586/44172/20586 16446/44193/16446 14487/44173/14487
vt 0.9919275045394897 0.4379600286483765
f 16446/44193/16446 5698/44194/5698 14487/44173/14487
f 20551/43618/20551 27433/44127/27433 5691/44057/5691
vt 0.4162130057811737 0.4134150147438049
vt 0.4228799939155579 0.4149099886417389
f 2678/44195/2678 22809/43920/22809 12589/44196/12589
vt 0.4201009869575500 0.4175150096416473
f 2678/44195/2678 12589/44196/12589 14481/44197/14481
f 9000/44160/9000 22824/44162/22824 2683/44188/2683
vt 0.2713646888732910 0.5004730224609375
f 18489/43989/18489 20587/44063/20587 16448/44198/16448
vt 0.9867765903472900 0.3662233352661133
f 2685/44168/2685 14487/44199/14487 2684/44169/2684
vt 0.3505855798721313 0.8396077752113342
f 18487/44049/18487 12590/44200/12590 4146/44004/4146
vt 0.2358690053224564 0.0887840017676353
vt 0.2427289932966232 0.0962359979748726
vt 0.2373238056898117 0.1004779338836670
f 1277/44201/1277 2682/44202/2682 12604/44203/12604
vt 0.5784642696380615 0.1008607000112534
f 1277/43668/1277 12604/44204/12604 18509/44101/18509
f 5697/44032/5697 14486/44167/14486 25118/44186/25118
vt 0.9929286241531372 0.3687626123428345
vt 0.9905469417572021 0.3688318729400635
f 18499/44178/18499 14488/44205/14488 5698/44206/5698
f 18489/43989/18489 16448/44198/16448 4148/44131/4148
vt 0.9535169005393982 0.8640910983085632
f 14478/43959/14478 29864/44062/29864 4149/44207/4149
f 20585/44143/20585 18500/44177/18500 14486/44167/14486
vt 0.9892623424530029 0.3656147122383118
f 16446/44180/16446 20586/44170/20586 2687/44208/2687
f 16446/44180/16446 2687/44208/2687 18499/44178/18499
vt 0.1370307207107544 0.1244002059102058
f 1295/44148/1295 29863/44089/29863 12600/44209/12600
vt 0.9928358197212219 0.3681999444961548
f 18499/44178/18499 7289/44210/7289 14488/44205/14488
vt 0.0460321828722954 0.8319754004478455
f 22821/44020/22821 22822/44211/22822 16449/44111/16449
f 22820/43805/22820 29872/44164/29872 10745/44080/10745
vt 0.9926729798316956 0.4364019930362701
vt 0.9949047565460205 0.4368417561054230
f 14488/44212/14488 27430/44213/27430 5698/44194/5698
vt 0.3514088988304138 0.3259890079498291
f 5691/44014/5691 27433/44214/27433 25117/44015/25117
vt 0.5474171042442322 0.5376008749008179
f 9003/44142/9003 20574/43817/20574 7291/44215/7291
vt 0.5846889019012451 0.5501455068588257
f 18493/43589/18493 22825/44105/22825 1288/44216/1288
vt 0.1810079962015152 0.4903900027275085
vt 0.1786561012268066 0.4891813099384308
f 27423/44068/27423 9004/44217/9004 9006/44218/9006
f 27423/44068/27423 9006/44218/9006 16427/43735/16427
f 12577/44025/12577 29869/44087/29869 12591/43980/12591
f 22809/43920/22809 8993/43553/8993 12589/44196/12589
f 9003/44142/9003 7291/44215/7291 18500/44177/18500
f 2683/44188/2683 22824/44162/22824 20591/44189/20591
vt 0.5716061592102051 0.5437684655189514
f 25118/44186/25118 12597/44219/12597 16445/43765/16445
vt 0.9929618835449219 0.4409224092960358
f 14487/44173/14487 5698/44194/5698 2687/44220/2687
f 27426/44069/27426 1296/44165/1296 12584/44099/12584
vt 0.5664808154106140 0.5413528084754944
f 14486/44167/14486 27435/44221/27435 25118/44186/25118
vt 0.0450558289885521 0.8305721282958984
f 16449/44111/16449 22822/44211/22822 12595/44222/12595
f 4149/44207/4149 29864/44062/29864 12593/44171/12593
vt 0.0833948627114296 0.1548980027437210
f 20583/44044/20583 20584/44059/20584 12599/44223/12599
vt 0.0849773362278938 0.1500790268182755
f 20583/44044/20583 12599/44223/12599 27428/44224/27428
vt 0.6910768151283264 0.8257269859313965
f 14485/44119/14485 16451/44225/16451 1301/44121/1301
vt 0.2660797238349915 0.9616903066635132
vt 0.2672234773635864 0.9605475664138794
vt 0.2681874930858612 0.9625390768051147
f 14488/44226/14488 7289/44227/7289 7290/44228/7290
f 18487/44049/18487 9002/44081/9002 12590/44200/12590
vt 0.9904717206954956 0.3654789924621582
f 18499/44178/18499 2687/44208/2687 29870/44229/29870
vt 0.1406643986701965 0.1241375133395195
f 1295/44148/1295 27432/44230/27432 2686/44155/2686
vt 0.2650942504405975 0.9643202424049377
f 14488/44226/14488 7290/44228/7290 27430/44231/27430
vt 0.5121281743049622 0.8773504495620728
f 16447/44184/16447 29857/44146/29857 29867/44232/29867
f 14486/44167/14486 18500/44177/18500 27435/44221/27435
vt 0.4875734746456146 0.8929952383041382
f 1294/44129/1294 29866/44233/29866 14484/44149/14484
f 20586/44170/20586 2684/44169/2684 2687/44208/2687
f 14484/44149/14484 29866/44233/29866 20582/44135/20582
vt 0.8710497021675110 0.6800062656402588
f 27416/43960/27416 12572/43748/12572 7303/44234/7303
vt 0.1480079293251038 0.1289896517992020
f 20597/44139/20597 27434/44235/27434 7288/44147/7288
vt 0.8546424508094788 0.2921634614467621
f 12596/44116/12596 1298/44236/1298 12592/44157/12592
vt 0.5758911371231079 0.5439229607582092
f 16445/43765/16445 12597/44219/12597 18503/44237/18503
f 16445/43765/16445 18503/44237/18503 22825/44105/22825
vt 0.8553580045700073 0.2891563177108765
f 14479/44008/14479 12592/44157/12592 9005/44238/9005
vt 0.8566539883613586 0.2857036888599396
f 14479/44008/14479 9005/44238/9005 18504/44239/18504
f 18499/44178/18499 29870/44229/29870 7289/44210/7289
vt 0.8231899142265320 0.1630162000656128
f 18488/43657/18488 7285/44110/7285 22827/44240/22827
f 1294/44129/1294 27429/44093/27429 29866/44233/29866
f 10745/44080/10745 29872/44164/29872 14491/44144/14491
vt 0.2693312168121338 0.5006915330886841
f 16448/44198/16448 20587/44063/20587 29871/44241/29871
vt 0.8225325345993042 0.1654119193553925
f 18488/43657/18488 22827/44240/22827 10747/44242/10747
f 18488/43657/18488 10747/44242/10747 29865/44096/29865
vt 0.6945374608039856 0.8291648030281067
f 16451/44225/16451 14485/44119/14485 9009/44243/9009
vt 0.4000073373317719 0.0030417097732425
vt 0.4019899666309357 0.0038816989399493
vt 0.4014051556587219 0.0046935207210481
f 7288/44244/7288 27434/44245/27434 20590/44246/20590
vt 0.4845793545246124 0.8932443857192993
f 27429/44093/27429 4150/44247/4150 29866/44233/29866
f 5698/44194/5698 27430/44213/27430 2687/44220/2687
vt 0.3989889919757843 0.0035389999393374
f 7288/44244/7288 20590/44246/20590 9004/44248/9004
f 14485/44119/14485 10746/44114/10746 9009/44243/9009
vt 0.8033313751220703 0.3719320893287659
f 16428/43956/16428 10749/44249/10749 22822/44024/22822
vt 0.4867371618747711 0.8919601440429688
f 20582/44135/20582 29866/44233/29866 20588/44250/20588
vt 0.4828529953956604 0.8887199759483337
f 20582/44135/20582 20588/44250/20588 10748/44251/10748
vt 0.4863205850124359 0.8844210505485535
f 20582/44135/20582 10748/44251/10748 25121/44252/25121
f 29863/44089/29863 22826/44153/22826 12600/44209/12600
vt 0.5238584876060486 0.0107433497905731
f 27427/44190/27427 20591/44189/20591 12594/44253/12594
vt 0.9874389767646790 0.9929069876670837
vt 0.9886242747306824 0.9953771233558655
f 27427/44106/27427 12594/44254/12594 14482/44255/14482
f 12592/44157/12592 1298/44236/1298 9005/44238/9005
vt 0.8034740090370178 0.3736250102519989
f 16428/43956/16428 18498/44154/18498 29868/44256/29868
f 16428/43956/16428 29868/44256/29868 10749/44249/10749
vt 0.8616040349006653 0.2745528221130371
f 18501/44112/18501 9010/44257/9010 27429/44126/27429
vt 0.9915375113487244 0.4417606294155121
f 14487/44173/14487 2687/44220/2687 2684/44258/2684
vt 0.5126181244850159 0.8743532299995422
f 29867/44232/29867 29873/44259/29873 16447/44184/16447
vt 0.2699964344501495 0.9640642404556274
f 7290/44228/7290 22823/44260/22823 27430/44231/27430
vt 0.8187768459320068 0.1653176546096802
f 29865/44096/29865 18505/44261/18505 14489/44176/14489
f 25118/44186/25118 27435/44221/27435 12597/44219/12597
vt 0.7061180472373962 0.8276329636573792
f 1288/43928/1288 7296/44262/7296 10746/44114/10746
vt 0.5546367764472961 0.5380578041076660
f 18500/44177/18500 7291/44215/7291 20593/44263/20593
vt 0.3995009958744049 0.0057160002179444
f 9004/44248/9004 20590/44246/20590 9006/44264/9006
vt 0.9913859963417053 0.3655669987201691
f 7289/44210/7289 29870/44229/29870 14490/44265/14490
vt 0.9925858378410339 0.3648631572723389
f 7289/44210/7289 14490/44265/14490 18506/44266/18506
vt 0.8229975104331970 0.1341979056596756
f 4145/44078/4145 16462/44267/16462 1296/44165/1296
vt 0.0434599295258522 0.8337526917457581
f 22822/44211/22822 10749/44268/10749 12595/44222/12595
f 20582/44135/20582 25121/44252/25121 2688/44091/2688
vt 0.2697230875492096 0.9625382423400879
f 7290/44228/7290 25119/44269/25119 22823/44260/22823
f 1295/44148/1295 12600/44209/12600 27432/44230/27432
vt 0.5763030052185059 0.1257797926664352
f 1299/44136/1299 2681/43994/2681 2692/44270/2692
vt 0.3860535919666290 0.3365720808506012
vt 0.3912673890590668 0.3302223384380341
vt 0.3928720057010651 0.3350135087966919
f 10735/44271/10735 1297/44272/1297 14483/44273/14483
vt 0.8506202101707458 0.2828069031238556
f 27428/44175/27428 9007/44274/9007 1298/44236/1298
f 27428/44175/27428 1298/44236/1298 12596/44116/12596
vt 0.0410449430346489 0.8386613726615906
vt 0.0391892120242119 0.8393445611000061
vt 0.0392580516636372 0.8373535275459290
f 18497/44275/18497 14489/44276/14489 25126/44277/25126
f 16447/44184/16447 29873/44259/29873 20587/44185/20587
vt 0.0882182866334915 0.1651449650526047
f 20584/44059/20584 16456/44158/16456 25124/44278/25124
vt 0.0828481987118721 0.1625819355249405
f 20584/44059/20584 25124/44278/25124 5702/44279/5702
f 20584/44059/20584 5702/44279/5702 12599/44223/12599
vt 0.6927726864814758 0.8292265534400940
vt 0.6918315291404724 0.8297765254974365
vt 0.6916192770004272 0.8279062509536743
f 18502/44280/18502 1300/44281/1300 5699/44282/5699
vt 0.5317403078079224 0.5232998132705688
f 18486/44092/18486 29851/43899/29851 22844/44283/22844
vt 0.8739410042762756 0.6685071587562561
f 12572/43748/12572 16439/44284/16439 7303/44234/7303
vt 0.5589674115180969 0.5386738777160645
f 20593/44263/20593 5700/44285/5700 18500/44177/18500
vt 0.2695391476154327 0.9591267108917236
f 7290/44228/7290 12598/44286/12598 25119/44269/25119
vt 0.8740521073341370 0.6253411173820496
f 12591/43980/12591 29869/44087/29869 10750/44287/10750
vt 0.8604689836502075 0.2669250071048737
vt 0.8632247447967529 0.2698006629943848
vt 0.8578090071678162 0.2702809870243073
f 20588/44288/20588 4150/44289/4150 10748/44290/10748
vt 0.0793699994683266 0.1445470005273819
f 27428/44224/27428 12599/44223/12599 9007/44291/9007
f 16451/44225/16451 9009/44243/9009 5699/44282/5699
vt 0.2688522040843964 0.5002887845039368
f 16448/44198/16448 29871/44241/29871 18508/44292/18508
f 16448/44198/16448 18508/44292/18508 4148/44131/4148
vt 0.5510544180870056 0.5354465246200562
f 20592/44293/20592 20593/44263/20593 7291/44215/7291
vt 0.5195812582969666 0.8745992779731750
f 20587/44185/20587 29873/44259/29873 29871/44294/29871
vt 0.2695539891719818 0.9655309915542603
f 22823/44260/22823 12601/44295/12601 27430/44231/27430
f 20588/44250/20588 29866/44233/29866 4150/44247/4150
vt 0.0411169342696667 0.8324865102767944
f 12595/44222/12595 14492/44296/14492 16449/44111/16449
vt 0.9874606728553772 0.9955142140388489
f 27427/44106/27427 14482/44255/14482 2689/44297/2689
f 14479/44008/14479 18504/44239/18504 18501/44112/18501
vt 0.3797548115253448 0.3279123306274414
vt 0.3864324688911438 0.3288240432739258
f 10735/44271/10735 29858/44298/29858 27431/44299/27431
f 10735/44271/10735 27431/44299/27431 1297/44272/1297
f 12595/44222/12595 10749/44268/10749 14492/44296/14492
vt 0.6713629961013794 0.8127440214157104
f 10737/43986/10737 16460/44120/16460 1290/44300/1290
vt 0.5569005012512207 0.5315056443214417
f 5700/44285/5700 20593/44263/20593 1304/44301/1304
vt 0.3534647226333618 0.8378702402114868
f 4146/44004/4146 12590/44200/12590 10751/44302/10751
f 4146/44004/4146 10751/44302/10751 27433/44127/27433
f 27429/44126/27429 9010/44257/9010 4150/44289/4150
f 16451/44225/16451 5699/44282/5699 1301/44121/1301
f 18502/44280/18502 5699/44282/5699 9009/44243/9009
vt 0.8192774057388306 0.1514126956462860
f 7285/44110/7285 12584/44099/12584 20594/44303/20594
f 10748/44290/10748 4150/44289/4150 9010/44257/9010
vt 0.8544149994850159 0.2757230103015900
f 10748/44290/10748 9010/44257/9010 9008/44304/9008
f 29857/44146/29857 2691/44145/2691 29867/44232/29867
vt 0.5537193417549133 0.5339574813842773
f 20593/44263/20593 10756/44305/10756 1304/44301/1304
f 20593/44263/20593 20592/44293/20592 10756/44305/10756
vt 0.8585442304611206 0.2811277806758881
f 18501/44112/18501 18504/44239/18504 25120/44306/25120
f 18500/44177/18500 5700/44285/5700 27435/44221/27435
vt 0.3166197836399078 0.8296698331832886
f 7292/44100/7292 1289/43834/1289 2693/44307/2693
vt 0.9941985607147217 0.4402704834938049
f 2687/44220/2687 27430/44213/27430 29870/44308/29870
vt 0.4032883644104004 0.0073246555402875
f 20590/44246/20590 12602/44309/12602 9006/44264/9006
vt 0.5216481685638428 0.8740407824516296
vt 0.5176092982292175 0.8599172234535217
vt 0.5296729803085327 0.8688889741897583
f 4148/44310/4148 9027/44311/9027 2682/44312/2682
vt 0.5745120644569397 0.5415383577346802
f 18503/44237/18503 12597/44219/12597 29875/44313/29875
vt 0.8718460202217102 0.6209189891815186
vt 0.8735851645469666 0.6232236623764038
f 29869/44087/29869 1299/44314/1299 5701/44315/5701
vt 0.9554561376571655 0.8621142506599426
f 14478/43959/14478 4149/44207/4149 16452/44316/16452
vt 0.0052579999901354 0.9625440239906311
vt 0.0076606990769506 0.9638509750366211
vt 0.0051565235480666 0.9653099775314331
f 25119/44317/25119 12598/44318/12598 1303/44319/1303
vt 0.0041019618511200 0.9648365974426270
f 25119/44317/25119 1303/44319/1303 7294/44320/7294
f 7290/44228/7290 7289/44227/7289 12598/44286/12598
f 12597/44219/12597 27435/44221/27435 29875/44313/29875
vt 0.5647881627082825 0.5387510061264038
f 5700/44285/5700 4151/44321/4151 27435/44221/27435
f 14478/43959/14478 16452/44316/16452 18495/44107/18495
vt 0.6889230608940125 0.8317262530326843
f 5699/44282/5699 22837/44322/22837 1301/44121/1301
vt 0.1727758496999741 0.4888385832309723
vt 0.1688019037246704 0.4886413216590881
f 16427/43735/16427 16453/44323/16453 4153/44324/4153
f 16427/43735/16427 4153/44324/4153 18507/44166/18507
vt 0.0420389026403427 0.8387986421585083
vt 0.0424097441136837 0.8359173536300659
f 18498/44325/18498 18497/44275/18497 29868/44326/29868
f 9007/44274/9007 9008/44304/9008 25120/44306/25120
vt 0.0745731890201569 0.1465399861335754
f 9007/44291/9007 12599/44223/12599 16461/44327/16461
vt 0.0750159993767738 0.1390189975500107
f 9007/44291/9007 16461/44327/16461 9008/44328/9008
vt 0.0715448409318924 0.1347090303897858
vt 0.0698206946253777 0.1405287235975266
f 10748/44329/10748 9008/44328/9008 16459/44330/16459
f 20590/44246/20590 27434/44245/27434 12602/44309/12602
f 9007/44274/9007 9005/44238/9005 1298/44236/1298
f 9007/44274/9007 18504/44239/18504 9005/44238/9005
f 9007/44274/9007 25120/44306/25120 18504/44239/18504
vt 0.5608029961585999 0.5319392085075378
f 5700/44285/5700 1304/44301/1304 20595/44331/20595
f 10749/44268/10749 29868/44326/29868 14492/44296/14492
f 9008/44304/9008 9010/44257/9010 25120/44306/25120
f 9008/44328/9008 16461/44327/16461 16459/44330/16459
vt 0.2711980044841766 0.9636759757995605
f 25119/44269/25119 7294/44332/7294 22823/44260/22823
f 16427/43735/16427 9006/44218/9006 16453/44323/16453
f 22825/44105/22825 18503/44237/18503 1288/44216/1288
vt 0.6945686340332031 0.8327417373657227
f 1300/44281/1300 18502/44280/18502 10757/44333/10757
vt 0.1436479091644287 0.1214847564697266
f 2686/44155/2686 27432/44230/27432 10755/44334/10755
f 18502/44280/18502 9009/44243/9009 10757/44333/10757
f 29868/44326/29868 18497/44275/18497 25126/44277/25126
vt 0.9952405095100403 0.4398113191127777
f 27430/44213/27430 14490/44335/14490 29870/44308/29870
vt 0.5490726232528687 0.5278377532958984
f 20592/44293/20592 7291/44215/7291 27438/44336/27438
vt 0.8189603686332703 0.1495732516050339
f 12584/44099/12584 18511/44337/18511 20594/44303/20594
vt 0.5247166752815247 0.0111984265968204
f 22824/44162/22824 14494/44338/14494 20591/44189/20591
vt 0.5443528294563293 0.5332463383674622
f 7291/44215/7291 20574/43817/20574 2690/44339/2690
vt 0.5621491074562073 0.5359234213829041
f 4151/44321/4151 5700/44285/5700 18510/44340/18510
vt 0.5643584728240967 0.5322197675704956
f 4151/44321/4151 18510/44340/18510 20604/44341/20604
f 18501/44112/18501 25120/44306/25120 9010/44257/9010
vt 0.2678189873695374 0.9574199914932251
f 7289/44227/7289 18506/44342/18506 12598/44286/12598
vt 0.2698892652988434 0.9650648236274719
f 22823/44260/22823 7294/44332/7294 12601/44343/12601
f 4145/44078/4145 14491/44144/14491 16462/44267/16462
f 12590/44200/12590 9002/44081/9002 10751/44302/10751
f 7279/43682/7279 1301/44121/1301 16460/44120/16460
f 5699/44282/5699 1300/44281/1300 22837/44322/22837
vt 0.4010140001773834 0.0096789998933673
f 9006/44264/9006 12602/44309/12602 16453/44344/16453
vt 0.8242222070693970 0.1448073089122772
f 1296/44165/1296 16462/44267/16462 27446/44345/27446
f 5700/44285/5700 20595/44331/20595 18510/44340/18510
f 8993/43553/8993 4152/44031/4152 12589/44196/12589
vt 0.0411639995872974 0.8164259791374207
f 16439/43953/16439 16449/44111/16449 16454/44346/16454
vt 0.8771868944168091 0.6801251173019409
f 16439/44284/16439 16454/44347/16454 7303/44234/7303
vt 0.5174534320831299 0.8734216690063477
f 29873/44259/29873 7293/44348/7293 29871/44294/29871
vt 0.4872550070285797 0.8820459842681885
f 25121/44252/25121 12605/44349/12605 2688/44091/2688
vt 0.8217290043830872 0.1522930562496185
f 7285/44110/7285 20594/44303/20594 29881/44350/29881
f 29868/44326/29868 25126/44277/25126 14492/44296/14492
vt 0.5272334814071655 0.0131191639229655
f 22824/44162/22824 18495/44161/18495 12612/44351/12612
f 22824/44162/22824 12612/44351/12612 14494/44338/14494
vt 0.5197392106056213 0.8742303848266602
f 29871/44294/29871 7293/44348/7293 18508/44352/18508
vt 0.6984782814979553 0.8351325392723083
f 10746/44114/10746 10753/44353/10753 9009/44243/9009
vt 0.5782937407493591 0.5414044857025146
f 18503/44237/18503 29875/44313/29875 14493/44354/14493
vt 0.5802824497222900 0.5393728017807007
f 18503/44237/18503 16463/44355/16463 1288/44216/1288
vt 0.3614840507507324 0.3262405693531036
f 25117/44015/25117 18515/44356/18515 12568/44016/12568
f 29865/44096/29865 10747/44242/10747 18505/44261/18505
vt 0.4048634469509125 0.0090858088806272
f 12602/44309/12602 27434/44245/27434 27436/44357/27436
vt 0.5084075331687927 0.8758725523948669
f 29867/44232/29867 2691/44145/2691 4154/44358/4154
vt 0.5706626772880554 0.5381827354431152
f 4151/44321/4151 20596/44359/20596 27435/44221/27435
vt 0.2654500305652618 0.9684840440750122
vt 0.2624745666980743 0.9663214683532715
f 27430/44231/27430 18512/44360/18512 16458/44361/16458
f 29869/44087/29869 5701/44315/5701 10750/44287/10750
vt 0.5662681460380554 0.5344519019126892
f 4151/44321/4151 20604/44341/20604 25125/44362/25125
vt 0.4991266131401062 0.8748741149902344
f 2691/44145/2691 7284/43973/7284 9013/44363/9013
f 7291/44215/7291 2690/44339/2690 27438/44336/27438
f 18511/44337/18511 12584/44099/12584 1296/44165/1296
vt 0.1210950240492821 0.9869030714035034
vt 0.1214322298765182 0.9910102486610413
vt 0.1190635710954666 0.9869418144226074
f 10754/44364/10754 12606/44365/12606 29874/44366/29874
vt 0.8205376863479614 0.1668846309185028
f 14489/44176/14489 18505/44261/18505 18513/44367/18513
f 10746/44114/10746 7296/44262/7296 10753/44353/10753
f 18508/44352/18508 7293/44348/7293 4148/44310/4148
vt 0.0362121276557446 0.8214518427848816
f 16449/44111/16449 14492/44296/14492 18524/44368/18524
vt 0.1417835354804993 0.1198932453989983
f 27432/44230/27432 12600/44209/12600 7295/44369/7295
vt 0.9967278242111206 0.4386205971240997
f 27430/44213/27430 16458/44370/16458 14490/44335/14490
f 27435/44221/27435 20596/44359/20596 29875/44313/29875
vt 0.0668784528970718 0.1359752714633942
f 10748/44329/10748 16459/44330/16459 25121/44371/25121
vt 0.1180321648716927 0.9856279492378235
f 29874/44366/29874 22828/44372/22828 10754/44364/10754
vt 0.5255318880081177 0.5169306993484497
f 29851/43899/29851 14504/44373/14504 22844/44283/22844
vt 0.1174113005399704 0.9921408891677856
f 29874/44366/29874 12606/44365/12606 16455/44374/16455
vt 0.5818653702735901 0.1189323961734772
f 2681/43994/2681 18509/44101/18509 27437/44375/27437
f 2681/43994/2681 27437/44375/27437 2692/44270/2692
f 20591/44189/20591 14494/44338/14494 12594/44253/12594
f 27432/44230/27432 7295/44369/7295 10755/44334/10755
vt 0.1259091049432755 0.1150165423750877
vt 0.1336284428834915 0.1112740114331245
f 22826/44153/22826 14481/44376/14481 25122/44377/25122
vt 0.6901522278785706 0.8324572443962097
f 1300/44281/1300 10757/44333/10757 2697/44378/2697
vt 0.6843506097793579 0.8362720012664795
f 1301/44121/1301 22837/44322/22837 27447/44379/27447
vt 0.5678421258926392 0.5327355861663818
f 4151/44321/4151 12603/44380/12603 20596/44359/20596
f 4151/44321/4151 25125/44362/25125 12603/44380/12603
f 14493/44354/14493 16463/44355/16463 18503/44237/18503
vt 0.5200442671775818 0.0086830006912351
vt 0.5220989584922791 0.0123453466221690
f 14482/44381/14482 12594/44253/12594 10759/44382/10759
vt 0.5188170075416565 0.0095819355919957
f 14482/44381/14482 10759/44382/10759 16456/44383/16456
vt 0.1470547020435333 0.1207970529794693
f 2686/44155/2686 10755/44334/10755 27440/44384/27440
f 2686/44155/2686 27440/44384/27440 20597/44139/20597
f 4154/44358/4154 29873/44259/29873 29867/44232/29867
vt 0.6647585630416870 0.8156023025512695
f 1290/44300/1290 16460/44120/16460 29888/44385/29888
vt 0.5518631339073181 0.5302349925041199
f 20592/44293/20592 27438/44336/27438 1307/44386/1307
vt 0.5750839710235596 0.1281239986419678
f 1299/44136/1299 2692/44270/2692 5701/44387/5701
vt 0.2683709859848022 0.9673299789428711
f 27430/44231/27430 12601/44295/12601 7294/44388/7294
f 27430/44231/27430 7294/44388/7294 18512/44360/18512
f 4149/44207/4149 12593/44171/12593 16452/44316/16452
vt 0.1487126350402832 0.1220158934593201
f 27434/44235/27434 20597/44139/20597 27443/44389/27443
vt 0.4111419618129730 0.0092506771907210
f 27434/44245/27434 27443/44390/27443 27436/44357/27436
vt 0.1154503375291824 0.9891453385353088
f 29874/44366/29874 22832/44391/22832 22828/44372/22828
f 4148/44310/4148 7293/44348/7293 9027/44311/9027
vt 0.5289040207862854 0.8623700141906738
f 2682/44312/2682 9027/44311/9027 12604/44392/12604
vt 0.3565617799758911 0.8362742662429810
f 27433/44127/27433 10751/44302/10751 20598/44393/20598
f 20592/44293/20592 1307/44386/1307 10756/44305/10756
vt 0.5848193168640137 0.5398851633071899
f 1288/44216/1288 16463/44355/16463 7296/44394/7296
vt 0.4048175513744354 0.0117214210331440
f 12602/44309/12602 1302/44395/1302 16453/44344/16453
f 12602/44309/12602 27436/44357/27436 1302/44395/1302
vt 0.9964740276336670 0.4396106004714966
f 14490/44335/14490 16458/44370/16458 18506/44396/18506
vt 0.9537822604179382 0.8553012013435364
f 12593/44171/12593 1290/44071/1290 14495/44397/14495
vt 0.2677820026874542 0.9683150053024292
f 18512/44360/18512 7294/44388/7294 1303/44398/1303
vt 0.0103700002655387 0.9645940065383911
vt 0.0079800002276897 0.9655240178108215
f 18506/44399/18506 16457/44400/16457 12598/44318/12598
f 1300/44281/1300 2697/44378/2697 22837/44322/22837
vt 0.9556146860122681 0.8598319888114929
f 16452/44316/16452 12593/44171/12593 4155/44401/4155
vt 0.5421500205993652 0.5296728610992432
f 20574/43817/20574 12607/44402/12607 2690/44339/2690
f 20574/43817/20574 18486/44092/18486 12607/44402/12607
vt 0.3113247454166412 0.8313144445419312
f 1289/43834/1289 12586/44403/12586 2693/44307/2693
vt 0.5143523812294006 0.8720415234565735
f 29873/44259/29873 5703/44404/5703 7293/44348/7293
vt 0.5701184868812561 0.5351360440254211
f 20596/44359/20596 12603/44380/12603 4156/44405/4156
vt 0.5721940398216248 0.5330623984336853
f 20596/44359/20596 22836/44406/22836 29875/44313/29875
vt 0.8207583427429199 0.1657954454421997
f 18505/44261/18505 10747/44242/10747 5706/44407/5706
vt 0.1287114769220352 0.1079406589269638
f 14481/44376/14481 12589/44408/12589 25122/44377/25122
f 20594/44303/20594 18511/44337/18511 29881/44350/29881
f 29874/44366/29874 16455/44374/16455 22832/44391/22832
vt 0.1461546719074249 0.1187057048082352
f 10755/44334/10755 14497/44409/14497 27440/44384/27440
vt 0.0359369628131390 0.8378790616989136
f 14489/44276/14489 18513/44410/18513 25126/44277/25126
vt 0.9463078379631042 0.8577132225036621
f 1290/44071/1290 29888/44411/29888 14495/44397/14495
f 4154/44358/4154 2691/44145/2691 9013/44363/9013
vt 0.1196831390261650 0.9836846590042114
f 10754/44364/10754 22828/44372/22828 12608/44412/12608
f 20596/44359/20596 4156/44405/4156 22836/44406/22836
vt 0.1185202226042747 0.9960629343986511
f 16455/44374/16455 12606/44365/12606 20599/44413/20599
vt 0.1163366958498955 0.9944452047348022
f 16455/44374/16455 20599/44413/20599 29876/44414/29876
vt 0.8214640617370605 0.1324873119592667
f 29872/44164/29872 12610/44415/12610 14491/44144/14491
f 14494/44338/14494 10759/44382/10759 12594/44253/12594
f 18505/44261/18505 5706/44407/5706 18513/44367/18513
vt 0.5172026157379150 0.0107469819486141
f 16456/44383/16456 10759/44382/10759 25124/44416/25124
f 7295/44369/7295 12600/44209/12600 22826/44153/22826
vt 0.9563071131706238 0.8604685664176941
f 18495/44107/18495 16452/44316/16452 22835/44417/22835
vt 0.0718088448047638 0.1544738858938217
f 12599/44223/12599 4162/44418/4162 16461/44327/16461
vt 0.8806265592575073 0.6275662183761597
f 10750/44287/10750 22829/44419/22829 12591/43980/12591
vt 0.4909591078758240 0.8791571855545044
f 2688/44091/2688 25131/44420/25131 7284/43973/7284
f 2688/44091/2688 12605/44349/12605 25131/44420/25131
vt 0.1230997070670128 0.9859524965286255
f 10754/44364/10754 12608/44412/12608 20603/44421/20603
vt 0.1478186845779419 0.1192196533083916
f 27440/44384/27440 14497/44409/14497 22833/44422/22833
f 10756/44305/10756 1307/44386/1307 1304/44301/1304
vt 0.2602098584175110 0.9710301756858826
vt 0.2611899971961975 0.9681998491287231
vt 0.2620974779129028 0.9716872572898865
f 29876/44423/29876 20599/44424/20599 29878/44425/29878
vt 0.1149002313613892 0.9954178333282471
f 29876/44414/29876 1305/44426/1305 16455/44374/16455
vt 0.2609235942363739 0.9721691608428955
f 29876/44423/29876 29878/44425/29878 1305/44427/1305
f 16449/44111/16449 18524/44368/18524 16454/44346/16454
f 14491/44144/14491 12610/44415/12610 16462/44267/16462
f 16452/44316/16452 4155/44401/4155 22835/44417/22835
vt 0.5050642490386963 0.8717555403709412
f 29873/44259/29873 4154/44358/4154 12609/44428/12609
f 16455/44374/16455 1305/44426/1305 22832/44391/22832
vt 0.0794910416007042 0.1610521823167801
f 12599/44223/12599 5702/44279/5702 7297/44429/7297
vt 0.0766679868102074 0.1589487791061401
f 12599/44223/12599 7297/44429/7297 16471/44430/16471
vt 0.3563894331455231 0.8339050412178040
f 10751/44302/10751 9002/44081/9002 25123/44431/25123
f 10751/44302/10751 25123/44431/25123 20598/44393/20598
vt 0.5042631626129150 0.8743948340415955
f 4154/44358/4154 9013/44363/9013 2695/44432/2695
f 2690/44339/2690 12607/44402/12607 27438/44336/27438
f 18510/44340/18510 20595/44331/20595 20604/44341/20604
vt 0.0059079960919917 0.9661653041839600
f 1303/44319/1303 12598/44318/12598 29882/44433/29882
f 20597/44139/20597 27440/44384/27440 27443/44389/27443
vt 0.3069882094860077 0.8247097730636597
f 12586/44403/12586 22819/44434/22819 2693/44307/2693
f 12598/44318/12598 16457/44400/16457 29882/44433/29882
vt 0.1212518662214279 0.9944477081298828
f 12606/44365/12606 18506/44435/18506 20599/44413/20599
vt 0.0646298378705978 0.1460739821195602
f 16461/44327/16461 4162/44418/4162 25136/44436/25136
f 16461/44327/16461 25136/44436/25136 16459/44330/16459
vt 0.1127984225749969 0.9939320683479309
f 22832/44391/22832 1305/44426/1305 16468/44437/16468
f 16458/44361/16458 18512/44360/18512 20599/44424/20599
vt 0.1239775940775871 0.9908442497253418
f 12606/44365/12606 10754/44364/10754 5704/44438/5704
vt 0.8762158751487732 0.6236684322357178
f 10750/44287/10750 5701/44315/5701 20602/44439/20602
vt 0.3677973747253418 0.3268920183181763
f 16442/44192/16442 12568/44016/12568 29877/44440/29877
f 12593/44171/12593 14495/44397/14495 4155/44401/4155
vt 0.1721680015325546 0.4909929931163788
f 1302/44441/1302 4153/44324/4153 16453/44323/16453
f 10755/44334/10755 7295/44369/7295 14497/44409/14497
vt 0.9983289837837219 0.4383180141448975
f 18506/44396/18506 16458/44370/16458 20599/44442/20599
vt 0.5190980434417725 0.0148084452375770
f 25124/44416/25124 10759/44382/10759 20609/44443/20609
vt 0.2639200687408447 0.9699751734733582
f 29878/44425/29878 20599/44424/20599 22830/44444/22830
vt 0.3231600224971771 0.8249018788337708
f 7292/44100/7292 2693/44307/2693 22831/44445/22831
vt 0.1243105754256248 0.9961066246032715
f 18506/44435/18506 12606/44365/12606 16457/44446/16457
vt 0.4066267311573029 0.0137110361829400
f 27436/44357/27436 10758/44447/10758 1302/44395/1302
f 27436/44357/27436 27443/44390/27443 10758/44447/10758
vt 0.3580814898014069 0.8355119228363037
f 20598/44393/20598 16465/44448/16465 27433/44127/27433
vt 0.8223490118980408 0.1482600122690201
f 1296/44165/1296 25128/44449/25128 18511/44337/18511
vt 0.0635180026292801 0.1355389952659607
f 25121/44371/25121 16459/44330/16459 12605/44450/12605
f 10754/44364/10754 20603/44421/20603 5704/44438/5704
vt 0.8739799857139587 0.6188219785690308
vt 0.8777294158935547 0.6199566721916199
f 2692/44451/2692 1308/44452/1308 5701/44315/5701
vt 0.8784641623497009 0.6148110628128052
f 2692/44451/2692 27437/44453/27437 1308/44452/1308
vt 0.4061998724937439 0.0157767757773399
f 1302/44395/1302 10758/44447/10758 16464/44454/16464
vt 0.9923836588859558 0.5573446750640869
vt 0.9915811419487000 0.5566678047180176
vt 0.9940374493598938 0.5555418133735657
f 27439/44455/27439 20600/44456/20600 27441/44457/27441
f 4154/44358/4154 2695/44432/2695 12609/44428/12609
vt 0.9914768338203430 0.5553326010704041
f 20600/44456/20600 20601/44458/20601 27441/44457/27441
vt 0.1170553117990494 0.9850077033042908
f 12608/44412/12608 22828/44372/22828 10760/44459/10760
f 12606/44365/12606 5704/44438/5704 16457/44446/16457
vt 0.1640441566705704 0.4877932369709015
f 18507/44166/18507 4153/44324/4153 5709/44460/5709
vt 0.5001230239868164 0.5177909731864929
vt 0.4996613264083862 0.5103706717491150
f 18507/44461/18507 5709/44462/5709 10752/44097/10752
vt 0.0170055460184813 0.2572871744632721
vt 0.0191399343311787 0.2588964104652405
vt 0.0149352196604013 0.2590233683586121
f 9011/44463/9011 25129/44464/25129 29879/44465/29879
vt 0.0614034049212933 0.1406077891588211
f 12605/44450/12605 16459/44330/16459 1306/44466/1306
f 7293/44348/7293 5703/44404/5703 9027/44311/9027
vt 0.5783534049987793 0.5361624956130981
f 14493/44354/14493 29875/44313/29875 14496/44467/14496
vt 0.1243259981274605 0.1010729968547821
vt 0.1306129992008209 0.0976710021495819
f 4152/44468/4152 12588/44469/12588 12589/44408/12589
vt 0.4025834202766418 0.0157378390431404
f 1302/44395/1302 16464/44454/16464 4153/44470/4153
f 9009/44243/9009 10753/44353/10753 10757/44333/10757
vt 0.3529208600521088 0.3246336579322815
f 27433/44214/27433 16465/44471/16465 25117/44015/25117
vt 0.9943850636482239 0.5572568178176880
f 25127/44472/25127 27439/44455/27439 27441/44457/27441
vt 0.0201161112636328 0.2590316832065582
f 25129/44464/25129 9011/44463/9011 20608/44473/20608
f 16465/44448/16465 20598/44393/20598 25123/44431/25123
vt 0.4760569930076599 0.2158369719982147
vt 0.4759961068630219 0.2160809636116028
vt 0.4758645296096802 0.2152054309844971
f 20600/44474/20600 27439/44475/27439 20601/44476/20601
f 12591/43980/12591 22829/44419/22829 5705/44109/5705
vt 0.2675775587558746 0.9697769284248352
vt 0.2679902315139771 0.9715737700462341
f 18512/44360/18512 1303/44477/1303 12611/44478/12611
f 18512/44360/18512 12611/44478/12611 22830/44444/22830
vt 0.8234515190124512 0.1494943201541901
f 29881/44350/29881 18511/44337/18511 29887/44479/29887
f 20599/44424/20599 18512/44360/18512 22830/44444/22830
vt 0.4126540124416351 0.0065990001894534
vt 0.4138663411140442 0.0078350966796279
f 27440/44480/27440 22833/44481/22833 27443/44390/27443
vt 0.0131469946354628 0.2567212283611298
f 29879/44465/29879 20605/44482/20605 9011/44463/9011
vt 0.5301654338836670 0.0116130663082004
vt 0.5285611152648926 0.0130746494978666
f 18495/44161/18495 22835/44483/22835 10762/44484/10762
f 7284/43973/7284 25131/44420/25131 9013/44363/9013
vt 0.8259974122047424 0.1390815228223801
f 16462/44267/16462 16476/44485/16476 27446/44345/27446
vt 0.2604400515556335 0.9756650328636169
f 1305/44427/1305 29878/44425/29878 16468/44486/16468
vt 0.0053961584344506 0.9665692448616028
f 1303/44319/1303 29882/44433/29882 12611/44487/12611
f 14493/44354/14493 14496/44467/14496 16463/44355/16463
f 7292/44100/7292 22831/44445/22831 20589/43714/20589
vt 0.5107684731483459 0.8704065680503845
f 5703/44404/5703 29873/44259/29873 9012/44488/9012
f 20602/44439/20602 22829/44419/22829 10750/44287/10750
vt 0.5387840270996094 0.5259002447128296
f 12607/44402/12607 18486/44092/18486 2702/44489/2702
vt 0.2645432054996490 0.9732717871665955
f 29878/44425/29878 22830/44444/22830 22834/44490/22834
f 18495/44161/18495 10762/44484/10762 12612/44351/12612
f 18511/44337/18511 25128/44449/25128 29887/44479/29887
f 16459/44330/16459 25136/44436/25136 1306/44466/1306
f 22828/44372/22828 22832/44391/22832 10760/44459/10760
vt 0.3339341878890991 0.8282148241996765
f 20589/43714/20589 29909/44491/29909 9002/44081/9002
vt 0.5247038602828979 0.0149313537403941
f 14494/44338/14494 12612/44351/12612 2699/44492/2699
vt 0.8229291439056396 0.1314623355865479
f 29872/44164/29872 14483/44163/14483 29895/44493/29895
vt 0.9969308376312256 0.5568404197692871
f 25127/44472/25127 27441/44457/27441 20606/44494/20606
f 20604/44341/20604 12603/44380/12603 25125/44362/25125
vt 0.4058406054973602 0.0190868452191353
f 16464/44454/16464 20607/44495/20607 4153/44470/4153
vt 0.3566521704196930 0.3246017098426819
f 25117/44015/25117 16465/44471/16465 14499/44496/14499
vt 0.5305868387222290 0.0122221969068050
f 22835/44483/22835 4155/44497/4155 10762/44484/10762
vt 0.5532971024513245 0.5259404182434082
f 1304/44301/1304 1307/44386/1307 29893/44498/29893
vt 0.0107415644451976 0.2582126855850220
f 20605/44482/20605 29879/44465/29879 2694/44499/2694
vt 0.9982828497886658 0.5575237274169922
f 25127/44472/25127 20606/44494/20606 12614/44500/12614
vt 0.9940326213836670 0.5592769384384155
f 27439/44455/27439 25127/44472/25127 29886/44501/29886
vt 0.9917960166931152 0.5592073798179626
f 27439/44455/27439 29886/44501/29886 20601/44502/20601
f 4156/44405/4156 12603/44380/12603 22836/44406/22836
vt 0.0167279634624720 0.2625770270824432
f 29879/44465/29879 25129/44464/25129 20611/44503/20611
vt 0.6881818771362305 0.8362861275672913
f 10757/44333/10757 29889/44504/29889 2697/44378/2697
vt 0.6941450834274292 0.8407058119773865
f 10757/44333/10757 14503/44505/14503 29889/44504/29889
vt 0.0159781239926815 0.2542960047721863
f 9011/44463/9011 20605/44482/20605 5707/44506/5707
f 12568/44016/12568 18515/44356/18515 29877/44440/29877
vt 0.8231713771820068 0.1325224936008453
f 12610/44415/12610 18516/44507/18516 16462/44267/16462
vt 0.2173714041709900 0.6056056022644043
vt 0.2138831019401550 0.6031973958015442
vt 0.2166245430707932 0.6030564308166504
f 20605/44508/20605 2694/44509/2694 29885/44510/29885
vt 0.9911202788352966 0.5543356537818909
f 20601/44458/20601 10760/44511/10760 27441/44457/27441
f 9011/44463/9011 5707/44506/5707 20608/44473/20608
vt 0.5295631289482117 0.0134100839495659
f 10762/44484/10762 4155/44497/4155 12615/44512/12615
f 5701/44315/5701 1308/44452/1308 20602/44439/20602
f 12610/44415/12610 29872/44164/29872 29895/44493/29895
f 12610/44415/12610 29895/44493/29895 18516/44507/18516
vt 0.9935259819030762 0.5539190173149109
f 22832/44513/22832 27441/44457/27441 10760/44511/10760
vt 0.9982785582542419 0.5548468828201294
f 22832/44513/22832 10761/44514/10761 27441/44457/27441
vt 0.5586768984794617 0.5267196297645569
f 20595/44331/20595 1304/44301/1304 27448/44515/27448
vt 0.2637951970100403 0.9768521785736084
f 16468/44486/16468 29878/44425/29878 18517/44516/18517
vt 0.2671104967594147 0.9732092022895813
f 22834/44490/22834 22830/44444/22830 29883/44517/29883
vt 0.5145149827003479 0.0126998824998736
f 25124/44416/25124 20609/44443/20609 5702/44518/5702
f 29878/44425/29878 22834/44490/22834 18517/44516/18517
vt 0.0152432611212134 0.2660408914089203
vt 0.0138464346528053 0.2670870423316956
vt 0.0136705590412021 0.2661197781562805
f 27442/44519/27442 29884/44520/29884 14498/44521/14498
vt 0.2157462090253830 0.6016803383827209
f 2694/44509/2694 22839/44522/22839 29885/44510/29885
vt 0.1118449568748474 0.9919099211692810
f 22832/44391/22832 16468/44437/16468 10761/44523/10761
vt 0.5006703138351440 0.8731070756912231
f 2695/44432/2695 9013/44363/9013 2708/44524/2708
f 22830/44444/22830 12611/44478/12611 29883/44517/29883
vt 0.8786174058914185 0.6214717626571655
f 20602/44439/20602 1308/44452/1308 25130/44525/25130
vt 0.2201712429523468 0.6059286594390869
f 20605/44508/20605 29885/44510/29885 5707/44526/5707
vt 0.0179794076830149 0.2654555141925812
vt 0.0192851126194000 0.2639074623584747
vt 0.0207695420831442 0.2659066021442413
f 29880/44527/29880 20610/44528/20610 2696/44529/2696
vt 0.5099231004714966 0.8688603043556213
f 9012/44488/9012 27445/44530/27445 5703/44404/5703
vt 0.0128893340006471 0.2617529630661011
f 29879/44465/29879 20611/44503/20611 10763/44531/10763
vt 0.6974198222160339 0.8381986618041992
f 10757/44333/10757 10753/44353/10753 2698/44532/2698
vt 0.8229380249977112 0.1668606400489807
f 5706/44407/5706 10747/44242/10747 14500/44533/14500
f 29880/44527/29880 27442/44519/27442 20610/44528/20610
f 27442/44519/27442 20611/44503/20611 20610/44528/20610
f 12599/44223/12599 16471/44430/16471 4162/44418/4162
vt 0.5660598278045654 0.5278193950653076
f 20595/44331/20595 4163/44534/4163 20604/44341/20604
vt 0.5745860338211060 0.5310803651809692
f 29875/44313/29875 22836/44406/22836 2705/44535/2705
vt 0.6788278222084045 0.8287508487701416
f 1301/44121/1301 4166/44536/4166 16460/44120/16460
vt 0.5126338005065918 0.5136980414390564
f 29851/43899/29851 10752/44097/10752 20616/44537/20616
f 29851/43899/29851 20616/44537/20616 14504/44373/14504
f 14494/44338/14494 2699/44492/2699 10759/44382/10759
f 5706/44407/5706 14500/44533/14500 18513/44367/18513
vt 0.4855445623397827 0.8779294490814209
f 12605/44349/12605 1306/44538/1306 25131/44420/25131
vt 0.9558765888214111 0.8575295209884644
f 4155/44401/4155 14495/44397/14495 12615/44539/12615
f 25127/44472/25127 12614/44500/12614 29886/44501/29886
vt 0.1447504460811615 0.1168981492519379
f 14497/44409/14497 7295/44369/7295 2704/44540/2704
vt 0.5203952789306641 0.0138660920783877
f 10759/44382/10759 2701/44541/2701 20609/44443/20609
f 20595/44331/20595 27448/44515/27448 4163/44534/4163
f 20589/43714/20589 22831/44445/22831 29909/44491/29909
f 2695/44432/2695 2708/44524/2708 12609/44428/12609
vt 0.9987760186195374 0.5567799806594849
f 20606/44494/20606 22838/44542/22838 12614/44500/12614
vt 0.0113909998908639 0.2606970071792603
f 29879/44465/29879 10763/44531/10763 12613/44543/12613
f 29879/44465/29879 12613/44543/12613 2694/44499/2694
vt 0.1482416540384293 0.1168542355298996
f 22833/44422/22833 14497/44409/14497 14502/44544/14502
f 12603/44380/12603 4163/44534/4163 22836/44406/22836
vt 0.5465477108955383 0.5240671038627625
f 27438/44336/27438 12607/44402/12607 4158/44545/4158
f 12603/44380/12603 20604/44341/20604 4163/44534/4163
vt 0.2097861319780350 0.6000632047653198
vt 0.2095902413129807 0.5990507602691650
vt 0.2110583186149597 0.5987611413002014
f 14498/44546/14498 29884/44547/29884 18518/44548/18518
f 1304/44301/1304 29893/44498/29893 27448/44515/27448
f 22834/44490/22834 29883/44517/29883 18517/44516/18517
vt 0.8241893053054810 0.1533145606517792
f 29881/44350/29881 16466/44549/16466 7285/44110/7285
f 27447/44379/27447 4166/44536/4166 1301/44121/1301
vt 0.0120598804205656 0.2633512914180756
f 27442/44519/27442 14498/44521/14498 18514/44550/18514
vt 0.3996450006961823 0.9942290186882019
vt 0.4003216922283173 0.9959931373596191
vt 0.3986692428588867 0.9944149851799011
f 20606/44551/20606 10761/44552/10761 22838/44553/22838
vt 0.8272640109062195 0.1587170064449310
f 7285/44110/7285 16466/44549/16466 2700/44554/2700
f 7285/44110/7285 2700/44554/2700 22827/44240/22827
vt 0.4164122939109802 0.0096675213426352
vt 0.4153510034084320 0.0134466011077166
f 22833/44481/22833 14502/44555/14502 9015/44556/9015
f 29880/44527/29880 2696/44529/2696 27442/44519/27442
vt 0.2119083553552628 0.6024004220962524
f 14498/44546/14498 18518/44548/18518 18514/44557/18514
vt 0.5044879317283630 0.5097226500511169
f 10752/44097/10752 5709/44462/5709 16467/44558/16467
f 10752/44097/10752 16467/44558/16467 20616/44537/20616
f 20602/44439/20602 25130/44525/25130 22829/44419/22829
f 29875/44313/29875 2705/44535/2705 14496/44467/14496
vt 0.4072923958301544 0.0190204158425331
f 2706/44559/2706 20607/44495/20607 16464/44454/16464
vt 0.9969409704208374 0.5586810111999512
f 12614/44500/12614 14505/44560/14505 29886/44501/29886
vt 0.2182947844266891 0.6005370020866394
f 5707/44526/5707 29885/44510/29885 4157/44561/4157
f 10757/44333/10757 2698/44532/2698 14503/44505/14503
vt 0.4732925891876221 0.2172614336013794
vt 0.4747333228588104 0.2139411866664886
f 20601/44476/20601 29886/44562/29886 9014/44563/9014
f 18486/44092/18486 22844/44283/22844 2702/44489/2702
vt 0.7068066596984863 0.8322702646255493
f 7296/44262/7296 18519/44564/18519 10753/44353/10753
vt 0.5148280262947083 0.0148959998041391
f 5702/44518/5702 20609/44443/20609 22840/44565/22840
vt 0.0197246577590704 0.2619799673557281
f 20608/44473/20608 29890/44566/29890 25129/44464/25129
vt 0.4036970138549805 0.0197909995913506
f 20607/44495/20607 5709/44567/5709 4153/44470/4153
vt 0.3518492579460144 0.3226119279861450
f 16465/44471/16465 25123/44568/25123 14499/44496/14499
vt 0.2697361409664154 0.9712838530540466
vt 0.2696327865123749 0.9746671915054321
vt 0.2681770324707031 0.9710611701011658
f 16457/44569/16457 5715/44570/5715 29882/44571/29882
vt 0.2717170119285583 0.9745709896087646
f 16457/44569/16457 22841/44572/22841 5715/44570/5715
vt 0.5790948867797852 0.5308975577354431
f 14496/44467/14496 14508/44573/14508 16463/44355/16463
f 29883/44517/29883 12611/44478/12611 5715/44570/5715
vt 0.4767569005489349 0.2143384218215942
f 20601/44476/20601 9014/44563/9014 10760/44574/10760
f 27441/44457/27441 10761/44514/10761 20606/44494/20606
vt 0.3607514500617981 0.3249938488006592
f 25117/44015/25117 14499/44496/14499 16470/44575/16470
f 29882/44571/29882 5715/44570/5715 12611/44478/12611
vt 0.9990280270576477 0.5584859848022461
f 12614/44500/12614 2703/44576/2703 14505/44560/14505
vt 0.3963136970996857 0.9953234195709229
vt 0.3987575471401215 0.9931123852729797
f 22838/44553/22838 25132/44577/25132 12614/44578/12614
vt 0.4941950142383575 0.2118950039148331
vt 0.4880110025405884 0.2099349945783615
vt 0.4980295300483704 0.2093728333711624
f 16457/44579/16457 5704/44580/5704 22841/44581/22841
f 10759/44382/10759 2699/44492/2699 2701/44541/2701
vt 0.5127841234207153 0.0140731912106276
f 5702/44518/5702 22840/44565/22840 7297/44582/7297
f 1307/44386/1307 27438/44336/27438 29893/44498/29893
vt 0.4083366096019745 0.0185511354357004
f 10758/44447/10758 14501/44583/14501 16464/44454/16464
vt 0.5360558629035950 0.5227431058883667
vt 0.5379338264465332 0.5238907337188721
f 2702/44489/2702 25134/44584/25134 7298/44585/7298
f 25117/44015/25117 16470/44575/16470 18515/44356/18515
vt 0.5808162093162537 0.5304675698280334
f 14508/44573/14508 5720/44586/5720 16463/44355/16463
f 12607/44402/12607 2702/44489/2702 4158/44545/4158
vt 0.2167695462703705 0.5991805791854858
f 22839/44522/22839 27444/44587/27444 29885/44510/29885
vt 0.2145311534404755 0.6009054780006409
f 22839/44522/22839 2694/44509/2694 12613/44588/12613
vt 0.8257812857627869 0.1346694529056549
f 18516/44507/18516 10766/44589/10766 16462/44267/16462
vt 0.5843501091003418 0.5331658720970154
f 16463/44355/16463 18519/44590/18519 7296/44394/7296
f 2706/44559/2706 16464/44454/16464 14501/44583/14501
vt 0.4764172434806824 0.2099801003932953
f 10760/44574/10760 9014/44563/9014 9026/44591/9026
vt 0.4777230024337769 0.2113759964704514
f 10760/44574/10760 9026/44591/9026 12608/44592/12608
f 25129/44464/25129 29890/44566/29890 20610/44528/20610
f 2697/44378/2697 29889/44504/29889 22837/44322/22837
vt 0.1217020004987717 0.9832860231399536
f 12608/44412/12608 16469/44593/16469 20603/44421/20603
f 7295/44369/7295 22826/44153/22826 2704/44540/2704
f 22833/44481/22833 9015/44556/9015 27443/44390/27443
f 22839/44522/22839 12613/44588/12613 27444/44587/27444
vt 0.0157487597316504 0.2704472243785858
f 27442/44519/27442 2696/44529/2696 5713/44594/5713
f 27442/44519/27442 5713/44594/5713 29884/44520/29884
f 29873/44259/29873 12609/44428/12609 9012/44488/9012
f 2702/44489/2702 22844/44283/22844 25134/44584/25134
vt 0.8240564465522766 0.1686204373836517
f 14500/44533/14500 22842/44595/22842 18513/44367/18513
vt 0.3977645933628082 0.9956088066101074
f 22838/44553/22838 5710/44596/5710 25132/44577/25132
vt 0.1471508592367172 0.1150207519531250
f 14497/44409/14497 9025/44597/9025 14502/44544/14502
f 22838/44553/22838 10761/44552/10761 5710/44596/5710
vt 0.0333472527563572 0.8341862559318542
f 25126/44277/25126 18513/44410/18513 10765/44598/10765
f 25129/44464/25129 20610/44528/20610 20611/44503/20611
vt 0.4725753962993622 0.2129580378532410
f 9014/44563/9014 29886/44562/29886 9017/44599/9017
vt 0.3605697154998779 0.3223275244235992
f 14499/44496/14499 25123/44568/25123 16474/44600/16474
f 29885/44510/29885 27444/44587/27444 4157/44561/4157
vt 0.4130980968475342 0.0161469839513302
f 10758/44447/10758 27443/44390/27443 27450/44601/27450
f 10758/44447/10758 27450/44601/27450 14501/44583/14501
vt 0.3942862153053284 0.3311673998832703
f 14483/44273/14483 1297/44272/1297 20618/44602/20618
vt 0.8237640261650085 0.1296509951353073
f 14483/44163/14483 20618/44603/20618 29895/44493/29895
f 16470/44575/16470 14499/44496/14499 16474/44600/16474
f 2702/44489/2702 7298/44585/7298 4158/44545/4158
vt 0.3957536220550537 0.9926767945289612
f 12614/44578/12614 25132/44577/25132 2703/44604/2703
vt 0.0227972809225321 0.2598662078380585
f 5707/44506/5707 14507/44605/14507 20608/44473/20608
vt 0.2106137275695801 0.5955404639244080
f 29884/44547/29884 5713/44606/5713 18518/44548/18518
vt 0.1106949970126152 0.9944869875907898
f 16468/44437/16468 18517/44607/18517 10761/44523/10761
f 27442/44519/27442 18514/44550/18514 20611/44503/20611
f 29881/44350/29881 29887/44479/29887 16466/44549/16466
f 16463/44355/16463 5720/44586/5720 18519/44590/18519
vt 0.3643202781677246 0.3252696394920349
f 29877/44440/29877 18515/44356/18515 9019/44608/9019
vt 0.2132354527711868 0.5985103845596313
f 18518/44548/18518 4159/44609/4159 18514/44557/18514
vt 0.3955750763416290 0.9968267679214478
f 5710/44596/5710 9016/44610/9016 25132/44577/25132
vt 0.8858872652053833 0.6312299966812134
f 22819/44113/22819 5705/44109/5705 22855/44611/22855
vt 0.8888030052185059 0.6353830099105835
f 22819/44113/22819 22855/44611/22855 5708/44612/5708
vt 0.3191098570823669 0.8164867162704468
f 22819/44434/22819 5708/44613/5708 2693/44307/2693
vt 0.8257949352264404 0.1508741676807404
f 29887/44479/29887 10776/44614/10776 16466/44549/16466
vt 0.5277822613716125 0.0148291019722819
f 12615/44512/12615 9021/44615/9021 10762/44484/10762
f 14508/44573/14508 14496/44467/14496 2705/44535/2705
vt 0.2987340092658997 0.1003850027918816
vt 0.2971692383289337 0.1014211252331734
vt 0.2988230586051941 0.0976389721035957
f 20607/44616/20607 2706/44617/2706 5709/44618/5709
vt 0.5264400243759155 0.0147304506972432
f 12612/44351/12612 10762/44484/10762 5712/44619/5712
f 18515/44356/18515 16470/44575/16470 9019/44608/9019
f 14497/44409/14497 2704/44540/2704 9025/44597/9025
vt 0.4965671598911285 0.8722063899040222
f 9013/44363/9013 16472/44620/16472 2708/44524/2708
f 5703/44404/5703 27445/44530/27445 9027/44311/9027
vt 0.2540455758571625 0.0456170104444027
vt 0.2548153996467590 0.0453532636165619
vt 0.2551195025444031 0.0476761870086193
f 20609/44621/20609 9020/44622/9020 22840/44623/22840
f 20610/44528/20610 29890/44566/29890 2696/44529/2696
f 27438/44336/27438 4158/44545/4158 29893/44498/29893
vt 0.8804093003273010 0.6184198260307312
f 1308/44452/1308 2707/44624/2707 25130/44525/25130
vt 0.5048907995223999 0.8687928915023804
f 12609/44428/12609 9018/44625/9018 9012/44488/9012
vt 0.2533119916915894 0.0502320006489754
vt 0.2565027177333832 0.0483192987740040
f 7297/44626/7297 22840/44623/22840 2711/44627/2711
vt 0.2543926537036896 0.0515444576740265
f 7297/44626/7297 2711/44627/2711 16471/44628/16471
vt 0.2937279045581818 0.0998568236827850
f 2706/44617/2706 9022/44629/9022 5709/44618/5709
vt 0.7062476277351379 0.8355363607406616
f 10753/44353/10753 18519/44564/18519 20617/44630/20617
vt 0.4812909960746765 0.2100560069084167
vt 0.4791254997253418 0.2096472233533859
vt 0.4815136492252350 0.2086776793003082
f 20603/44631/20603 16469/44632/16469 12617/44633/12617
f 25131/44420/25131 1306/44538/1306 9013/44363/9013
f 10762/44484/10762 9021/44615/9021 5712/44619/5712
vt 0.2138794213533401 0.5979571342468262
vt 0.2155232131481171 0.5971951484680176
f 4159/44609/4159 29892/44634/29892 20612/44635/20612
vt 0.2965139150619507 0.1026327461004257
f 2706/44617/2706 14501/44636/14501 9022/44629/9022
f 4159/44609/4159 20612/44635/20612 18514/44557/18514
vt 0.8809812068939209 0.6209102272987366
f 25130/44525/25130 12616/44637/12616 22829/44419/22829
vt 0.4956739246845245 0.8691712617874146
f 2708/44524/2708 9024/44638/9024 12609/44428/12609
vt 0.3980956077575684 0.9972662329673767
f 10761/44552/10761 18517/44639/18517 5710/44596/5710
vt 0.5344099998474121 0.5204706192016602
f 25134/44584/25134 9023/44640/9023 7298/44585/7298
f 9012/44488/9012 9018/44625/9018 27445/44530/27445
vt 0.4175186455249786 0.0133474739268422
f 9015/44556/9015 14502/44555/14502 7301/44641/7301
vt 0.2153226733207703 0.5942062735557556
f 4159/44609/4159 18518/44548/18518 7299/44642/7299
vt 0.4825765490531921 0.2097034007310867
vt 0.4859362840652466 0.2069365680217743
f 20603/44643/20603 9031/44644/9031 5704/44580/5704
vt 0.0318922922015190 0.8359539508819580
f 18513/44410/18513 22842/44645/22842 10765/44598/10765
f 18514/44550/18514 10763/44531/10763 20611/44503/20611
f 1296/44165/1296 27446/44345/27446 25128/44449/25128
f 14492/44296/14492 25126/44277/25126 10765/44598/10765
vt 0.8825526833534241 0.6258065700531006
f 22829/44419/22829 12616/44637/12616 25133/44646/25133
vt 0.5217725038528442 0.0170703846961260
f 2701/44541/2701 2699/44492/2699 5711/44647/5711
f 5710/44596/5710 18517/44639/18517 9016/44610/9016
vt 0.2673769593238831 0.9758666753768921
f 29883/44517/29883 5715/44570/5715 29891/44648/29891
f 2708/44524/2708 16472/44620/16472 9024/44638/9024
f 20603/44643/20603 12617/44633/12617 9031/44644/9031
vt 0.5184397697448730 0.0154267642647028
f 20609/44443/20609 2701/44541/2701 9020/44649/9020
vt 0.8809403181076050 0.6195290684700012
f 25130/44525/25130 5717/44650/5717 12616/44637/12616
f 12612/44351/12612 5712/44619/5712 2699/44492/2699
vt 0.2521589994430542 0.0345470011234283
vt 0.2559601068496704 0.0341711007058620
vt 0.2536261379718781 0.0363082475960255
f 12615/44651/12615 14495/44652/14495 9021/44653/9021
f 18518/44548/18518 5713/44606/5713 7299/44642/7299
vt 0.3683308064937592 0.3257285952568054
f 29877/44440/29877 9019/44608/9019 27449/44654/27449
f 29883/44517/29883 29891/44648/29891 18517/44516/18517
vt 0.4936794638633728 0.2077033519744873
f 5704/44580/5704 20623/44655/20623 22841/44581/22841
f 5704/44580/5704 9031/44644/9031 20623/44655/20623
f 22836/44406/22836 4163/44534/4163 2705/44535/2705
f 22844/44283/22844 9023/44640/9023 25134/44584/25134
vt 0.2559163570404053 0.0472445264458656
f 9020/44622/9020 4161/44656/4161 22840/44623/22840
f 9015/44556/9015 27450/44601/27450 27443/44390/27443
vt 0.4868487417697906 0.8722437620162964
f 1306/44538/1306 20614/44657/20614 9013/44363/9013
f 22837/44322/22837 29889/44504/29889 27447/44379/27447
vt 0.2670735418796539 0.9777227044105530
f 18517/44516/18517 29891/44648/29891 9016/44658/9016
vt 0.8821825385093689 0.6285558342933655
f 5705/44109/5705 22829/44419/22829 4160/44659/4160
vt 0.3427879810333252 0.8228586316108704
f 25123/44431/25123 9002/44081/9002 4165/44660/4165
vt 0.3536445498466492 0.8272796869277954
f 25123/44431/25123 4165/44660/4165 20628/44661/20628
f 4159/44609/4159 7299/44642/7299 29892/44634/29892
vt 0.5836930274963379 0.1014430001378059
f 18509/44101/18509 12604/44204/12604 25135/44662/25135
f 18514/44557/18514 20612/44635/20612 12613/44588/12613
vt 0.4817266762256622 0.2068658173084259
f 12617/44633/12617 29897/44663/29897 9031/44644/9031
vt 0.1465451419353485 0.1104604303836823
f 25122/44377/25122 12621/44664/12621 22826/44153/22826
vt 0.1409518867731094 0.1019560694694519
f 12588/44469/12588 16481/44665/16481 12589/44408/12589
f 18524/44368/18524 14492/44296/14492 10765/44598/10765
vt 0.4187120497226715 0.0090215979143977
vt 0.4192756712436676 0.0103532960638404
f 14502/44555/14502 9025/44666/9025 29898/44667/29898
vt 0.2899616062641144 0.0983137860894203
vt 0.2947613894939423 0.0964561775326729
f 9022/44629/9022 16477/44668/16477 16467/44669/16467
f 9022/44629/9022 16467/44669/16467 5709/44618/5709
f 25130/44525/25130 2707/44624/2707 5717/44650/5717
vt 0.7028965950012207 0.8421151638031006
f 2698/44532/2698 10753/44353/10753 10772/44670/10772
f 9019/44608/9019 16470/44575/16470 16474/44600/16474
f 27449/44654/27449 9019/44608/9019 16474/44600/16474
f 9014/44563/9014 9017/44599/9017 9026/44591/9026
vt 0.4781550168991089 0.2077346295118332
f 12617/44633/12617 7300/44671/7300 29897/44663/29897
f 29892/44634/29892 7299/44642/7299 20612/44635/20612
vt 0.2575111985206604 0.0522114299237728
f 16471/44628/16471 2711/44627/2711 25137/44672/25137
vt 0.1200990006327629 0.9819769859313965
f 12608/44412/12608 9026/44673/9026 16469/44593/16469
vt 0.3719311952590942 0.3258222043514252
f 29877/44440/29877 27449/44654/27449 5716/44674/5716
f 29877/44440/29877 5716/44674/5716 16442/44192/16442
f 2701/44541/2701 5711/44647/5711 9020/44649/9020
f 2704/44540/2704 22826/44153/22826 12621/44664/12621
f 2704/44540/2704 12621/44664/12621 9025/44597/9025
vt 0.4684945046901703 0.2115161567926407
f 9017/44599/9017 29886/44562/29886 27468/44675/27468
f 20608/44473/20608 14507/44605/14507 29890/44566/29890
vt 0.5089162588119507 0.5098814964294434
f 16467/44558/16467 18522/44676/18522 20616/44537/20616
vt 0.5006104707717896 0.8678598999977112
f 12609/44428/12609 9024/44638/9024 29894/44677/29894
f 12609/44428/12609 29894/44677/29894 9018/44625/9018
f 25128/44449/25128 27446/44345/27446 29887/44479/29887
vt 0.4830090105533600 0.8759199976921082
f 1306/44538/1306 20613/44678/20613 20614/44657/20614
vt 0.2130330801010132 0.6029359102249146
f 10763/44679/10763 18514/44557/18514 12613/44588/12613
vt 0.4927051365375519 0.8713649511337280
f 16472/44620/16472 9013/44363/9013 4164/44680/4164
f 12617/44633/12617 16469/44632/16469 7300/44671/7300
vt 0.2561984360218048 0.0421730130910873
f 9020/44622/9020 5711/44681/5711 4161/44656/4161
vt 0.3736827075481415 0.3237438797950745
f 27449/44654/27449 16474/44600/16474 14513/44682/14513
vt 0.8802241086959839 0.6161563992500305
f 27437/44453/27437 16475/44683/16475 1308/44452/1308
vt 0.2251057922840118 0.5985512137413025
f 4157/44561/4157 29913/44684/29913 5707/44526/5707
vt 0.2949222624301910 0.1113938987255096
vt 0.2902877032756805 0.1124058812856674
vt 0.2901868522167206 0.1100216954946518
f 9015/44685/9015 10771/44686/10771 14511/44687/14511
vt 0.2946979105472565 0.1135656237602234
f 9015/44685/9015 7301/44688/7301 10771/44686/10771
vt 0.5835211873054504 0.1113829836249352
f 18509/44101/18509 1313/44689/1313 27437/44375/27437
f 16462/44267/16462 10766/44589/10766 16476/44485/16476
vt 0.6692208647727966 0.8259211182594299
f 16460/44120/16460 4166/44536/4166 7314/44690/7314
vt 0.2952018082141876 0.1084505245089531
f 9015/44685/9015 14511/44687/14511 27450/44691/27450
vt 0.5244958996772766 0.0159714724868536
f 2699/44492/2699 5712/44619/5712 27454/44692/27454
vt 0.4693806469440460 0.2210022211074829
f 29886/44562/29886 14505/44693/14505 27468/44675/27468
vt 0.0578587092459202 0.1452119499444962
f 1306/44466/1306 25136/44436/25136 20613/44694/20613
vt 0.6997060775756836 0.8420754671096802
f 2698/44532/2698 22843/44695/22843 14503/44505/14503
f 12589/44408/12589 16481/44665/16481 25122/44377/25122
f 16472/44620/16472 4164/44680/4164 9024/44638/9024
vt 0.5254502892494202 0.0164641998708248
f 9021/44615/9021 10764/44696/10764 5712/44619/5712
vt 0.2553699910640717 0.0532450005412102
f 16471/44628/16471 25137/44672/25137 4162/44697/4162
vt 0.5832442045211792 0.5306278467178345
f 18519/44590/18519 5720/44586/5720 25140/44698/25140
vt 0.3938665986061096 0.9945749044418335
f 9016/44610/9016 18521/44699/18521 25132/44577/25132
vt 0.2682376503944397 0.9799489974975586
f 9016/44658/9016 29891/44648/29891 18521/44700/18521
vt 0.5038155913352966 0.8673847913742065
f 27445/44530/27445 9018/44625/9018 27459/44701/27459
vt 0.9326332211494446 0.3308501243591309
vt 0.9336341619491577 0.3352845609188080
vt 0.9299487471580505 0.3347552120685577
f 12616/44702/12616 5714/44703/5714 25133/44704/25133
f 14502/44555/14502 29898/44667/29898 7301/44641/7301
f 22840/44623/22840 4161/44656/4161 2711/44627/2711
vt 0.5321493148803711 0.5184770226478577
f 9023/44640/9023 22844/44283/22844 16473/44705/16473
f 2698/44532/2698 10772/44670/10772 22843/44695/22843
vt 0.8268908858299255 0.1438438892364502
f 27446/44345/27446 18520/44706/18520 29887/44479/29887
f 27446/44345/27446 16476/44485/16476 18520/44706/18520
vt 0.2709988057613373 0.9780552983283997
f 29891/44648/29891 5715/44570/5715 18523/44707/18523
vt 0.4203727543354034 0.0132675534114242
f 7301/44641/7301 29898/44667/29898 16486/44708/16486
vt 0.2452089935541153 0.1136429980397224
vt 0.2335168719291687 0.1077397987246513
f 12604/44203/12604 9027/44709/9027 25135/44710/25135
vt 0.0702359974384308 0.1593180000782013
vt 0.0666801035404205 0.1576320976018906
f 4162/44418/4162 25137/44711/25137 14506/44712/14506
f 27444/44587/27444 12613/44588/12613 20612/44635/20612
f 25132/44577/25132 18521/44699/18521 2703/44604/2703
f 14501/44636/14501 27450/44691/27450 9022/44629/9022
vt 0.2555420100688934 0.0387800000607967
f 9021/44653/9021 14495/44652/14495 10764/44713/10764
f 5712/44619/5712 10764/44696/10764 27454/44692/27454
vt 0.8277339339256287 0.1467156261205673
f 29887/44479/29887 18520/44706/18520 16478/44714/16478
vt 0.2880734801292419 0.0994076207280159
f 9022/44629/9022 27450/44691/27450 27451/44715/27451
vt 0.8260387182235718 0.1658493876457214
f 10747/44242/10747 22827/44240/22827 14509/44716/14509
f 2693/44307/2693 5708/44613/5708 22831/44445/22831
vt 0.6992830038070679 0.8422840237617493
f 22843/44695/22843 27452/44717/27452 14503/44505/14503
vt 0.5650845170021057 0.5222786068916321
f 4163/44534/4163 27448/44515/27448 10767/44718/10767
vt 0.0621212534606457 0.1532648950815201
f 4162/44418/4162 12619/44719/12619 25136/44436/25136
f 4162/44418/4162 14506/44712/14506 12619/44719/12619
f 22841/44572/22841 18523/44707/18523 5715/44570/5715
vt 0.2919250130653381 0.0952190011739731
f 16477/44668/16477 18522/44720/18522 16467/44669/16467
f 27445/44530/27445 27459/44701/27459 9027/44311/9027
vt 0.3756972253322601 0.3260687589645386
f 5716/44674/5716 16480/44721/16480 16442/44192/16442
vt 0.4888716936111450 0.8707721829414368
f 4164/44680/4164 9013/44363/9013 27456/44722/27456
vt 0.8832767605781555 0.6264203786849976
f 4160/44659/4160 22829/44419/22829 27453/44723/27453
vt 0.5736489295959473 0.5209168195724487
f 2705/44535/2705 4163/44534/4163 20615/44724/20615
f 7300/44671/7300 16469/44632/16469 9026/44591/9026
f 9022/44629/9022 27451/44715/27451 16477/44668/16477
vt 0.6891024708747864 0.1828806102275848
vt 0.6914787292480469 0.1820061653852463
vt 0.6914111971855164 0.1846542060375214
f 18516/44725/18516 14510/44726/14510 10766/44727/10766
vt 0.0182827208191156 0.2718483507633209
f 5713/44594/5713 2696/44529/2696 2710/44728/2710
vt 0.6884914636611938 0.1817830353975296
f 18516/44725/18516 29895/44729/29895 14510/44726/14510
f 5716/44674/5716 27449/44654/27449 14513/44682/14513
vt 0.5844609737396240 0.1051219999790192
f 18509/44101/18509 25135/44662/25135 29896/44730/29896
f 18509/44101/18509 29896/44730/29896 1313/44689/1313
vt 0.8260776400566101 0.1677366495132446
f 14500/44533/14500 10747/44242/10747 1310/44731/1310
vt 0.5404346585273743 0.5141552686691284
f 7298/44585/7298 9023/44640/9023 5724/44732/5724
f 7298/44585/7298 5724/44732/5724 4158/44545/4158
vt 0.0258454084396362 0.2666296958923340
f 2696/44529/2696 29890/44566/29890 7309/44733/7309
vt 0.2878414690494537 0.0961758121848106
f 16477/44668/16477 16479/44734/16479 18522/44720/18522
f 16442/44192/16442 16480/44721/16480 29858/44298/29858
vt 0.2574119865894318 0.0503233186900616
f 2711/44627/2711 5718/44735/5718 25137/44672/25137
vt 0.0225840006023645 0.2534390091896057
f 14507/44605/14507 5707/44506/5707 20627/44736/20627
f 9013/44363/9013 20614/44657/20614 27456/44722/27456
vt 0.1899929940700531 0.3320580124855042
vt 0.1910264939069748 0.3402199149131775
vt 0.1871839612722397 0.3441508114337921
f 4158/44737/4158 5724/44738/5724 2709/44739/2709
vt 0.1851029992103577 0.3322660028934479
f 4158/44737/4158 2709/44739/2709 29893/44740/29893
f 29891/44648/29891 18523/44707/18523 18521/44700/18521
vt 0.0251867268234491 0.2700208425521851
f 2696/44529/2696 27465/44741/27465 2710/44728/2710
vt 0.8601278066635132 0.6870238780975342
f 27416/43960/27416 7303/44234/7303 7302/44742/7302
vt 0.8275910019874573 0.1407008469104767
f 18520/44706/18520 16476/44485/16476 22846/44743/22846
f 22829/44419/22829 25133/44646/25133 27453/44723/27453
vt 0.5300331711769104 0.5163539648056030
f 16473/44705/16473 22844/44283/22844 27455/44744/27455
vt 0.2870838642120361 0.0972782596945763
f 16477/44668/16477 25138/44745/25138 16479/44734/16479
f 25136/44436/25136 12619/44719/12619 20613/44694/20613
vt 0.5229827165603638 0.0169537290930748
f 5711/44647/5711 2699/44492/2699 25139/44746/25139
vt 0.2108239978551865 0.5939069986343384
f 5713/44606/5713 2710/44747/2710 7299/44642/7299
f 14500/44533/14500 1310/44731/1310 22842/44595/22842
f 16480/44721/16480 5716/44674/5716 14513/44682/14513
f 2699/44492/2699 27454/44692/27454 25139/44746/25139
vt 0.6859381198883057 0.8404300808906555
f 14503/44505/14503 29904/44748/29904 29889/44504/29889
vt 0.4834926426410675 0.2038599401712418
f 29897/44663/29897 7307/44749/7307 9031/44644/9031
vt 0.7241740226745605 0.2101670056581497
vt 0.7241979837417603 0.2010674029588699
vt 0.7247710227966309 0.2057899981737137
f 22827/44750/22827 2700/44751/2700 1309/44752/1309
vt 0.8275370001792908 0.1643870025873184
f 22827/44240/22827 1309/44753/1309 14509/44716/14509
vt 0.5857452154159546 0.5300135612487793
f 18519/44590/18519 25140/44698/25140 20617/44754/20617
f 4164/44680/4164 27456/44722/27456 9024/44638/9024
vt 0.8827351927757263 0.6182857751846313
f 5717/44650/5717 10768/44755/10768 12616/44637/12616
vt 0.4208313524723053 0.0097737396135926
f 9025/44666/9025 12621/44756/12621 29898/44667/29898
vt 0.5148429870605469 0.5093696117401123
f 20616/44537/20616 18522/44676/18522 22848/44757/22848
vt 0.2211247384548187 0.5967791080474854
f 27444/44587/27444 20612/44635/20612 20626/44758/20626
f 27444/44587/27444 20626/44758/20626 4157/44561/4157
vt 0.8192120194435120 0.9376599788665771
vt 0.8193018436431885 0.9410371184349060
vt 0.8159725666046143 0.9408836364746094
f 14503/44759/14503 27452/44760/27452 7313/44761/7313
vt 0.7064251303672791 0.8384307622909546
f 10753/44353/10753 20617/44630/20617 7304/44762/7304
f 10753/44353/10753 7304/44762/7304 10772/44670/10772
f 27455/44744/27455 22844/44283/22844 14504/44373/14504
f 29887/44479/29887 16478/44714/16478 10776/44614/10776
vt 0.8828703165054321 0.6175065040588379
f 5717/44650/5717 12618/44763/12618 10768/44755/10768
f 5717/44650/5717 2707/44624/2707 12618/44763/12618
f 10747/44242/10747 14509/44716/14509 1310/44731/1310
f 29894/44677/29894 27459/44701/27459 9018/44625/9018
vt 0.2578430175781250 0.0447201021015644
vt 0.2592046558856964 0.0460062734782696
f 4161/44656/4161 12623/44764/12623 1315/44765/1315
f 4161/44656/4161 1315/44765/1315 2711/44627/2711
f 16473/44705/16473 27455/44744/27455 9023/44640/9023
vt 0.5827187299728394 0.5289838314056396
f 25140/44698/25140 5720/44586/5720 12620/44766/12620
f 16477/44668/16477 27451/44715/27451 25138/44745/25138
vt 0.6605633497238159 0.8244450092315674
vt 0.6524167060852051 0.8168591856956482
f 29888/44385/29888 27469/44767/27469 14495/44768/14495
vt 0.2584357261657715 0.0524085983633995
f 25137/44672/25137 5718/44735/5718 5719/44769/5719
vt 0.2928707897663116 0.1161216795444489
f 7301/44688/7301 16486/44770/16486 10771/44686/10771
f 29897/44663/29897 7300/44671/7300 7307/44749/7307
f 14508/44573/14508 2705/44535/2705 5720/44586/5720
vt 0.1809403002262115 0.3453603684902191
f 29893/44740/29893 2709/44739/2709 27485/44771/27485
vt 0.1803880035877228 0.3322840034961700
f 29893/44740/29893 27485/44771/27485 27448/44772/27448
f 27416/43960/27416 7302/44742/7302 12588/44156/12588
vt 0.5241812467575073 0.0173486340790987
f 27454/44692/27454 10764/44696/10764 20621/44773/20621
vt 0.2852353453636169 0.0983607098460197
f 25138/44745/25138 27451/44715/27451 22847/44774/22847
vt 0.2240930944681168 0.6035741567611694
f 5707/44526/5707 29913/44684/29913 20627/44775/20627
vt 0.4856637418270111 0.8703821897506714
f 20614/44657/20614 25142/44776/25142 27456/44722/27456
vt 0.5117334723472595 0.5057292580604553
vt 0.5143687129020691 0.5063337087631226
vt 0.5108075141906738 0.5066253542900085
f 25138/44777/25138 27458/44778/27458 16479/44779/16479
f 2705/44535/2705 20615/44724/20615 5720/44586/5720
vt 0.2161065638065338 0.5893876552581787
f 7299/44642/7299 2710/44747/2710 27470/44780/27470
f 9002/44081/9002 29909/44491/29909 4165/44660/4165
vt 0.4973085224628448 0.8669220209121704
f 29894/44677/29894 9024/44638/9024 20619/44781/20619
vt 0.4850260019302368 0.8706120252609253
f 20614/44657/20614 20613/44782/20613 25142/44776/25142
f 9023/44640/9023 27455/44744/27455 5724/44732/5724
vt 0.9295673966407776 0.3360285162925720
vt 0.9327256679534912 0.3362888991832733
f 27453/44783/27453 25133/44704/25133 16485/44784/16485
vt 0.3795652687549591 0.3267114162445068
f 16480/44721/16480 5721/44785/5721 29858/44298/29858
vt 0.2834326922893524 0.1043261215090752
f 14511/44687/14511 14515/44786/14515 27450/44691/27450
vt 0.1747490018606186 0.3356179893016815
f 27448/44772/27448 27485/44771/27485 10767/44787/10767
vt 0.2585188746452332 0.0548868626356125
f 25137/44672/25137 5719/44769/5719 14506/44788/14506
vt 0.6937190294265747 0.1864220052957535
vt 0.6977686882019043 0.1871290355920792
f 16476/44789/16476 10766/44727/10766 22846/44790/22846
f 5705/44109/5705 4160/44659/4160 22855/44611/22855
vt 0.6905023455619812 0.1806136816740036
f 29895/44729/29895 14514/44791/14514 14510/44726/14510
vt 0.6880677342414856 0.1811833977699280
f 29895/44729/29895 20618/44792/20618 14514/44791/14514
vt 0.5854430794715881 0.5286779403686523
f 25141/44793/25141 25140/44698/25140 12620/44766/12620
f 27454/44692/27454 20621/44773/20621 25139/44746/25139
vt 0.2594587206840515 0.0505381859838963
f 5719/44769/5719 5718/44735/5718 10769/44794/10769
f 16460/44120/16460 7314/44690/7314 29888/44385/29888
f 25140/44698/25140 25141/44793/25141 20617/44754/20617
vt 0.3911990225315094 0.9930289387702942
f 2703/44604/2703 18521/44699/18521 10773/44795/10773
f 20612/44635/20612 7299/44642/7299 20626/44758/20626
vt 0.8204289078712463 0.9392622709274292
vt 0.8212347030639648 0.9393837451934814
vt 0.8197475671768188 0.9428216814994812
f 22843/44796/22843 10770/44797/10770 7305/44798/7305
f 22843/44796/22843 7305/44798/7305 27452/44760/27452
vt 0.8845170140266418 0.6273069977760315
f 27453/44723/27453 1311/44799/1311 4160/44659/4160
vt 0.8279650211334229 0.1439789980649948
f 18520/44706/18520 22846/44800/22846 16478/44714/16478
vt 0.2579054236412048 0.0430852510035038
f 5711/44681/5711 18529/44801/18529 12623/44764/12623
f 5711/44681/5711 12623/44764/12623 4161/44656/4161
f 16479/44779/16479 27458/44778/27458 22848/44757/22848
f 16479/44779/16479 22848/44757/22848 18522/44676/18522
vt 0.5000486969947815 0.2086050808429718
vt 0.5011634230613708 0.2099775075912476
f 22841/44581/22841 16489/44802/16489 18523/44803/18523
vt 0.2885411977767944 0.1149267032742500
f 10771/44686/10771 16486/44770/16486 10775/44804/10775
vt 0.8119249939918518 0.9456790089607239
vt 0.8126764893531799 0.9452717900276184
vt 0.8146114349365234 0.9461780786514282
f 29890/44805/29890 14507/44806/14507 12625/44807/12625
vt 0.8099738955497742 0.9499695301055908
f 29890/44805/29890 12625/44807/12625 7309/44808/7309
vt 0.2604098320007324 0.0403204336762428
vt 0.2566342353820801 0.0407081134617329
f 10764/44713/10764 27467/44809/27467 20621/44810/20621
f 10764/44713/10764 14495/44652/14495 27467/44809/27467
f 12621/44664/12621 25122/44377/25122 16481/44665/16481
vt 0.2825376987457275 0.1097365170717239
f 14511/44687/14511 10771/44686/10771 22851/44811/22851
vt 0.2838219404220581 0.1075468286871910
f 14511/44687/14511 22851/44811/22851 29900/44812/29900
vt 0.8212419748306274 0.9377840161323547
f 10770/44797/10770 22843/44796/22843 22845/44813/22845
vt 0.3830894529819489 0.3266439437866211
f 29858/44298/29858 5721/44785/5721 7306/44814/7306
vt 0.6946948170661926 0.1840498149394989
f 22846/44790/22846 10766/44727/10766 9029/44815/9029
vt 0.5277348756790161 0.5144136548042297
f 27455/44744/27455 14504/44373/14504 5722/44816/5722
vt 0.5121625065803528 0.5050231814384460
f 25138/44777/25138 22847/44817/22847 27458/44778/27458
f 5718/44735/5718 2711/44627/2711 10769/44794/10769
vt 0.2596631348133087 0.0555010065436363
f 14506/44788/14506 5719/44769/5719 14512/44818/14512
vt 0.4970674812793732 0.8656520843505859
f 29894/44677/29894 20619/44781/20619 29899/44819/29899
f 29894/44677/29894 29899/44819/29899 27459/44701/27459
f 29858/44298/29858 7306/44814/7306 27431/44299/27431
f 1308/44452/1308 16475/44683/16475 2707/44624/2707
vt 0.8273723721504211 0.1678665727376938
f 1310/44731/1310 14509/44716/14509 7307/44820/7307
vt 0.7152037620544434 0.1967214941978455
vt 0.7228903770446777 0.1927022039890289
f 16466/44821/16466 27457/44822/27457 2700/44751/2700
f 5721/44785/5721 16480/44721/16480 14513/44682/14513
vt 0.8822047114372253 0.6163370013237000
f 2707/44624/2707 29902/44823/29902 12618/44763/12618
vt 0.4851247668266296 0.8675945997238159
f 25142/44776/25142 10774/44824/10774 27456/44722/27456
f 2711/44627/2711 1315/44765/1315 10769/44794/10769
vt 0.0579074509441853 0.1503967642784119
f 20613/44694/20613 12619/44719/12619 25145/44825/25145
vt 0.3872821927070618 0.3274694085121155
f 27431/44299/27431 7306/44814/7306 27461/44826/27461
f 14511/44687/14511 29900/44812/29900 14515/44786/14515
vt 0.9318213462829590 0.3375913798809052
f 27453/44783/27453 16485/44784/16485 1311/44827/1311
vt 0.5151597857475281 0.5052828788757324
f 27458/44778/27458 22847/44817/22847 1314/44828/1314
vt 0.4876550137996674 0.2036760002374649
f 7307/44749/7307 14509/44829/14509 9031/44644/9031
f 10766/44727/10766 14510/44726/14510 9029/44815/9029
vt 0.2712084650993347 0.9821268320083618
f 18521/44700/18521 18523/44707/18523 20629/44830/20629
vt 0.3905389904975891 0.9960449934005737
f 18521/44699/18521 20629/44831/20629 10773/44795/10773
f 2696/44529/2696 7309/44733/7309 27465/44741/27465
vt 0.0555278360843658 0.1472765356302261
f 25142/44832/25142 20613/44694/20613 25145/44825/25145
vt 0.0633653551340103 0.1564397364854813
f 14506/44712/14506 14512/44833/14512 12619/44719/12619
f 20616/44537/20616 22848/44757/22848 14504/44373/14504
vt 0.7066553831100464 0.8370218873023987
f 20617/44630/20617 25141/44834/25141 7304/44762/7304
vt 0.9947022199630737 0.7053322792053223
vt 0.9947599768638611 0.7039170265197754
vt 0.9964996576309204 0.7051126956939697
f 10770/44835/10770 16483/44836/16483 9030/44837/9030
vt 0.3520890474319458 0.3151951134204865
f 25123/44568/25123 20628/44838/20628 16474/44600/16474
vt 0.5246304869651794 0.5119269490242004
f 14504/44373/14504 20622/44839/20622 5722/44816/5722
f 4157/44561/4157 20626/44758/20626 29913/44684/29913
f 27450/44691/27450 14515/44786/14515 27451/44715/27451
vt 0.4694345593452454 0.2080330848693848
f 9026/44591/9026 14519/44840/14519 7300/44671/7300
vt 0.2562114000320435 0.0413152314722538
f 5711/44681/5711 25139/44841/25139 18529/44801/18529
vt 0.9384342432022095 0.3298830389976501
vt 0.9364622235298157 0.3295438289642334
vt 0.9373311996459961 0.3277848660945892
f 7310/44842/7310 12618/44843/12618 29902/44844/29902
vt 0.9355653524398804 0.3307479321956635
f 12618/44843/12618 7310/44842/7310 10768/44845/10768
vt 0.4987959265708923 0.8621942400932312
f 27459/44701/27459 9028/44846/9028 9027/44311/9027
vt 0.2600937485694885 0.0545807443559170
f 14512/44818/14512 5719/44769/5719 18525/44847/18525
vt 0.8842799663543701 0.6285226941108704
f 4160/44659/4160 1311/44799/1311 25144/44848/25144
f 5719/44769/5719 10769/44794/10769 18525/44847/18525
vt 0.4934427142143250 0.2048013359308243
f 14509/44829/14509 1309/44849/1309 9031/44644/9031
vt 0.0612126812338829 0.1539821624755859
f 12619/44719/12619 14512/44833/14512 29901/44850/29901
f 29889/44504/29889 29904/44748/29904 27447/44379/27447
vt 0.3867468535900116 0.3252542912960052
f 5721/44785/5721 14513/44682/14513 16484/44851/16484
f 9017/44599/9017 27468/44675/27468 9026/44591/9026
f 5721/44785/5721 16484/44851/16484 7306/44814/7306
vt 0.6867958307266235 0.8420236706733704
f 29904/44748/29904 14503/44505/14503 1312/44852/1312
vt 0.3911752700805664 0.3283526003360748
f 27461/44826/27461 27460/44853/27460 27431/44299/27431
vt 0.5177911520004272 0.5073506832122803
f 4167/44854/4167 22848/44757/22848 27458/44778/27458
f 27431/44299/27431 27460/44853/27460 1297/44272/1297
vt 0.0010231968481094 0.2191977649927139
vt 0.0030483137816191 0.2186870574951172
vt 0.0029639999847859 0.2208569943904877
f 10770/44855/10770 9030/44856/9030 20620/44857/20620
f 29901/44850/29901 25145/44825/25145 12619/44719/12619
vt 0.3944073021411896 0.3293400704860687
f 1297/44272/1297 27466/44858/27466 20618/44602/20618
f 1297/44272/1297 27460/44853/27460 27466/44858/27466
vt 0.6886006593704224 0.1789187639951706
f 20618/44792/20618 27466/44859/27466 14514/44791/14514
f 27461/44826/27461 16484/44851/16484 27460/44853/27460
f 4167/44854/4167 27458/44778/27458 1314/44828/1314
vt 0.0623925514519215 0.1567001789808273
f 14512/44833/14512 18525/44860/18525 29901/44850/29901
vt 0.0045150844380260 0.2185864150524139
f 9030/44856/9030 16482/44861/16482 20620/44857/20620
f 5720/44586/5720 20615/44724/20615 12620/44766/12620
f 25133/44704/25133 5714/44703/5714 16485/44784/16485
f 9026/44591/9026 27468/44675/27468 14519/44840/14519
vt 0.4235579967498779 0.0105560002848506
f 29898/44667/29898 12621/44862/12621 16486/44708/16486
vt 0.7025935649871826 0.8435889482498169
f 22843/44695/22843 10772/44670/10772 22845/44863/22845
vt 0.4736034870147705 0.2065319567918777
f 7300/44671/7300 14519/44840/14519 22850/44864/22850
vt 0.4734430313110352 0.2043182700872421
f 7307/44749/7307 7300/44671/7300 4169/44865/4169
vt 0.4823527634143829 0.1982306241989136
f 7307/44749/7307 4169/44865/4169 7308/44866/7308
vt 0.0243340916931629 0.2739059329032898
f 2710/44728/2710 27465/44741/27465 27462/44867/27462
vt 0.2102936357259750 0.5906602144241333
f 2710/44747/2710 27462/44868/27462 27470/44780/27470
vt 0.9390826225280762 0.3318010568618774
f 10768/44845/10768 9033/44869/9033 12616/44702/12616
vt 0.5201106071472168 0.5059139728546143
f 4167/44854/4167 1314/44828/1314 29907/44870/29907
vt 0.9377080202102661 0.3213985264301300
vt 0.9416183829307556 0.3268557190895081
vt 0.9374142885208130 0.3255103230476379
f 27437/44871/27437 27463/44872/27463 16475/44873/16475
vt 0.9442108869552612 0.3228802084922791
f 27437/44871/27437 1313/44874/1313 27463/44872/27463
vt 0.8218677639961243 0.9368617534637451
f 10770/44797/10770 22845/44813/22845 16483/44875/16483
vt 0.8219500780105591 0.9429475665092468
f 7305/44798/7305 10770/44797/10770 27476/44876/27476
vt 0.5204219818115234 0.5081614255905151
f 4167/44854/4167 29907/44870/29907 27464/44877/27464
f 25139/44841/25139 20621/44810/20621 18529/44801/18529
vt 0.8806067109107971 0.6161884665489197
f 2707/44624/2707 16475/44878/16475 29902/44823/29902
vt 0.0598229281604290 0.1554675400257111
f 29901/44850/29901 25143/44879/25143 25145/44825/25145
vt 0.8236322999000549 0.9400833845138550
f 10770/44797/10770 20620/44880/20620 27476/44876/27476
vt 0.9962227344512939 0.7028802633285522
f 16483/44836/16483 22849/44881/22849 9030/44837/9030
vt 0.9956097006797791 0.7027162909507751
f 16483/44836/16483 20620/44882/20620 22849/44881/22849
f 29901/44850/29901 18525/44860/18525 25143/44879/25143
vt 0.7048884630203247 0.8427451252937317
f 10772/44670/10772 22853/44883/22853 22845/44863/22845
f 4167/44854/4167 27464/44877/27464 22848/44757/22848
vt 0.7056926488876343 0.8403615355491638
f 7304/44762/7304 18526/44884/18526 10772/44670/10772
f 4160/44659/4160 25144/44848/25144 22855/44611/22855
f 27460/44853/27460 16484/44851/16484 27466/44858/27466
vt 0.0526252761483192 0.1482085585594177
f 25142/44832/25142 25145/44825/25145 10774/44885/10774
vt 0.8491955399513245 0.6925525665283203
vt 0.8593701124191284 0.6930822730064392
f 16481/44886/16481 12588/44156/12588 2714/44887/2714
vt 0.4924157857894897 0.8661652803421021
f 20619/44781/20619 9024/44638/9024 29903/44888/29903
vt 0.0043537416495383 0.2209591418504715
f 16482/44861/16482 22849/44889/22849 20620/44857/20620
vt 0.5212545990943909 0.5079972147941589
f 27464/44877/27464 29907/44870/29907 14518/44890/14518
f 27461/44826/27461 7306/44814/7306 16484/44851/16484
f 27456/44722/27456 10774/44824/10774 9024/44638/9024
vt 0.9973191618919373 0.7043174505233765
f 9030/44837/9030 22849/44881/22849 16482/44891/16482
f 12588/44156/12588 7302/44742/7302 2714/44887/2714
vt 0.3883743584156036 0.9914515614509583
f 2703/44604/2703 10773/44795/10773 16490/44892/16490
vt 0.3973438739776611 0.9895244836807251
f 2703/44604/2703 16490/44892/16490 14505/44893/14505
vt 0.5869116783142090 0.5264433026313782
vt 0.5866603851318359 0.5270670056343079
vt 0.5859352350234985 0.5248332619667053
f 18526/44894/18526 7304/44895/7304 12624/44896/12624
f 20619/44781/20619 29903/44888/29903 29899/44819/29899
f 27452/44760/27452 7305/44798/7305 7313/44761/7313
f 27451/44715/27451 14515/44786/14515 22847/44774/22847
vt 0.6911069750785828 0.8444949984550476
f 14503/44505/14503 7313/44897/7313 1312/44852/1312
f 27459/44701/27459 29899/44819/29899 9028/44846/9028
vt 0.2835990190505981 0.1135682761669159
f 10771/44686/10771 10775/44804/10775 16488/44898/16488
vt 0.8276551365852356 0.1699207723140717
f 1310/44731/1310 7307/44820/7307 7308/44899/7308
f 1310/44731/1310 7308/44899/7308 22842/44595/22842
vt 0.5244647264480591 0.5098756551742554
f 20622/44839/20622 25147/44900/25147 5722/44816/5722
vt 0.4637970924377441 0.2173446714878082
f 27468/44675/27468 14505/44693/14505 12631/44901/12631
f 7304/44895/7304 25141/44793/25141 12624/44896/12624
f 10768/44845/10768 7310/44842/7310 9033/44869/9033
vt 0.7013043761253357 0.1765888184309006
f 14510/44726/14510 14514/44791/14514 14516/44902/14516
f 14510/44726/14510 14516/44902/14516 9029/44815/9029
f 22846/44790/22846 9029/44815/9029 14516/44902/14516
f 9031/44644/9031 1309/44849/1309 20623/44655/20623
f 10771/44686/10771 16488/44898/16488 22851/44811/22851
f 7299/44642/7299 27470/44780/27470 20626/44758/20626
f 27464/44877/27464 14518/44890/14518 25147/44900/25147
f 27464/44877/27464 25147/44900/25147 20622/44839/20622
f 22848/44757/22848 27464/44877/27464 20622/44839/20622
f 22848/44757/22848 20622/44839/20622 14504/44373/14504
f 12623/44764/12623 18529/44801/18529 1315/44765/1315
f 4163/44534/4163 10767/44718/10767 20615/44724/20615
vt 0.0559151098132133 0.1533352434635162
f 25145/44825/25145 14517/44903/14517 10774/44885/10774
vt 0.7129533290863037 0.1923082768917084
f 16466/44821/16466 10776/44904/10776 27457/44822/27457
vt 0.4884850382804871 0.8658075928688049
f 9024/44638/9024 20624/44905/20624 29903/44888/29903
f 9024/44638/9024 10774/44824/10774 20624/44905/20624
vt 0.2839950025081635 0.0982030034065247
f 22847/44774/22847 14515/44786/14515 1314/44906/1314
f 25141/44793/25141 12620/44766/12620 12624/44896/12624
f 20621/44810/20621 27467/44809/27467 18529/44801/18529
vt 0.8137310147285461 0.9427537322044373
f 14507/44806/14507 20627/44907/20627 12625/44807/12625
vt 0.6714517474174500 0.8355853557586670
f 7314/44690/7314 4166/44536/4166 4168/44908/4168
vt 0.2234807908535004 0.5948473811149597
f 20626/44758/20626 18532/44909/18532 29913/44684/29913
f 10772/44670/10772 18526/44884/18526 22853/44883/22853
f 7300/44671/7300 22850/44864/22850 4169/44865/4169
vt 0.2771854996681213 0.1051881313323975
f 29900/44812/29900 22851/44811/22851 16487/44910/16487
vt 0.8721339106559753 0.6890981197357178
f 7303/44234/7303 5727/44911/5727 7302/44742/7302
vt 0.5026842355728149 0.2095218598842621
f 18523/44803/18523 16489/44802/16489 5723/44912/5723
vt 0.9954291582107544 0.8147693872451782
vt 0.9959071278572083 0.8170971870422363
vt 0.9954128861427307 0.8168810606002808
f 16483/44913/16483 25146/44914/25146 20620/44915/20620
vt 0.0279934890568256 0.8228821754455566
f 10765/44598/10765 18527/44916/18527 18524/44368/18524
vt 0.2619181573390961 0.0549247115850449
vt 0.2614282965660095 0.0576406978070736
f 18525/44847/18525 12622/44917/12622 25143/44918/25143
vt 0.2926439046859741 0.1221904382109642
f 16486/44770/16486 12621/44919/12621 10775/44804/10775
vt 0.4619914591312408 0.2246303558349609
f 14505/44693/14505 16490/44920/16490 12631/44901/12631
vt 0.7045069932937622 0.8442159891128540
f 22845/44863/22845 22853/44883/22853 16483/44921/16483
f 12616/44702/12616 9033/44869/9033 5714/44703/5714
vt 0.8508999943733215 0.6961349844932556
f 16481/44886/16481 2714/44887/2714 7316/44922/7316
vt 0.2897059917449951 0.1298889964818954
vt 0.2795974016189575 0.1186903044581413
f 16481/44923/16481 7316/44924/7316 12621/44919/12621
f 25145/44825/25145 25143/44879/25143 14517/44903/14517
f 22841/44581/22841 20623/44655/20623 16489/44802/16489
vt 0.0290106069296598 0.8324211835861206
f 22842/44645/22842 25151/44925/25151 10765/44598/10765
vt 0.0283545516431332 0.8340642452239990
f 22842/44645/22842 7308/44926/7308 25151/44925/25151
vt 0.7045686841011047 0.1904466152191162
f 16478/44927/16478 22846/44790/22846 14516/44902/14516
f 16478/44927/16478 14516/44902/14516 10776/44904/10776
vt 0.8249920010566711 0.9411309957504272
f 20620/44880/20620 25146/44928/25146 27476/44876/27476
vt 0.2607401907444000 0.0471824929118156
f 1315/44765/1315 18529/44801/18529 12626/44929/12626
vt 0.7072302103042603 0.8408421277999878
f 18526/44884/18526 12624/44930/12624 22853/44883/22853
vt 0.9404757022857666 0.3283472657203674
f 29902/44844/29902 22852/44931/22852 7310/44842/7310
f 18525/44847/18525 10769/44794/10769 12622/44917/12622
vt 0.9412249922752380 0.3305805623531342
f 7310/44842/7310 22852/44931/22852 4170/44932/4170
vt 0.4994252324104309 0.2058362960815430
f 1309/44849/1309 2700/44933/2700 20623/44655/20623
vt 0.4867745637893677 0.8651408553123474
f 10774/44824/10774 20625/44934/20625 20624/44905/20624
f 29900/44812/29900 16487/44910/16487 14515/44786/14515
f 10775/44804/10775 12621/44919/12621 7316/44924/7316
f 29888/44385/29888 7314/44690/7314 27469/44767/27469
vt 0.8224790096282959 0.9360839724540710
vt 0.8226559758186340 0.9343709945678711
f 25146/44935/25146 16483/44875/16483 7311/44936/7311
vt 0.7310780286788940 0.1936829984188080
vt 0.7297880053520203 0.1936029940843582
vt 0.7330465316772461 0.1923721581697464
f 18523/44937/18523 5723/44938/5723 20629/44939/20629
vt 0.5237488746643066 0.5075247883796692
f 14518/44890/14518 22854/44940/22854 25147/44900/25147
vt 0.2607867121696472 0.0494197793304920
f 1315/44765/1315 18528/44941/18528 10769/44794/10769
vt 0.5119860172271729 0.5030090212821960
vt 0.5152070522308350 0.5015922784805298
f 1314/44828/1314 14515/44942/14515 7312/44943/7312
vt 0.1683340072631836 0.3374870121479034
f 10767/44787/10767 27485/44771/27485 20615/44944/20615
vt 0.2767080366611481 0.1072454079985619
f 16487/44910/16487 22851/44811/22851 27473/44945/27473
f 20624/44905/20624 20625/44934/20625 29903/44888/29903
vt 0.2386930435895920 0.1190398931503296
f 25135/44710/25135 9027/44709/9027 2715/44946/2715
vt 0.2273119986057281 0.1128659993410110
f 25135/44710/25135 2715/44946/2715 29896/44947/29896
vt 0.5303486585617065 0.5104004740715027
f 5722/44816/5722 25147/44900/25147 5726/44948/5726
f 5722/44816/5722 5726/44948/5726 27455/44744/27455
vt 0.5804537534713745 0.5187231898307800
f 12620/44766/12620 20615/44724/20615 9036/44949/9036
f 12620/44766/12620 9036/44949/9036 12624/44896/12624
vt 0.7061259746551514 0.8453289866447449
f 16483/44921/16483 22853/44883/22853 7311/44950/7311
f 7310/44842/7310 4170/44932/4170 9033/44869/9033
f 29899/44819/29899 29903/44888/29903 9028/44846/9028
f 14514/44791/14514 27466/44859/27466 14516/44902/14516
vt 0.8164691925048828 0.9463755488395691
f 12625/44807/12625 7313/44761/7313 9032/44951/9032
vt 0.0514509938657284 0.1509346812963486
f 10774/44885/10774 14517/44903/14517 12627/44952/12627
vt 0.4847208857536316 0.8650982379913330
f 10774/44824/10774 12627/44953/12627 20625/44934/20625
vt 0.8137447834014893 0.9500136971473694
f 9032/44951/9032 12628/44954/12628 12625/44807/12625
vt 0.8271327018737793 0.9430900812149048
f 25146/44928/25146 22856/44955/22856 27476/44876/27476
f 14518/44890/14518 29907/44870/29907 22854/44940/22854
vt 0.5051483511924744 0.2095386981964111
f 5723/44912/5723 16489/44802/16489 27472/44956/27472
vt 0.9981638193130493 0.8174149990081787
vt 0.9979757070541382 0.8185220956802368
f 25146/44914/25146 7311/44957/7311 25148/44958/25148
vt 0.2630781829357147 0.0324428640305996
f 14495/44652/14495 18530/44959/18530 27467/44809/27467
f 9032/44951/9032 7313/44761/7313 7305/44798/7305
vt 0.0534850247204304 0.1534855365753174
f 14517/44903/14517 27471/44960/27471 12627/44952/12627
vt 0.4700395762920380 0.2052869498729706
f 22850/44864/22850 14519/44840/14519 7315/44961/7315
vt 0.3866026401519775 0.9925205707550049
f 20629/44831/20629 29911/44962/29911 10773/44795/10773
f 4166/44536/4166 27447/44379/27447 4168/44908/4168
vt 0.5044170022010803 0.2097570002079010
f 5723/44912/5723 27472/44956/27472 25149/44963/25149
vt 0.9359496831893921 0.3372443318367004
f 16485/44784/16485 4171/44964/4171 1311/44827/1311
vt 0.7294158339500427 0.1922920942306519
f 5723/44938/5723 25149/44965/25149 20629/44939/20629
f 10775/44804/10775 7316/44924/7316 16488/44898/16488
vt 0.5375947356224060 0.5113556385040283
f 27455/44744/27455 10778/44966/10778 5724/44732/5724
f 20623/44655/20623 2700/44933/2700 16489/44802/16489
vt 0.0282948482781649 0.2716554403305054
f 27465/44741/27465 7309/44733/7309 2713/44967/2713
vt 0.2621908187866211 0.0523135811090469
f 10769/44794/10769 18528/44941/18528 27475/44968/27475
f 10769/44794/10769 27475/44968/27475 12622/44917/12622
f 1315/44765/1315 12626/44929/12626 18528/44941/18528
f 1314/44828/1314 7312/44943/7312 29907/44870/29907
f 18529/44801/18529 27467/44809/27467 12626/44929/12626
vt 0.2763647735118866 0.1015805080533028
f 16487/44910/16487 7312/44969/7312 14515/44786/14515
vt 0.3642763793468475 0.3076539337635040
f 16474/44600/16474 20628/44838/20628 29920/44970/29920
f 29902/44844/29902 16475/44873/16475 27463/44872/27463
f 29902/44844/29902 27463/44872/27463 22852/44931/22852
vt 0.4643002152442932 0.2106308639049530
f 27468/44675/27468 12631/44901/12631 14520/44971/14520
vt 0.6822376847267151 0.8437922000885010
f 27447/44379/27447 29904/44748/29904 29914/44972/29914
vt 0.2630670070648193 0.0591630004346371
f 25143/44918/25143 12622/44917/12622 14517/44973/14517
f 16485/44784/16485 5714/44703/5714 4171/44964/4171
vt 0.0274575166404247 0.2726564407348633
f 27465/44741/27465 12630/44974/12630 27462/44867/27462
vt 0.9367297887802124 0.3386768996715546
f 1311/44827/1311 4171/44964/4171 25152/44975/25152
f 12625/44807/12625 12628/44954/12628 7309/44808/7309
vt 0.9960299730300903 0.8193330168724060
f 25146/44914/25146 25148/44958/25148 22856/44976/22856
f 27468/44675/27468 14520/44971/14520 14519/44840/14519
f 7303/44234/7303 16454/44347/16454 5727/44911/5727
vt 0.9444550871849060 0.3325868546962738
f 4170/44932/4170 27481/44977/27481 9033/44869/9033
f 27465/44741/27465 2713/44967/2713 12630/44974/12630
vt 0.5844405889511108 0.5192179679870605
vt 0.5868849754333496 0.5217620134353638
f 12624/44896/12624 2716/44978/2716 22853/44979/22853
f 12624/44896/12624 9036/44949/9036 2716/44978/2716
vt 0.2637072801589966 0.0573726855218410
vt 0.2643261849880219 0.0600754991173744
f 14517/44973/14517 9034/44980/9034 27471/44981/27471
f 14517/44973/14517 12622/44917/12622 9034/44980/9034
vt 0.2233605831861496 0.5931590199470520
f 20626/44758/20626 4173/44982/4173 18532/44909/18532
vt 0.2764418125152588 0.1104587614536285
f 22851/44811/22851 16488/44898/16488 20630/44983/20630
vt 0.3950220346450806 0.3212434649467468
f 27466/44858/27466 16484/44851/16484 29905/44984/29905
vt 0.6908619999885559 0.1711290031671524
f 27466/44859/27466 29905/44985/29905 14516/44902/14516
f 22851/44811/22851 20630/44983/20630 27473/44945/27473
vt 0.5022490024566650 0.2072439938783646
f 2700/44933/2700 12629/44986/12629 16489/44802/16489
vt 0.5020620226860046 0.2059659957885742
f 2700/44933/2700 27457/44987/27457 12629/44986/12629
vt 0.6490359306335449 0.8237945437431335
f 27469/44767/27469 18530/44988/18530 14495/44768/14495
f 22850/44864/22850 7315/44961/7315 4169/44865/4169
vt 0.4841660559177399 0.8634836673736572
f 12627/44953/12627 18531/44989/18531 20625/44934/20625
vt 0.8137615323066711 0.9531124234199524
f 12628/44954/12628 9032/44951/9032 27477/44990/27477
vt 0.2626337110996246 0.0547491200268269
f 12622/44917/12622 27475/44968/27475 5725/44991/5725
vt 0.8200038075447083 0.9516193270683289
f 7305/44798/7305 27476/44876/27476 2712/44992/2712
f 7305/44798/7305 2712/44992/2712 9032/44951/9032
vt 0.7197962999343872 0.1863944828510284
f 10776/44904/10776 14516/44902/14516 2721/44993/2721
f 12622/44917/12622 5725/44991/5725 9034/44980/9034
vt 0.9302509427070618 0.3388701081275940
vt 0.9380491971969604 0.3404639065265656
f 25144/44994/25144 1311/44827/1311 12635/44995/12635
vt 0.5050829052925110 0.2088501006364822
f 27472/44956/27472 16489/44802/16489 10777/44996/10777
f 10773/44795/10773 29911/44962/29911 16490/44892/16490
vt 0.2255527079105377 0.6030294299125671
vt 0.2265577912330627 0.5986647009849548
vt 0.2279170006513596 0.6007850170135498
f 7313/44997/7313 7318/44998/7318 1312/44999/1312
vt 0.5244666337966919 0.5059581398963928
f 22854/44940/22854 29907/44870/29907 7317/45000/7317
vt 0.5872607827186584 0.5192008018493652
f 7311/45001/7311 22853/44979/22853 2716/44978/2716
f 9032/44951/9032 2712/44992/2712 27477/44990/27477
vt 0.3745959401130676 0.3126904666423798
f 14513/44682/14513 7323/45002/7323 16484/44851/16484
vt 0.6840848922729492 0.8434434533119202
f 1312/44852/1312 27474/45003/27474 29904/44748/29904
vt 0.6862369775772095 0.8442400097846985
f 1312/44852/1312 7318/45004/7318 27474/45003/27474
vt 0.1688050478696823 0.3444324433803558
f 20615/44944/20615 27485/44771/27485 9036/45005/9036
vt 0.4612670838832855 0.2109054923057556
f 14520/44971/14520 12631/44901/12631 12630/45006/12630
f 18528/44941/18528 12626/44929/12626 27475/44968/27475
vt 0.5280008912086487 0.5073805451393127
f 22854/44940/22854 12632/45007/12632 25147/44900/25147
vt 0.4916050136089325 0.8529859781265259
f 9028/44846/9028 29903/44888/29903 29906/45008/29906
vt 0.9431544542312622 0.3309002816677094
f 4170/44932/4170 22858/45009/22858 27481/44977/27481
vt 0.7267090082168579 0.1947659999132156
vt 0.7252311110496521 0.1927501410245895
vt 0.7264586091041565 0.1928366124629974
f 16489/45010/16489 12629/45011/12629 10777/45012/10777
f 1311/44827/1311 25152/44975/25152 12635/44995/12635
f 12625/44807/12625 20627/44907/20627 7313/44761/7313
vt 0.8089066147804260 0.9559748172760010
vt 0.8066848516464233 0.9556065201759338
f 7309/44808/7309 14525/45013/14525 2713/45014/2713
vt 0.2648823857307434 0.0583044365048409
f 27471/44981/27471 9034/44980/9034 4172/45015/4172
vt 0.4568499922752380 0.2158820033073425
f 12630/45006/12630 12631/44901/12631 27462/45016/27462
vt 0.0501641854643822 0.1516021639108658
f 12627/44952/12627 27471/44960/27471 18531/45017/18531
vt 0.2711333930492401 0.1026095822453499
f 16487/44910/16487 29908/45018/29908 7312/44969/7312
f 5726/44948/5726 25147/44900/25147 12632/45007/12632
vt 0.9486002922058105 0.3205050826072693
vt 0.9507752060890198 0.3253706693649292
f 1313/44874/1313 29896/45019/29896 27479/45020/27479
vt 0.0284100007265806 0.8299419879913330
f 10765/44598/10765 25151/44925/25151 1316/45021/1316
f 10765/44598/10765 1316/45021/1316 18527/44916/18527
f 7309/44808/7309 12628/44954/12628 14525/45013/14525
vt 0.2198580950498581 0.5859975814819336
f 27470/44780/27470 14526/45022/14526 20626/44758/20626
vt 0.3893183767795563 0.3142988383769989
f 16484/44851/16484 25165/45023/25165 29905/44984/29905
vt 0.2707433700561523 0.1048818677663803
f 16487/44910/16487 27473/44945/27473 14522/45024/14522
f 16487/44910/16487 14522/45024/14522 29908/45018/29908
vt 0.7280616164207458 0.1933576464653015
f 27472/45025/27472 10777/45012/10777 25149/44965/25149
vt 0.2264716178178787 0.5926939845085144
f 18532/44909/18532 4176/45026/4176 29913/44684/29913
vt 0.4768396914005280 0.1967222690582275
f 4169/44865/4169 16493/45027/16493 7308/44866/7308
f 9034/44980/9034 5725/44991/5725 4172/45015/4172
vt 0.0513489991426468 0.1540630012750626
f 27471/44960/27471 4172/45028/4172 18531/45017/18531
vt 0.5871516466140747 0.5186724066734314
f 7311/45001/7311 2716/44978/2716 25148/45029/25148
f 27455/44744/27455 5726/44948/5726 10778/44966/10778
f 4170/44932/4170 22852/44931/22852 22858/45009/22858
f 20627/44775/20627 29913/44684/29913 7313/44997/7313
f 22854/44940/22854 7317/45000/7317 12632/45007/12632
vt 0.4596379995346069 0.2090850025415421
f 12630/45006/12630 2713/45030/2713 14520/44971/14520
f 16474/44600/16474 29920/44970/29920 7323/45002/7323
f 16474/44600/16474 7323/45002/7323 14513/44682/14513
f 16484/44851/16484 7323/45002/7323 25165/45023/25165
vt 0.5228465795516968 0.5010240674018860
f 7312/44943/7312 16491/45031/16491 29907/44870/29907
vt 0.9470861554145813 0.3305553495883942
f 22858/45009/22858 22852/44931/22852 9035/45032/9035
vt 0.8121198415756226 0.9527547955513000
f 12628/44954/12628 27477/44990/27477 14523/45033/14523
vt 0.7316953539848328 0.1906103193759918
f 20629/44939/20629 25149/44965/25149 16495/45034/16495
vt 0.4573467373847961 0.2230710089206696
f 27462/45016/27462 12631/44901/12631 22861/45035/22861
vt 0.2157776206731796 0.5859349370002747
f 27462/44868/27462 22860/45036/22860 27470/44780/27470
vt 0.4554170072078705 0.2230448126792908
f 27462/45016/27462 22861/45035/22861 22860/45037/22860
vt 0.4880129992961884 0.8607860207557678
f 29903/44888/29903 20625/44934/20625 1317/45038/1317
vt 0.7275879979133606 0.1906527429819107
f 25149/44965/25149 10777/45012/10777 14521/45039/14521
vt 0.9387204647064209 0.3364802002906799
f 4171/44964/4171 5714/44703/5714 9041/45040/9041
f 27457/44822/27457 10776/44904/10776 2721/44993/2721
vt 0.4818381369113922 0.1951167881488800
f 7308/44866/7308 16493/45027/16493 25151/45041/25151
f 20625/44934/20625 18531/44989/18531 1317/45038/1317
f 29904/44748/29904 27474/45003/27474 29914/44972/29914
f 12628/44954/12628 14523/45033/14523 14525/45013/14525
vt 0.9333024024963379 0.3430888056755066
f 25144/44994/25144 12635/44995/12635 25153/45042/25153
vt 0.9287245273590088 0.3419345915317535
f 25144/44994/25144 25153/45042/25153 22855/45043/22855
f 5714/44703/5714 9033/44869/9033 9041/45040/9041
vt 0.5861057043075562 0.5181540250778198
f 25148/45029/25148 2716/44978/2716 22857/45044/22857
vt 0.5287606120109558 0.5056867003440857
f 12632/45007/12632 7317/45000/7317 12634/45045/12634
vt 0.5887966752052307 0.5177813172340393
f 25148/45029/25148 22857/45044/22857 22856/45046/22856
vt 0.2683798372745514 0.0430272668600082
f 27467/44809/27467 7327/45047/7327 12626/44929/12626
vt 0.3321891129016876 0.8183047771453857
f 29909/44491/29909 22831/44445/22831 16501/45048/16501
vt 0.4598946273326874 0.2243113815784454
f 16490/44920/16490 4174/45049/4174 12631/44901/12631
f 29903/44888/29903 1317/45038/1317 29906/45008/29906
vt 0.2667940557003021 0.0982349142432213
f 29908/45018/29908 16491/45050/16491 7312/44969/7312
vt 0.4612305462360382 0.2065156251192093
f 14520/44971/14520 2713/45030/2713 27478/45051/27478
f 27473/44945/27473 20630/44983/20630 14522/45024/14522
vt 0.9275779724121094 0.3464539945125580
f 5708/45052/5708 22855/45043/22855 25153/45042/25153
vt 0.8256109952926636 0.9461576342582703
f 27476/44876/27476 12633/45053/12633 2712/44992/2712
vt 0.1707620024681091 0.4054160118103027
vt 0.1664686203002930 0.3984844684600830
vt 0.1789540052413940 0.3952675461769104
f 18524/45054/18524 18527/45055/18527 29910/45056/29910
vt 0.8823804855346680 0.6793674826622009
vt 0.8846030235290527 0.6852009892463684
f 18524/45057/18524 29910/45058/29910 16454/44347/16454
vt 0.4661664664745331 0.2046368271112442
f 14519/44840/14519 25150/45059/25150 7315/44961/7315
f 14520/44971/14520 27478/45051/27478 14519/44840/14519
f 9033/44869/9033 27481/44977/27481 9041/45040/9041
f 16488/44898/16488 7316/44924/7316 20630/44983/20630
vt 0.2293138802051544 0.5960279107093811
vt 0.2287872135639191 0.5981838107109070
f 7318/44998/7318 14524/45060/14524 27474/45061/27474
f 10777/45012/10777 12629/45011/12629 14521/45039/14521
vt 0.8106833696365356 0.9563160538673401
f 14523/45033/14523 22859/45062/22859 14525/45013/14525
vt 0.5326338410377502 0.5074383616447449
f 12632/45007/12632 29912/45063/29912 5726/44948/5726
f 22856/44955/22856 12633/45053/12633 27476/44876/27476
f 29913/44684/29913 7318/44998/7318 7313/44997/7313
vt 0.2270459979772568 0.1205419972538948
f 29896/44947/29896 2715/44946/2715 27479/45064/27479
vt 0.3873240053653717 0.9912369847297668
f 16490/44892/16490 29911/44962/29911 4174/45065/4174
f 12629/45011/12629 27457/44822/27457 14521/45039/14521
vt 0.5882809758186340 0.5171939730644226
f 22857/45044/22857 7320/45066/7320 22856/45046/22856
vt 0.2676864564418793 0.0526577346026897
f 27475/44968/27475 2720/45067/2720 5725/44991/5725
f 27475/44968/27475 12626/44929/12626 7327/45047/7327
vt 0.4648550450801849 0.2001483738422394
f 4169/44865/4169 7315/44961/7315 16498/45068/16498
f 5725/44991/5725 2720/45067/2720 4172/45015/4172
f 27475/44968/27475 7327/45047/7327 2720/45067/2720
vt 0.4631056785583496 0.2045321762561798
f 14519/44840/14519 27478/45051/27478 22863/45069/22863
f 14519/44840/14519 22863/45069/22863 25150/45059/25150
vt 0.8056544065475464 0.9604542851448059
f 2713/45014/2713 14525/45013/14525 27478/45070/27478
vt 0.2232279628515244 0.5888816714286804
f 20626/44758/20626 1321/45071/1321 4173/44982/4173
f 20626/44758/20626 14526/45022/14526 1321/45071/1321
vt 0.2692443132400513 0.1073872745037079
f 14522/45024/14522 20630/44983/20630 12637/45072/12637
vt 0.2658121287822723 0.0615759640932083
f 4172/45015/4172 2720/45067/2720 18531/45073/18531
vt 0.8652650117874146 0.6920239925384521
f 7302/44742/7302 5727/44911/5727 18535/45074/18535
f 7302/44742/7302 18535/45074/18535 2714/44887/2714
vt 0.9454274177551270 0.3315406739711761
f 22858/45009/22858 1318/45075/1318 27481/44977/27481
f 14523/45033/14523 27477/44990/27477 22859/45062/22859
f 29912/45063/29912 12632/45007/12632 12634/45045/12634
f 22858/45009/22858 9035/45032/9035 1318/45075/1318
vt 0.2638948857784271 0.0997319072484970
f 29908/45018/29908 9038/45076/9038 16491/45050/16491
f 29907/44870/29907 16491/45031/16491 7317/45000/7317
vt 0.2646368741989136 0.1023957431316376
f 29908/45018/29908 14522/45024/14522 20632/45077/20632
f 29908/45018/29908 20632/45077/20632 9038/45076/9038
vt 0.9399302005767822 0.3380524516105652
f 4171/44964/4171 9039/45078/9039 25152/44975/25152
f 27470/44780/27470 22860/45036/22860 14526/45022/14526
f 4171/44964/4171 9041/45040/9041 9039/45078/9039
f 12631/44901/12631 4174/45049/4174 22861/45035/22861
vt 0.8783109784126282 0.6874380111694336
f 16454/44347/16454 29910/45079/29910 5727/44911/5727
f 25150/45059/25150 16498/45068/16498 7315/44961/7315
f 7317/45000/7317 16491/45031/16491 12634/45045/12634
f 25149/44965/25149 14521/45039/14521 16495/45034/16495
vt 0.5346594452857971 0.5079945325851440
f 29912/45063/29912 16492/45080/16492 5726/44948/5726
vt 0.6649056673049927 0.8381077647209167
f 7314/44690/7314 20634/45081/20634 27469/44767/27469
vt 0.7339128851890564 0.1885343343019485
f 20629/44939/20629 16495/45034/16495 27480/45082/27480
vt 0.7377917170524597 0.1894813776016235
f 20629/44939/20629 27480/45082/27480 29911/45083/29911
vt 0.4595965147018433 0.2270533591508865
vt 0.4578345715999603 0.2270395755767822
f 4174/45049/4174 29911/45084/29911 9037/45085/9037
f 4169/44865/4169 16498/45068/16498 16493/45027/16493
f 22852/44931/22852 27463/44872/27463 9035/45032/9035
vt 0.2174244970083237 0.5834380984306335
f 22860/45036/22860 20631/45086/20631 14526/45022/14526
vt 0.5327841639518738 0.5053152441978455
f 29912/45063/29912 12634/45045/12634 5728/45087/5728
vt 0.1920110881328583 0.3447842001914978
f 5724/44738/5724 10778/45088/10778 2709/44739/2709
vt 0.4764822423458099 0.1900532245635986
f 25151/45041/25151 16493/45027/16493 1316/45089/1316
f 16492/45080/16492 29912/45063/29912 5728/45087/5728
vt 0.8080499768257141 0.9598392248153687
f 22859/45062/22859 16494/45090/16494 14525/45013/14525
f 5726/44948/5726 16492/45080/16492 10778/44966/10778
vt 0.8062604069709778 0.9620408415794373
f 22863/45091/22863 27478/45070/27478 16494/45090/16494
f 16494/45090/16494 27478/45070/27478 14525/45013/14525
vt 0.5814689993858337 0.5175899863243103
f 9036/44949/9036 27482/45092/27482 2716/44978/2716
vt 0.1955773085355759 0.3473050296306610
vt 0.1918870955705643 0.3479838371276855
f 16492/45093/16492 22862/45094/22862 10778/45088/10778
vt 0.8084958195686340 0.9612339138984680
f 16494/45090/16494 16496/45095/16496 22863/45091/22863
vt 0.1635786294937134 0.3465317785739899
vt 0.1641940027475357 0.3455440104007721
vt 0.1654174327850342 0.3473898768424988
f 22857/45096/22857 2716/45097/2716 25154/45098/25154
vt 0.1935958117246628 0.3498083055019379
f 16492/45093/16492 5728/45099/5728 22862/45094/22862
f 14522/45024/14522 12637/45072/12637 20632/45077/20632
vt 0.4554934501647949 0.2260081619024277
f 22860/45037/22860 22861/45035/22861 20631/45100/20631
vt 0.1632566750049591 0.3489222526550293
f 22857/45096/22857 25154/45098/25154 7320/45101/7320
vt 0.1673203408718109 0.3466278314590454
f 2716/45097/2716 27482/45102/27482 25154/45098/25154
vt 0.9411635994911194 0.3395110964775085
f 9039/45078/9039 16497/45103/16497 25152/44975/25152
vt 0.5032644271850586 0.8507291674613953
f 9028/44846/9028 9040/45104/9040 9027/44311/9027
f 9028/44846/9028 29906/45008/29906 9040/45104/9040
f 20630/44983/20630 7316/44924/7316 12637/45072/12637
f 27457/44822/27457 2721/44993/2721 14521/45039/14521
f 25150/45059/25150 22863/45069/22863 16498/45068/16498
f 14521/45039/14521 27480/45082/27480 16495/45034/16495
vt 0.6780704259872437 0.8445897102355957
f 29914/44972/29914 2717/45105/2717 27447/44379/27447
f 18532/44909/18532 4173/44982/4173 4176/45026/4176
f 4173/44982/4173 1321/45071/1321 4176/45026/4176
vt 0.2684637606143951 0.1301926970481873
vt 0.2665208578109741 0.1150148212909698
f 7316/44924/7316 2714/45106/2714 1320/45107/1320
f 4174/45049/4174 9037/45085/9037 22861/45035/22861
vt 0.2298542410135269 0.5975078940391541
f 27474/45061/27474 14524/45060/14524 29914/45108/29914
vt 0.2597871422767639 0.1005195900797844
f 9038/45076/9038 20632/45077/20632 27484/45109/27484
vt 0.2618432044982910 0.1042383536696434
f 20632/45077/20632 12637/45072/12637 2719/45110/2719
f 16494/45090/16494 22859/45062/22859 16496/45095/16496
vt 0.9478317499160767 0.3283324241638184
f 27463/44872/27463 1313/44874/1313 7319/45111/7319
f 27463/44872/27463 7319/45111/7319 9035/45032/9035
vt 0.9482316374778748 0.3321474194526672
f 1318/45075/1318 20633/45112/20633 27481/44977/27481
vt 0.2598016858100891 0.0980164185166359
vt 0.2597478032112122 0.0955413654446602
f 9038/45076/9038 12638/45113/12638 10779/45114/10779
f 9038/45076/9038 10779/45114/10779 16491/45050/16491
f 27447/44379/27447 2717/45105/2717 4168/44908/4168
vt 0.8174003362655640 0.9590899348258972
f 27477/44990/27477 25156/45115/25156 22859/45062/22859
f 4168/44908/4168 20634/45081/20634 7314/44690/7314
f 9038/45076/9038 27484/45109/27484 12638/45113/12638
f 7318/44998/7318 4176/45026/4176 14524/45060/14524
f 12634/45045/12634 16491/45031/16491 5728/45087/5728
f 7318/44998/7318 29913/44684/29913 4176/45026/4176
vt 0.1871157288551331 0.3487081527709961
f 22862/45094/22862 2718/45116/2718 10778/45088/10778
vt 0.8108796477317810 0.9628740549087524
f 22859/45062/22859 22864/45117/22864 16496/45095/16496
f 25152/44975/25152 16497/45103/16497 12635/44995/12635
vt 0.1587720811367035 0.3463187515735626
vt 0.1578129976987839 0.3485763072967529
f 22856/45118/22856 7320/45101/7320 12633/45119/12633
vt 0.1884428411722183 0.3503443598747253
f 2718/45116/2718 22862/45094/22862 27483/45120/27483
f 22862/45094/22862 5728/45099/5728 27483/45120/27483
f 22831/44445/22831 5708/44613/5708 16501/45048/16501
vt 0.1688632220029831 0.3483130633831024
f 25154/45098/25154 1319/45121/1319 7320/45101/7320
vt 0.8223748207092285 0.9541170001029968
f 2712/44992/2712 12633/45053/12633 29915/45122/29915
f 29909/44491/29909 16501/45048/16501 4165/44660/4165
vt 0.4608510136604309 0.2031760066747665
f 22863/45069/22863 16496/45123/16496 16498/45068/16498
vt 0.5159339904785156 0.8482660055160522
f 9027/44311/9027 9040/45104/9040 2715/45124/2715
f 22861/45035/22861 9037/45085/9037 20631/45100/20631
vt 0.2571792602539062 0.0990365669131279
f 12638/45113/12638 27484/45109/27484 5729/45125/5729
vt 0.2733599543571472 0.0606179684400558
f 18531/45073/18531 2720/45067/2720 1317/45126/1317
f 25154/45098/25154 27482/45102/27482 1319/45121/1319
vt 0.3467391431331635 0.8135163784027100
f 20628/44661/20628 4165/44660/4165 20638/45127/20638
vt 0.3533050119876862 0.8197609782218933
f 20628/44661/20628 20638/45127/20638 12636/45128/12636
vt 0.7400450706481934 0.1856571286916733
f 29911/45083/29911 27480/45082/27480 9037/45129/9037
vt 0.7355481386184692 0.1847584992647171
f 27480/45082/27480 14521/45039/14521 5731/45130/5731
vt 0.4596030116081238 0.2002319991588593
f 16496/45123/16496 22864/45131/22864 16498/45068/16498
vt 0.9447061419487000 0.3379612267017365
f 27481/44977/27481 18534/45132/18534 9041/45040/9041
vt 0.2106389999389648 0.3898400068283081
vt 0.1981954425573349 0.3844742476940155
vt 0.2083700001239777 0.3781509995460510
f 2714/45133/2714 18535/45134/18535 1320/45135/1320
vt 0.8264409899711609 0.9517220258712769
f 12633/45053/12633 12641/45136/12641 29915/45122/29915
vt 0.3162040114402771 0.8108040094375610
vt 0.3238938152790070 0.8103494048118591
f 25153/45137/25153 25155/45138/25155 5708/44613/5708
vt 0.1642241925001144 0.3552015423774719
f 12633/45119/12633 7320/45101/7320 12641/45139/12641
f 12637/45072/12637 7316/44924/7316 1320/45107/1320
f 22859/45062/22859 25156/45115/25156 22864/45117/22864
f 1318/45075/1318 9035/45032/9035 20633/45112/20633
f 27482/45102/27482 9036/45005/9036 1319/45121/1319
vt 0.1806203126907349 0.3490706384181976
f 7321/45140/7321 27485/44771/27485 2718/45116/2718
f 10778/45088/10778 2718/45116/2718 27485/44771/27485
f 10778/45088/10778 27485/44771/27485 2709/44739/2709
vt 0.1799239516258240 0.3511573672294617
f 2718/45116/2718 12642/45141/12642 7321/45140/7321
vt 0.5275120139122009 0.5010809898376465
f 16491/45031/16491 10779/45142/10779 5728/45087/5728
f 2718/45116/2718 27483/45120/27483 12642/45141/12642
vt 0.1979232877492905 0.3588168323040009
vt 0.1907046139240265 0.3555959165096283
vt 0.1996323913335800 0.3552855551242828
f 12638/45143/12638 29916/45144/29916 10779/45145/10779
vt 0.4657170474529266 0.1905158311128616
vt 0.4727077782154083 0.1840704381465912
f 1316/45089/1316 10780/45146/10780 18527/45147/18527
f 27477/44990/27477 2712/44992/2712 25156/45115/25156
f 20632/45077/20632 2719/45110/2719 27484/45109/27484
vt 0.1743217557668686 0.3485981822013855
f 1319/45121/1319 9036/45005/9036 7322/45148/7322
f 1316/45089/1316 16493/45027/16493 10780/45146/10780
f 9039/45078/9039 9041/45040/9041 18534/45132/18534
f 9039/45078/9039 18534/45132/18534 16497/45103/16497
f 7321/45140/7321 7322/45148/7322 27485/44771/27485
f 27485/44771/27485 7322/45148/7322 9036/45005/9036
vt 0.1972734630107880 0.3615744411945343
vt 0.1932708919048309 0.3582849502563477
f 12638/45143/12638 5729/45149/5729 4175/45150/4175
f 5728/45099/5728 10779/45145/10779 29916/45144/29916
vt 0.2336465567350388 0.1250733435153961
f 2715/44946/2715 9043/45151/9043 27479/45064/27479
f 14521/45039/14521 2721/44993/2721 5731/45130/5731
f 7322/45148/7322 7321/45140/7321 12642/45141/12642
vt 0.1729516685009003 0.3503586649894714
f 1319/45121/1319 7322/45148/7322 2722/45152/2722
f 12638/45143/12638 4175/45150/4175 29916/45144/29916
vt 0.1900418102741241 0.3609731793403625
f 4175/45150/4175 5729/45149/5729 7324/45153/7324
f 27481/44977/27481 20633/45112/20633 18534/45132/18534
f 7322/45148/7322 12642/45141/12642 2722/45152/2722
f 1313/44874/1313 27479/45020/27479 7319/45111/7319
vt 0.3568984866142273 0.3047234416007996
f 20628/44838/20628 12636/45154/12636 29920/44970/29920
f 27467/44809/27467 18530/44959/18530 7327/45047/7327
vt 0.7378068566322327 0.1855391860008240
f 27480/45082/27480 12643/45155/12643 9037/45129/9037
vt 0.2574746012687683 0.1087250784039497
f 12637/45072/12637 1320/45107/1320 29917/45156/29917
vt 0.2307184040546417 0.5941862463951111
f 14524/45060/14524 10781/45157/10781 29914/45108/29914
vt 0.2564597427845001 0.1021292507648468
f 27484/45109/27484 2723/45158/2723 5729/45125/5729
f 7320/45101/7320 1319/45121/1319 12641/45139/12641
vt 0.9502002000808716 0.3326781392097473
f 20633/45112/20633 9035/45032/9035 12639/45159/12639
f 27484/45109/27484 2719/45110/2719 2723/45158/2723
vt 0.6569653153419495 0.8363399505615234
f 27469/44767/27469 4179/45160/4179 18530/44988/18530
vt 0.2206452637910843 0.5831350088119507
f 14526/45022/14526 10782/45161/10782 1321/45071/1321
vt 0.1873410791158676 0.3584130406379700
f 4175/45150/4175 7324/45153/7324 9042/45162/9042
f 12637/45072/12637 29917/45156/29917 2719/45110/2719
f 20631/45086/20631 10782/45161/10782 14526/45022/14526
vt 0.2190447300672531 0.5807216763496399
f 20631/45086/20631 14527/45163/14527 10782/45161/10782
f 16493/45027/16493 16498/45068/16498 10780/45146/10780
f 5728/45099/5728 29916/45144/29916 27483/45120/27483
f 4175/45150/4175 9042/45162/9042 29916/45144/29916
f 27483/45120/27483 29916/45144/29916 12642/45141/12642
vt 0.3338659405708313 0.8107022643089294
f 5708/44613/5708 4183/45164/4183 16501/45048/16501
f 5708/44613/5708 25155/45138/25155 4183/45164/4183
vt 0.7462360262870789 0.1843161731958389
vt 0.7421028614044189 0.1837471425533295
f 20631/45165/20631 9037/45129/9037 4178/45166/4178
vt 0.2257645577192307 0.5832286477088928
vt 0.2301780134439468 0.5910808444023132
f 4176/45026/4176 18536/45167/18536 12640/45168/12640
f 4176/45026/4176 12640/45168/12640 14524/45060/14524
f 27480/45082/27480 5731/45130/5731 12643/45155/12643
vt 0.9470210075378418 0.3408177196979523
f 16497/45103/16497 18534/45132/18534 1322/45169/1322
f 4176/45026/4176 1321/45071/1321 18536/45167/18536
vt 0.2298837602138519 0.1253450363874435
f 27479/45064/27479 9043/45151/9043 18537/45170/18537
vt 0.9519536495208740 0.3291824460029602
f 27479/45020/27479 4177/45171/4177 7319/45111/7319
vt 0.2257100045681000 0.1267980039119720
f 27479/45064/27479 18537/45170/18537 4177/45172/4177
vt 0.1844036877155304 0.3585940599441528
f 12642/45141/12642 29916/45144/29916 27487/45173/27487
vt 0.1592858433723450 0.3907126784324646
vt 0.1684756726026535 0.3853759765625000
f 18527/45055/18527 10780/45174/10780 9044/45175/9044
vt 0.1975709497928619 0.3647909462451935
vt 0.1926715373992920 0.3640959858894348
f 5729/45149/5729 2723/45176/2723 18533/45177/18533
vt 0.7462013959884644 0.1827082335948944
f 20631/45165/20631 4178/45166/4178 14527/45178/14527
f 1321/45071/1321 10782/45161/10782 18536/45167/18536
f 7324/45153/7324 5729/45149/5729 18533/45177/18533
f 16497/45103/16497 1322/45169/1322 12635/44995/12635
f 1319/45121/1319 2722/45152/2722 12641/45139/12641
vt 0.9518076777458191 0.3344003856182098
f 20633/45112/20633 16499/45179/16499 18534/45132/18534
f 9037/45129/9037 12643/45155/12643 4178/45166/4178
vt 0.9434520602226257 0.3447557091712952
f 12635/44995/12635 12646/45180/12646 25153/45042/25153
vt 0.7178750038146973 0.1775799989700317
f 2721/44993/2721 14516/44902/14516 27486/45181/27486
f 20633/45112/20633 12639/45159/12639 16499/45179/16499
vt 0.9516754746437073 0.3330296874046326
f 12639/45159/12639 9035/45032/9035 10783/45182/10783
vt 0.1865152120590210 0.3628014624118805
f 9042/45162/9042 7324/45153/7324 5730/45183/5730
f 9042/45162/9042 5730/45183/5730 27487/45173/27487
vt 0.9376227259635925 0.3495334982872009
f 25155/45184/25155 25153/45042/25153 12646/45180/12646
vt 0.9515126943588257 0.3318179845809937
f 10783/45182/10783 9035/45032/9035 7325/45185/7325
f 9042/45162/9042 27487/45173/27487 29916/45144/29916
f 12642/45141/12642 27487/45173/27487 2722/45152/2722
f 2722/45152/2722 27487/45173/27487 12641/45139/12641
vt 0.9483556747436523 0.3393493592739105
f 18534/45132/18534 16499/45179/16499 12645/45186/12645
f 2712/44992/2712 29915/45122/29915 25156/45115/25156
f 12639/45159/12639 10783/45182/10783 16499/45179/16499
f 4178/45166/4178 12643/45155/12643 5731/45130/5731
vt 0.2322700023651123 0.5954030156135559
f 29914/45108/29914 10781/45157/10781 2717/45187/2717
vt 0.2004519253969193 0.3721603155136108
f 1320/45135/1320 18535/45134/18535 29917/45188/29917
f 18534/45132/18534 12645/45186/12645 1322/45169/1322
vt 0.2539350092411041 0.1274749934673309
vt 0.2450100034475327 0.1304219961166382
f 2715/44946/2715 9040/45189/9040 29918/45190/29918
f 2715/44946/2715 29918/45190/29918 9043/45151/9043
vt 0.4557001888751984 0.1959879249334335
f 22864/45131/22864 10784/45191/10784 16498/45068/16498
f 29910/45056/29910 18527/45055/18527 9044/45175/9044
vt 0.1592260003089905 0.3590509891510010
vt 0.1591809988021851 0.3672879934310913
f 29915/45192/29915 12641/45139/12641 25156/45193/25156
f 7319/45111/7319 4177/45171/4177 9035/45032/9035
f 14524/45060/14524 12640/45168/12640 10781/45157/10781
vt 0.3391605913639069 0.8149404525756836
f 4165/44660/4165 16501/45048/16501 1325/45194/1325
f 9035/45032/9035 4177/45171/4177 7325/45185/7325
vt 0.2735680043697357 0.0535570010542870
f 2720/45067/2720 14528/45195/14528 1317/45126/1317
vt 0.9486953020095825 0.3429404795169830
f 1322/45169/1322 22865/45196/22865 12635/44995/12635
vt 0.7447851896286011 0.1817586421966553
f 4178/45166/4178 10785/45197/10785 14527/45178/14527
f 2719/45110/2719 29917/45156/29917 2723/45158/2723
vt 0.9961156845092773 0.5112251043319702
vt 0.9953495264053345 0.5096467733383179
vt 0.9964437484741211 0.5095276236534119
f 10783/45198/10783 16500/45199/16500 16499/45200/16499
vt 0.9942619800567627 0.5114600062370300
f 10783/45198/10783 7325/45201/7325 16500/45199/16500
vt 0.8149988651275635 0.9637477397918701
f 25156/45115/25156 10784/45202/10784 22864/45117/22864
vt 0.2189959734678268 0.5763551592826843
f 14527/45163/14527 10785/45203/10785 10782/45161/10782
f 16498/45068/16498 10784/45191/10784 10780/45146/10780
f 4178/45166/4178 5731/45130/5731 10785/45197/10785
vt 0.2313310056924820 0.5918704867362976
f 10781/45157/10781 12640/45168/12640 14533/45204/14533
f 10782/45161/10782 10785/45203/10785 18536/45167/18536
vt 0.9928331375122070 0.5104602575302124
f 16500/45199/16500 7325/45201/7325 12644/45205/12644
vt 0.9471502304077148 0.2496766000986099
vt 0.9468480944633484 0.2515492439270020
vt 0.9458066821098328 0.2494819015264511
f 16500/45206/16500 4181/45207/4181 16499/45208/16499
vt 0.1906455308198929 0.3697118759155273
f 2723/45176/2723 29917/45188/29917 22868/45209/22868
vt 0.1942173689603806 0.3964586257934570
vt 0.1820748597383499 0.3773204982280731
f 5727/45210/5727 29910/45056/29910 14529/45211/14529
f 5727/45210/5727 14529/45211/14529 18535/45134/18535
vt 0.8680089712142944 0.9658129811286926
vt 0.8735135197639465 0.9651188254356384
vt 0.8682376742362976 0.9755703210830688
f 29906/45212/29906 1317/45213/1317 7326/45214/7326
vt 0.8620969653129578 0.9706522226333618
f 29906/45212/29906 7326/45214/7326 9040/45215/9040
f 29910/45056/29910 9044/45175/9044 14529/45211/14529
f 7324/45153/7324 18533/45177/18533 5730/45183/5730
vt 0.9481092691421509 0.2512181103229523
f 16500/45206/16500 12644/45216/12644 4181/45207/4181
vt 0.2323515862226486 0.5915099382400513
f 10781/45157/10781 14533/45204/14533 25157/45217/25157
vt 0.1607300043106079 0.3789420127868652
f 10780/45174/10780 10784/45218/10784 9044/45175/9044
vt 0.8587369918823242 0.9792159795761108
f 9040/45215/9040 7326/45214/7326 29918/45219/29918
f 12635/44995/12635 22865/45196/22865 12646/45180/12646
vt 0.6690910458564758 0.8451633453369141
f 4168/44908/4168 2717/45105/2717 22870/45220/22870
f 4168/44908/4168 22870/45220/22870 20634/45081/20634
vt 0.0412417165935040 0.9255547523498535
vt 0.0382641591131687 0.9256007075309753
vt 0.0416807867586613 0.9241392612457275
f 16502/45221/16502 9046/45222/9046 4180/45223/4180
f 10781/45157/10781 25157/45217/25157 2717/45187/2717
f 2723/45176/2723 22868/45209/22868 18533/45177/18533
vt 0.3971831202507019 0.3111458420753479
f 29905/44984/29905 25165/45023/25165 10796/45224/10796
vt 0.6963641047477722 0.1698546409606934
vt 0.7026900053024292 0.1650940030813217
f 29905/45225/29905 10796/45226/10796 14516/44902/14516
vt 0.1714875549077988 0.3705689907073975
f 12641/45139/12641 27487/45173/27487 4182/45227/4182
f 12641/45139/12641 4182/45227/4182 25156/45193/25156
vt 0.9525600075721741 0.3313730061054230
f 7325/45185/7325 4177/45171/4177 12644/45228/12644
vt 0.0412650071084499 0.9228629469871521
vt 0.0396682322025299 0.9226837754249573
f 29919/45229/29919 4180/45223/4180 16503/45230/16503
vt 0.2146359980106354 0.5697159767150879
vt 0.2159735709428787 0.5647392868995667
f 5731/45231/5731 10786/45232/10786 10785/45203/10785
vt 0.0420217104256153 0.9269556999206543
f 16502/45221/16502 25159/45233/25159 9046/45222/9046
f 16502/45221/16502 4180/45223/4180 25159/45233/25159
vt 0.0355990231037140 0.9238637685775757
f 9046/45222/9046 27489/45234/27489 4180/45223/4180
vt 0.7136790156364441 0.1720380038022995
f 14516/44902/14516 9045/45235/9045 27486/45181/27486
vt 0.2302417457103729 0.5819765925407410
f 18536/45167/18536 20635/45236/20635 12640/45168/12640
f 2720/45067/2720 7327/45047/7327 14528/45195/14528
vt 0.0421237237751484 0.9215372204780579
f 16503/45230/16503 12647/45237/12647 29919/45229/29919
f 27469/44767/27469 20634/45081/20634 4179/45160/4179
f 29919/45229/29919 12647/45237/12647 4180/45223/4180
vt 0.0369770228862762 0.9224193096160889
f 20636/45238/20636 16503/45230/16503 27489/45234/27489
vt 0.7272030115127563 0.1792120039463043
f 5731/45130/5731 2721/44993/2721 5732/45239/5732
vt 0.7338439822196960 0.1818709969520569
f 5731/45130/5731 5732/45239/5732 10786/45240/10786
vt 0.1647401154041290 0.3740319013595581
f 10784/45218/10784 14530/45241/14530 9044/45175/9044
vt 0.1835478693246841 0.3680602610111237
f 18533/45177/18533 22868/45209/22868 27488/45242/27488
f 18533/45177/18533 27488/45242/27488 5730/45183/5730
vt 0.0364243201911449 0.9276115298271179
f 9046/45222/9046 25159/45233/25159 9049/45243/9049
vt 0.8222640156745911 0.9669860005378723
f 10784/45202/10784 25156/45115/25156 14530/45244/14530
vt 0.9527604579925537 0.3392836451530457
f 16499/45179/16499 18539/45245/18539 12645/45186/12645
vt 0.9407770633697510 0.2519675791263580
f 16499/45208/16499 4181/45207/4181 18539/45246/18539
vt 0.0351692177355289 0.9255425930023193
f 9046/45222/9046 16504/45247/16504 27489/45234/27489
vt 0.2290707230567932 0.5714816451072693
f 10785/45203/10785 10786/45232/10786 9055/45248/9055
f 4180/45223/4180 27489/45234/27489 16503/45230/16503
vt 0.0427425615489483 0.9299342632293701
vt 0.0436643064022064 0.9300131201744080
vt 0.0405387245118618 0.9318343400955200
f 5733/45249/5733 14531/45250/14531 10790/45251/10790
vt 0.6761370897293091 0.8479846715927124
vt 0.6733729839324951 0.8495600223541260
f 2717/45105/2717 25157/45252/25157 4189/45253/4189
f 2717/45105/2717 4189/45253/4189 22870/45220/22870
vt 0.0332646816968918 0.9226894974708557
f 20636/45238/20636 27489/45234/27489 9047/45254/9047
f 18535/45134/18535 22868/45209/22868 29917/45188/29917
vt 0.0404284819960594 0.9285134077072144
f 5733/45249/5733 18538/45255/18538 14531/45250/14531
vt 0.9544780254364014 0.2537389993667603
vt 0.9546396136283875 0.2589601874351501
vt 0.9525293111801147 0.2536554336547852
f 9043/45256/9043 29918/45257/29918 12649/45258/12649
f 5730/45183/5730 27488/45242/27488 27487/45173/27487
f 10785/45203/10785 9055/45248/9055 18536/45167/18536
vt 0.0372293032705784 0.9184533357620239
f 20636/45238/20636 9047/45254/9047 22866/45259/22866
f 20636/45238/20636 22866/45259/22866 16503/45230/16503
vt 0.2320204526185989 0.5907238125801086
f 14533/45204/14533 12640/45168/12640 22867/45260/22867
f 27487/45173/27487 27488/45242/27488 4182/45227/4182
vt 0.2339638024568558 0.1275190263986588
vt 0.2308660000562668 0.1288660019636154
f 9043/45151/9043 12649/45261/12649 1323/45262/1323
f 9043/45151/9043 1323/45262/1323 18537/45170/18537
f 9044/45175/9044 14530/45241/14530 4182/45227/4182
vt 0.0379337631165981 0.9302135109901428
f 2724/45263/2724 18538/45255/18538 5733/45249/5733
f 9044/45175/9044 4182/45227/4182 14529/45211/14529
f 25156/45193/25156 4182/45227/4182 14530/45241/14530
vt 0.2325938045978546 0.5890860557556152
f 12640/45168/12640 20635/45236/20635 12648/45264/12648
f 2724/45263/2724 5733/45249/5733 10790/45251/10790
f 9046/45222/9046 9049/45243/9049 16504/45247/16504
vt 0.2272800058126450 0.1298989951610565
f 4177/45172/4177 18537/45170/18537 1323/45265/1323
vt 0.9506279826164246 0.2490839958190918
vt 0.9500526785850525 0.2534310519695282
f 4177/45266/4177 1323/45267/1323 12644/45216/12644
vt 0.7232949733734131 0.1795980036258698
f 2721/44993/2721 27486/45181/27486 14532/45268/14532
f 18535/45134/18535 14529/45211/14529 22868/45209/22868
vt 0.9523091316223145 0.3410087525844574
f 12645/45186/12645 18539/45245/18539 25164/45269/25164
f 12645/45186/12645 25164/45269/25164 1322/45169/1322
f 14531/45250/14531 18538/45255/18538 25159/45233/25159
vt 0.8515231609344482 0.6132027506828308
vt 0.8520863056182861 0.6117293238639832
vt 0.8542447090148926 0.6117279529571533
f 25160/45270/25160 4184/45271/4184 22869/45272/22869
vt 0.8515510559082031 0.6150738596916199
f 25160/45270/25160 22869/45272/22869 10787/45273/10787
vt 0.0321580022573471 0.9258687496185303
f 16504/45247/16504 25161/45274/25161 27489/45234/27489
f 12640/45168/12640 12648/45264/12648 22867/45260/22867
vt 0.0451755188405514 0.9333832263946533
vt 0.0462705120444298 0.9337912201881409
f 25158/45275/25158 14531/45250/14531 16505/45276/16505
f 16501/45048/16501 4183/45164/4183 1325/45194/1325
vt 0.9470273852348328 0.2537003159523010
f 4181/45207/4181 12644/45216/12644 20637/45277/20637
vt 0.9506032466888428 0.3478878438472748
f 25155/45184/25155 12646/45180/12646 10788/45278/10788
vt 0.3323182761669159 0.8008559346199036
f 25155/45138/25155 10788/45279/10788 4183/45164/4183
vt 0.0434914305806160 0.9196896553039551
f 16503/45230/16503 9050/45280/9050 12647/45237/12647
vt 0.0433157496154308 0.9196515679359436
f 16503/45230/16503 22866/45259/22866 9050/45281/9050
vt 0.0289966240525246 0.9225055575370789
f 9047/45254/9047 10789/45282/10789 22866/45259/22866
vt 0.0407583154737949 0.9341798424720764
f 7328/45283/7328 10790/45251/10790 25158/45275/25158
f 16504/45247/16504 9049/45243/9049 25161/45274/25161
vt 0.0432049930095673 0.9404737353324890
f 25158/45275/25158 16505/45276/16505 7329/45284/7329
f 14531/45250/14531 25158/45275/25158 10790/45251/10790
f 25158/45275/25158 7329/45284/7329 7328/45283/7328
vt 0.9516553878784180 0.3421167135238647
f 1322/45169/1322 25164/45269/25164 25163/45285/25163
vt 0.0473317056894302 0.9257259368896484
f 25159/45233/25159 4180/45223/4180 22870/45286/22870
f 25159/45233/25159 22870/45286/22870 14531/45250/14531
f 14533/45204/14533 22867/45260/22867 25157/45217/25157
f 2724/45263/2724 9049/45243/9049 18538/45255/18538
f 25159/45233/25159 18538/45255/18538 9049/45243/9049
vt 0.0492379926145077 0.9315432906150818
f 14531/45250/14531 25162/45287/25162 16505/45276/16505
vt 0.0452938303351402 0.9223708510398865
f 4180/45223/4180 12647/45237/12647 14537/45288/14537
f 4180/45223/4180 14537/45288/14537 22870/45286/22870
vt 0.8501234650611877 0.6159868240356445
f 10787/45273/10787 2728/45289/2728 25160/45270/25160
vt 0.2274651974439621 0.5526060461997986
vt 0.2303350716829300 0.5516321659088135
vt 0.2272833436727524 0.5539936423301697
f 25160/45290/25160 2728/45291/2728 4184/45292/4184
vt 0.2135619968175888 0.5560479760169983
vt 0.2193852663040161 0.5604056119918823
f 10786/45232/10786 5732/45293/5732 4185/45294/4185
f 12649/45258/12649 29918/45257/29918 1323/45267/1323
vt 0.0336342155933380 0.9307290315628052
f 2724/45263/2724 27490/45295/27490 9049/45243/9049
f 14516/44902/14516 10796/45226/10796 9045/45235/9045
vt 0.0476259402930737 0.9351575970649719
f 16505/45276/16505 2725/45296/2725 7329/45284/7329
vt 0.2290751636028290 0.5566950440406799
vt 0.2232994586229324 0.5528856515884399
f 4184/45292/4184 5734/45297/5734 22869/45298/22869
f 12647/45237/12647 9050/45280/9050 14537/45288/14537
f 18536/45167/18536 9055/45248/9055 20635/45236/20635
f 12644/45216/12644 1323/45267/1323 20637/45277/20637
vt 0.9455575942993164 0.2549368739128113
f 4181/45207/4181 20637/45277/20637 7331/45299/7331
vt 0.9407113790512085 0.2548875510692596
f 4181/45207/4181 7331/45299/7331 20639/45300/20639
f 4181/45207/4181 20639/45300/20639 18539/45246/18539
vt 0.0297051034867764 0.9241248965263367
f 10789/45282/10789 9047/45254/9047 4186/45301/4186
vt 0.0338528975844383 0.9325849413871765
f 2724/45263/2724 4188/45302/4188 27490/45295/27490
f 25161/45274/25161 4186/45301/4186 27489/45234/27489
f 4165/44660/4165 1325/45194/1325 20638/45127/20638
f 1322/45169/1322 25163/45285/25163 22865/45196/22865
vt 0.2317270189523697 0.5548966526985168
vt 0.2310981154441833 0.5584979057312012
vt 0.2297763079404831 0.5564597845077515
f 12650/45303/12650 16507/45304/16507 29921/45305/29921
f 27489/45234/27489 4186/45301/4186 9047/45254/9047
vt 0.9470617175102234 0.2553895413875580
f 20637/45277/20637 14535/45306/14535 7331/45299/7331
f 2724/45263/2724 10790/45251/10790 4188/45302/4188
vt 0.2323117405176163 0.5511989593505859
f 12650/45303/12650 29921/45305/29921 27491/45307/27491
vt 0.8573650717735291 0.6122131943702698
f 10787/45273/10787 22869/45272/22869 12652/45308/12652
vt 0.8515970110893250 0.6193720698356628
f 10787/45273/10787 12652/45308/12652 9051/45309/9051
vt 0.2736173868179321 0.0314417965710163
f 7327/45047/7327 18530/44959/18530 22877/45310/22877
vt 0.0279909148812294 0.9257040619850159
f 25161/45274/25161 5735/45311/5735 4186/45301/4186
f 22868/45209/22868 14529/45211/14529 27488/45242/27488
vt 0.0261439979076385 0.9237064123153687
f 10789/45282/10789 4186/45301/4186 14538/45312/14538
f 14531/45250/14531 22870/45286/22870 25162/45287/25162
vt 0.2340009510517120 0.5580157637596130
vt 0.2364018559455872 0.5577905774116516
vt 0.2337151616811752 0.5600459575653076
f 5736/45313/5736 10792/45314/10792 1324/45315/1324
vt 0.0478860065340996 0.9343832135200500
f 16505/45276/16505 25162/45287/25162 22873/45316/22873
f 29921/45305/29921 16507/45304/16507 5734/45297/5734
f 4184/45292/4184 29921/45305/29921 5734/45297/5734
vt 0.0293915122747421 0.9280800223350525
f 5735/45311/5735 25161/45274/25161 7330/45317/7330
vt 0.2772699892520905 0.0442069992423058
f 14528/45195/14528 7327/45047/7327 9048/45318/9048
vt 0.9480626583099365 0.2571187615394592
f 14535/45306/14535 20637/45277/20637 25166/45319/25166
f 16505/45276/16505 22873/45316/22873 2725/45296/2725
vt 0.2339267432689667 0.5522727370262146
f 22871/45320/22871 12650/45303/12650 27491/45307/27491
vt 0.3862308561801910 0.3035610914230347
f 7323/45002/7323 22879/45321/22879 25165/45023/25165
vt 0.0352698303759098 0.9349843263626099
f 7328/45283/7328 14534/45322/14534 10790/45251/10790
vt 0.6459267139434814 0.8341006040573120
f 18530/44988/18530 4179/45160/4179 22877/45323/22877
vt 0.0255886055529118 0.9224202632904053
f 10789/45282/10789 14538/45312/14538 29922/45324/29922
vt 0.8665032386779785 0.9825983643531799
f 29918/45219/29918 7326/45214/7326 2726/45325/2726
vt 0.9495745897293091 0.2663042247295380
vt 0.9482692480087280 0.2639378309249878
f 29918/45257/29918 2726/45326/2726 14540/45327/14540
vt 0.2336155474185944 0.5620378255844116
f 1324/45315/1324 10792/45314/10792 20642/45328/20642
f 10787/45273/10787 9051/45309/9051 2728/45289/2728
f 5735/45311/5735 14538/45312/14538 4186/45301/4186
f 27490/45295/27490 7330/45317/7330 9049/45243/9049
vt 0.8503826260566711 0.6202417612075806
f 9051/45309/9051 20641/45329/20641 2728/45289/2728
vt 0.8587673902511597 0.6150694489479065
f 9051/45309/9051 12652/45308/12652 4187/45330/4187
vt 0.8519831299781799 0.6240210533142090
f 9051/45309/9051 4187/45330/4187 18541/45331/18541
f 4184/45292/4184 2728/45291/2728 29921/45305/29921
vt 0.9469034075737000 0.2571331560611725
f 14535/45306/14535 25166/45319/25166 22872/45332/22872
vt 0.0496968813240528 0.9382587075233459
f 2725/45296/2725 14539/45333/14539 7329/45284/7329
vt 0.2388725429773331 0.5585966110229492
f 10792/45314/10792 27495/45334/27495 20642/45328/20642
vt 0.0573230013251305 0.9395520091056824
vt 0.0532471761107445 0.9439304471015930
vt 0.0532498732209206 0.9359716773033142
f 20635/45335/20635 2735/45336/2735 12648/45337/12648
vt 0.9380189180374146 0.2517033219337463
vt 0.9390582442283630 0.2509761452674866
vt 0.9391476511955261 0.2548032701015472
f 25163/45338/25163 25164/45339/25164 1330/45340/1330
vt 0.0380692183971405 0.9416724443435669
f 7328/45283/7328 16506/45341/16506 14534/45322/14534
vt 0.0302313268184662 0.9327463507652283
f 27490/45295/27490 4188/45302/4188 18543/45342/18543
f 4182/45227/4182 27488/45242/27488 14529/45211/14529
f 29918/45257/29918 14540/45327/14540 1323/45267/1323
vt 0.0241613518446684 0.9275758266448975
f 5735/45311/5735 7330/45317/7330 4190/45343/4190
vt 0.0288417115807533 0.9177170991897583
f 10789/45282/10789 29922/45324/29922 5741/45344/5741
f 12650/45303/12650 22871/45320/22871 16507/45304/16507
f 29921/45305/29921 2728/45291/2728 27491/45307/27491
f 7328/45283/7328 7329/45284/7329 16506/45341/16506
vt 0.6623935103416443 0.8405752778053284
f 20634/45081/20634 9050/45345/9050 4179/45160/4179
f 25164/45339/25164 18539/45246/18539 1330/45340/1330
vt 0.2355740666389465 0.5494525432586670
vt 0.2363955080509186 0.5499856472015381
f 22871/45320/22871 10791/45346/10791 12651/45347/12651
vt 0.0315830931067467 0.9179478287696838
f 10789/45282/10789 5741/45344/5741 5739/45348/5739
f 10789/45282/10789 5739/45348/5739 22866/45259/22866
vt 0.0243174191564322 0.9257482886314392
f 5735/45311/5735 27493/45349/27493 14538/45312/14538
vt 0.0237078797072172 0.9222640395164490
f 29922/45324/29922 14538/45312/14538 14536/45350/14536
vt 0.0282702911645174 0.9309772253036499
f 27490/45295/27490 27492/45351/27492 7330/45317/7330
vt 0.2341891527175903 0.5494384169578552
f 22871/45320/22871 22874/45352/22874 10791/45346/10791
f 5735/45311/5735 4190/45343/4190 27493/45349/27493
f 27490/45295/27490 18543/45342/18543 27492/45351/27492
vt 0.0234722867608070 0.9240509271621704
f 27493/45349/27493 16508/45353/16508 14538/45312/14538
vt 0.6647350192070007 0.8421099781990051
f 20634/45081/20634 14537/45354/14537 9050/45345/9050
vt 0.9379171729087830 0.2562136054039001
f 1330/45340/1330 20646/45355/20646 25163/45338/25163
f 22871/45320/22871 27491/45307/27491 22874/45352/22874
f 14535/45306/14535 22872/45332/22872 7331/45299/7331
f 10790/45251/10790 14534/45322/14534 4188/45302/4188
f 20637/45277/20637 1323/45267/1323 25166/45319/25166
vt 0.2228347808122635 0.5581864118576050
f 5734/45297/5734 18540/45356/18540 22869/45298/22869
f 1324/45315/1324 20642/45328/20642 16507/45304/16507
f 1324/45315/1324 16507/45304/16507 5736/45313/5736
vt 0.0496281497180462 0.9350564479827881
f 22873/45316/22873 16509/45357/16509 2725/45296/2725
f 1330/45340/1330 18539/45246/18539 20639/45300/20639
vt 0.0234299786388874 0.9230046272277832
f 14536/45350/14536 14538/45312/14538 18542/45358/18542
f 2721/44993/2721 14532/45268/14532 5732/45239/5732
vt 0.2363978028297424 0.5545111894607544
f 10792/45314/10792 5736/45313/5736 20644/45359/20644
f 22867/45260/22867 12648/45264/12648 25157/45217/25157
f 20634/45081/20634 22870/45220/22870 14537/45354/14537
vt 0.6021744012832642 0.2302118539810181
vt 0.6012546420097351 0.2303584516048431
vt 0.6018731594085693 0.2293524295091629
f 14536/45360/14536 18542/45361/18542 7332/45362/7332
vt 0.9516712427139282 0.3421761691570282
vt 0.9523569345474243 0.3439618051052094
f 25163/45363/25163 20640/45364/20640 22865/45196/22865
f 22873/45316/22873 25162/45287/25162 16509/45357/16509
vt 0.9365019798278809 0.2516320049762726
f 25163/45338/25163 20646/45355/20646 20640/45365/20640
f 9049/45243/9049 7330/45317/7330 25161/45274/25161
vt 0.2197880297899246 0.5548240542411804
vt 0.2197159975767136 0.5514640212059021
f 22869/45298/22869 2732/45366/2732 12652/45367/12652
vt 0.2384182214736938 0.5559769868850708
f 10792/45314/10792 1326/45368/1326 27495/45334/27495
vt 0.2378243505954742 0.5630984306335449
vt 0.2362178564071655 0.5685242414474487
vt 0.2357686012983322 0.5641195774078369
f 1328/45369/1328 27496/45370/27496 2727/45371/2727
vt 0.8471517562866211 0.6208465099334717
vt 0.8473370075225830 0.6222004294395447
vt 0.8461847305297852 0.6222422719001770
f 10791/45372/10791 5737/45373/5737 12651/45374/12651
vt 0.2371992468833923 0.5516422390937805
f 22871/45320/22871 12651/45347/12651 1329/45375/1329
f 1326/45368/1326 10792/45314/10792 20644/45359/20644
vt 0.8486261367797852 0.6221916079521179
f 10791/45372/10791 29925/45376/29925 5737/45373/5737
f 9051/45309/9051 18541/45331/18541 20641/45329/20641
f 1325/45194/1325 4183/45164/4183 20638/45127/20638
vt 0.0242830514907837 0.9176295995712280
f 29922/45324/29922 14536/45350/14536 12654/45377/12654
f 29922/45324/29922 12654/45377/12654 5741/45344/5741
f 2725/45296/2725 16509/45357/16509 14539/45333/14539
vt 0.5991774797439575 0.2315673977136612
vt 0.5984051823616028 0.2304922491312027
vt 0.6003170013427734 0.2303939908742905
f 27493/45378/27493 7333/45379/7333 16508/45380/16508
vt 0.2352785617113113 0.5484406352043152
f 10791/45346/10791 22874/45352/22874 29925/45381/29925
vt 0.0221104174852371 0.9291770458221436
f 27492/45351/27492 4191/45382/4191 7330/45317/7330
vt 0.2751833200454712 0.0355372764170170
f 7327/45047/7327 22877/45310/22877 25171/45383/25171
vt 0.2328569442033768 0.5908381342887878
f 25157/45217/25157 12648/45264/12648 1327/45384/1327
vt 0.6579055190086365 0.8398411273956299
f 4179/45160/4179 9050/45345/9050 22866/45385/22866
vt 0.0313058681786060 0.9354569911956787
f 14534/45322/14534 5738/45386/5738 4188/45302/4188
vt 0.2393634766340256 0.5607112646102905
f 1328/45369/1328 2727/45371/2727 20643/45387/20643
f 7332/45362/7332 18542/45361/18542 16508/45380/16508
vt 0.6011598110198975 0.2267335653305054
f 7332/45362/7332 16508/45380/16508 12653/45388/12653
f 5734/45297/5734 16507/45304/16507 18540/45356/18540
vt 0.8470926880836487 0.6248099803924561
f 5737/45373/5737 27497/45389/27497 12651/45374/12651
vt 0.2330050021409988 0.5492010116577148
f 2728/45291/2728 20641/45390/20641 27491/45307/27491
vt 0.0231100004166365 0.9264519810676575
f 27493/45349/27493 4190/45343/4190 7333/45391/7333
f 14538/45312/14538 16508/45353/16508 18542/45358/18542
vt 0.6063987612724304 0.2254807800054550
f 7332/45362/7332 12653/45388/12653 12654/45392/12654
f 7332/45362/7332 12654/45392/12654 14536/45360/14536
vt 0.2335834056138992 0.5920855998992920
f 25157/45217/25157 1327/45384/1327 4189/45393/4189
vt 0.2297786772251129 0.5646725296974182
f 27496/45370/27496 4192/45394/4192 2727/45371/2727
vt 0.2179172188043594 0.5527136325836182
f 12652/45367/12652 2732/45366/2732 22875/45395/22875
f 27491/45307/27491 20641/45390/20641 22874/45352/22874
f 22871/45320/22871 20644/45359/20644 16507/45304/16507
vt 0.5976545214653015 0.2278876900672913
f 7333/45379/7333 27499/45396/27499 16508/45380/16508
vt 0.3504724800586700 0.3030400276184082
vt 0.3531082272529602 0.2984561920166016
f 12636/45154/12636 20638/45397/20638 2729/45398/2729
vt 0.8612493872642517 0.6134214401245117
f 12652/45308/12652 22875/45399/22875 4187/45330/4187
vt 0.2413223683834076 0.5529323816299438
vt 0.2426955103874207 0.5555322766304016
f 27494/45400/27494 29923/45401/29923 1326/45368/1326
vt 0.9362546801567078 0.2548884451389313
f 20646/45355/20646 22878/45402/22878 20640/45365/20640
f 12646/45180/12646 22865/45196/22865 10788/45278/10788
f 1326/45368/1326 20644/45359/20644 27494/45400/27494
vt 0.0515739247202873 0.9351882934570312
f 16509/45357/16509 25162/45287/25162 1327/45403/1327
vt 0.2415809929370880 0.5616047978401184
f 1328/45369/1328 12655/45404/12655 27496/45370/27496
vt 0.9467921853065491 0.2593554258346558
f 22872/45332/22872 25166/45319/25166 16510/45405/16510
f 5738/45386/5738 18543/45342/18543 4188/45302/4188
f 5736/45313/5736 16507/45304/16507 20644/45359/20644
f 1323/45267/1323 14540/45327/14540 25166/45319/25166
f 22871/45320/22871 1329/45375/1329 20644/45359/20644
f 1328/45369/1328 20643/45387/20643 12655/45404/12655
vt 0.5993244647979736 0.2254660874605179
f 27499/45396/27499 18545/45406/18545 16508/45380/16508
vt 0.0245951339602470 0.9312967658042908
f 27492/45351/27492 18544/45407/18544 4191/45382/4191
f 1326/45368/1326 29923/45401/29923 27495/45334/27495
vt 0.0332767739892006 0.9424207806587219
f 5738/45386/5738 14534/45322/14534 9052/45408/9052
f 22865/45196/22865 20640/45364/20640 10788/45278/10788
vt 0.0243731327354908 0.9330207705497742
f 27492/45351/27492 18543/45342/18543 16511/45409/16511
f 2727/45371/2727 4192/45394/4192 20642/45328/20642
f 27497/45389/27497 5737/45373/5737 29925/45376/29925
vt 0.0519382581114769 0.9336574077606201
f 22870/45286/22870 4189/45410/4189 25162/45287/25162
vt 0.8593812584877014 0.6208233237266541
f 4187/45330/4187 27500/45411/27500 18541/45331/18541
f 16509/45357/16509 1327/45403/1327 14539/45333/14539
vt 0.2398636341094971 0.5519056320190430
f 27494/45400/27494 20644/45359/20644 7338/45412/7338
f 16507/45304/16507 20642/45328/20642 4192/45394/4192
f 16507/45304/16507 4192/45394/4192 18540/45356/18540
f 20642/45328/20642 27495/45334/27495 20643/45387/20643
vt 0.0269380751997232 0.9358502626419067
f 5738/45386/5738 2731/45413/2731 18543/45342/18543
vt 0.5970846414566040 0.2318916022777557
vt 0.5959087014198303 0.2277417331933975
f 7333/45379/7333 4190/45414/4190 22876/45415/22876
vt 0.8444010019302368 0.6244943141937256
f 12651/45374/12651 27497/45389/27497 27498/45416/27498
vt 0.2393669933080673 0.5490229725837708
f 12651/45347/12651 27498/45417/27498 1329/45375/1329
f 20642/45328/20642 20643/45387/20643 2727/45371/2727
f 7330/45317/7330 4191/45382/4191 4190/45343/4190
vt 0.9458847045898438 0.2618058323860168
f 22872/45332/22872 16510/45405/16510 7339/45418/7339
f 22872/45332/22872 7339/45418/7339 7331/45299/7331
vt 0.6008707880973816 0.2234235703945160
f 7334/45419/7334 12653/45388/12653 18545/45406/18545
f 12648/45337/12648 14539/45333/14539 1327/45403/1327
f 27492/45351/27492 16511/45409/16511 18544/45407/18544
vt 0.0230882633477449 0.9312055706977844
f 18544/45407/18544 2730/45420/2730 4191/45382/4191
f 7333/45379/7333 22876/45415/22876 27499/45396/27499
f 16506/45341/16506 9052/45408/9052 14534/45322/14534
vt 0.8486501574516296 0.6200175881385803
f 20641/45329/20641 29925/45376/29925 22874/45421/22874
vt 0.3617814779281616 0.2987685203552246
f 29920/44970/29920 12636/45154/12636 7341/45422/7341
vt 0.6052252054214478 0.2202062308788300
f 12653/45388/12653 7334/45419/7334 29924/45423/29924
vt 0.2159470021724701 0.5559290051460266
f 5732/45293/5732 14532/45424/14532 4185/45294/4185
f 16508/45380/16508 18545/45406/18545 12653/45388/12653
vt 0.2245429605245590 0.5663223266601562
f 10786/45232/10786 14545/45425/14545 9055/45248/9055
f 10786/45232/10786 4185/45294/4185 14545/45425/14545
vt 0.9411133527755737 0.2594406604766846
f 7331/45299/7331 7339/45418/7339 5742/45426/5742
f 7331/45299/7331 5742/45426/5742 20639/45300/20639
f 20641/45329/20641 18541/45331/18541 29925/45376/29925
f 25162/45287/25162 4189/45410/4189 1327/45403/1327
vt 0.8473154306411743 0.6268922090530396
f 27497/45389/27497 29925/45376/29925 20645/45427/20645
vt 0.2432906925678253 0.5589549541473389
vt 0.2450174391269684 0.5602101087570190
f 12655/45404/12655 14541/45428/14541 20648/45429/20648
f 12655/45404/12655 20643/45387/20643 14541/45428/14541
f 5738/45386/5738 9052/45408/9052 2731/45413/2731
vt 0.8792260289192200 0.9653630256652832
vt 0.8781008124351501 0.9737454652786255
f 1317/45213/1317 14528/45430/14528 22884/45431/22884
f 1317/45213/1317 22884/45431/22884 7326/45214/7326
f 27497/45389/27497 20645/45427/20645 27498/45416/27498
vt 0.5973596572875977 0.2248009592294693
f 27499/45396/27499 25167/45432/25167 18545/45406/18545
vt 0.3431069254875183 0.8061022758483887
f 4183/45164/4183 12656/45433/12656 20638/45127/20638
vt 0.3383570015430450 0.8038820028305054
f 4183/45164/4183 7335/45434/7335 12656/45433/12656
f 4183/45164/4183 10788/45279/10788 7335/45434/7335
vt 0.8502184152603149 0.6278217434883118
f 29925/45376/29925 7336/45435/7336 20645/45427/20645
f 1329/45375/1329 7338/45412/7338 20644/45359/20644
vt 0.2417577952146530 0.5500475764274597
vt 0.2443260699510574 0.5512447953224182
f 27494/45400/27494 14544/45436/14544 29926/45437/29926
vt 0.0231720004230738 0.9316580295562744
f 2730/45438/2730 18544/45407/18544 16511/45409/16511
vt 0.9468415975570679 0.2617897093296051
f 16510/45405/16510 18546/45439/18546 7339/45418/7339
f 27499/45396/27499 22876/45415/22876 25167/45432/25167
f 16510/45405/16510 25166/45319/25166 14540/45327/14540
f 16510/45405/16510 14540/45327/14540 18546/45439/18546
f 4187/45330/4187 22875/45399/22875 27500/45411/27500
vt 0.8455275297164917 0.6297901868820190
f 20645/45427/20645 12661/45440/12661 27498/45416/27498
vt 0.6004863381385803 0.2184431850910187
vt 0.5992653369903564 0.2214087992906570
f 10793/45441/10793 7334/45419/7334 10795/45442/10795
vt 0.8523855805397034 0.6285834312438965
f 18541/45331/18541 20649/45443/20649 7336/45435/7336
f 7334/45419/7334 18545/45406/18545 10795/45442/10795
f 27494/45400/27494 29926/45437/29926 29923/45401/29923
f 2731/45413/2731 16511/45409/16511 18543/45342/18543
f 29925/45376/29925 18541/45331/18541 7336/45435/7336
vt 0.6526139974594116 0.8385869860649109
f 4179/45160/4179 22866/45385/22866 5739/45444/5739
vt 0.5969441533088684 0.2215258479118347
f 10794/45445/10794 10795/45442/10795 25167/45432/25167
f 25167/45432/25167 22876/45415/22876 10794/45445/10794
f 22869/45298/22869 18540/45356/18540 2732/45366/2732
f 27494/45400/27494 7338/45412/7338 14544/45436/14544
vt 0.2474251985549927 0.5526244044303894
f 29926/45437/29926 27501/45446/27501 29923/45401/29923
vt 0.8765750527381897 0.9771839976310730
f 7326/45214/7326 22884/45431/22884 18549/45447/18549
vt 0.8589898943901062 0.6266112327575684
f 18541/45331/18541 27500/45411/27500 29927/45448/29927
f 18541/45331/18541 29927/45448/29927 20649/45443/20649
vt 0.9534260034561157 0.3451710045337677
f 20640/45364/20640 22878/45449/22878 10788/45278/10788
vt 0.6019567847251892 0.2177346646785736
f 7334/45419/7334 10793/45441/10793 5740/45450/5740
f 7334/45419/7334 5740/45450/5740 29924/45423/29924
vt 0.5946307182312012 0.2303735911846161
f 4190/45414/4190 4191/45451/4191 22876/45415/22876
vt 0.8478179574012756 0.6302585005760193
f 16512/45452/16512 20645/45427/20645 7336/45435/7336
vt 0.5927174091339111 0.2309936285018921
vt 0.5919133424758911 0.2273124456405640
f 2730/45453/2730 20647/45454/20647 4191/45451/4191
vt 0.5914507508277893 0.2327562123537064
vt 0.5904112458229065 0.2301457673311234
f 2730/45453/2730 16511/45455/16511 20651/45456/20651
vt 0.2345371246337891 0.5773341655731201
f 20635/45236/20635 9055/45248/9055 2735/45457/2735
vt 0.8675749897956848 0.6176829934120178
vt 0.8632480502128601 0.6194536089897156
vt 0.8658801317214966 0.6143121123313904
f 9045/45458/9045 12658/45459/12658 27486/45460/27486
f 18545/45406/18545 25167/45432/25167 10795/45442/10795
vt 0.0235578566789627 0.9341143369674683
f 2731/45413/2731 29928/45461/29928 16511/45409/16511
f 27498/45417/27498 7338/45412/7338 1329/45375/1329
vt 0.9396074414253235 0.2609093785285950
f 1330/45340/1330 4195/45462/4195 20646/45355/20646
vt 0.8402478098869324 0.6273203492164612
vt 0.8410091400146484 0.6273567676544189
vt 0.8389455080032349 0.6282545924186707
f 29926/45463/29926 7337/45464/7337 27501/45465/27501
vt 0.2453386932611465 0.5499176383018494
vt 0.2437630146741867 0.5485422611236572
f 7337/45466/7337 29926/45437/29926 12659/45467/12659
vt 0.5970151424407959 0.2145127356052399
f 5740/45450/5740 10793/45441/10793 9053/45468/9053
f 12655/45404/12655 20648/45429/20648 27496/45370/27496
f 27495/45334/27495 14541/45428/14541 20643/45387/20643
f 27495/45334/27495 29923/45401/29923 14541/45428/14541
vt 0.8640488982200623 0.6100378036499023
f 27486/45460/27486 12658/45459/12658 14532/45469/14532
vt 0.2459319978952408 0.5574029684066772
vt 0.2480149716138840 0.5582638382911682
f 20648/45429/20648 16513/45470/16513 18547/45471/18547
f 2729/45398/2729 7341/45422/7341 12636/45154/12636
f 20648/45429/20648 14541/45428/14541 16513/45470/16513
vt 0.0235216356813908 0.9364579319953918
f 2731/45413/2731 12660/45472/12660 29928/45461/29928
f 1330/45340/1330 20639/45300/20639 5742/45426/5742
f 1330/45340/1330 5742/45426/5742 4195/45462/4195
f 29926/45437/29926 14544/45436/14544 12659/45467/12659
vt 0.8503587841987610 0.6328538656234741
f 20649/45443/20649 14543/45473/14543 7336/45435/7336
vt 0.6501827239990234 0.8381756544113159
f 4179/45160/4179 5739/45444/5739 5741/45474/5741
vt 0.9469839930534363 0.2640185952186584
f 18546/45439/18546 14540/45327/14540 25168/45475/25168
vt 0.8415293097496033 0.6296993494033813
vt 0.8410118222236633 0.6315513849258423
f 7337/45464/7337 14542/45476/14542 20650/45477/20650
f 16512/45452/16512 7336/45435/7336 14543/45473/14543
f 7337/45464/7337 20650/45477/20650 27501/45465/27501
f 20645/45427/20645 16512/45452/16512 12661/45440/12661
f 18546/45439/18546 25168/45475/25168 7339/45418/7339
f 4179/45160/4179 5741/45474/5741 22877/45323/22877
vt 0.5948953628540039 0.2153446376323700
vt 0.5980073213577271 0.2176717221736908
f 10794/45445/10794 16514/45478/16514 25169/45479/25169
vt 0.8425720334053040 0.6264417171478271
vt 0.8432190418243408 0.6303571462631226
f 7337/45464/7337 12659/45480/12659 16515/45481/16515
f 9053/45468/9053 10793/45441/10793 25169/45479/25169
f 20647/45454/20647 2730/45453/2730 20651/45456/20651
vt 0.8430680036544800 0.6246460080146790
vt 0.8430770039558411 0.6237069964408875
f 27498/45416/27498 14544/45482/14544 7338/45483/7338
f 7337/45464/7337 16515/45481/16515 14542/45476/14542
vt 0.5915796756744385 0.2228270173072815
f 20647/45454/20647 4194/45484/4194 4191/45451/4191
f 10793/45441/10793 10795/45442/10795 25169/45479/25169
f 10794/45445/10794 25169/45479/25169 10795/45442/10795
f 12648/45337/12648 2735/45336/2735 14539/45333/14539
vt 0.8526819348335266 0.6338386535644531
f 20649/45443/20649 4193/45485/4193 14543/45473/14543
f 14532/45469/14532 12658/45459/12658 22875/45399/22875
vt 0.2417429983615875 0.5700460076332092
vt 0.2358199954032898 0.5727642178535461
f 27496/45370/27496 12657/45486/12657 2733/45487/2733
vt 0.2318665832281113 0.5687962770462036
f 4192/45394/4192 27496/45370/27496 16522/45488/16522
f 20649/45443/20649 29927/45448/29927 4193/45485/4193
f 12653/45388/12653 29924/45423/29924 12654/45392/12654
vt 0.5894871354103088 0.2248527556657791
f 20647/45454/20647 20651/45456/20651 10798/45489/10798
vt 0.5945643186569214 0.2181118279695511
f 16514/45478/16514 10794/45445/10794 4197/45490/4197
f 22875/45395/22875 2732/45366/2732 14532/45424/14532
f 22875/45399/22875 12658/45459/12658 27500/45411/27500
f 14532/45424/14532 2732/45366/2732 4185/45294/4185
vt 0.2533359229564667 0.5592012405395508
f 18547/45471/18547 12662/45491/12662 20648/45429/20648
vt 0.8478446006774902 0.6335829496383667
f 16512/45452/16512 29929/45492/29929 12661/45440/12661
vt 0.5937128067016602 0.2208413332700729
f 10794/45445/10794 22876/45415/22876 10797/45493/10797
f 14541/45428/14541 29923/45401/29923 16513/45470/16513
f 14544/45482/14544 27498/45416/27498 12659/45480/12659
vt 0.5878691077232361 0.2326767295598984
vt 0.5900700092315674 0.2329210042953491
f 12660/45494/12660 20651/45456/20651 29928/45495/29928
vt 0.3479503989219666 0.8112377524375916
f 20638/45127/20638 12656/45433/12656 2729/45496/2729
vt 0.2503237426280975 0.5565130710601807
f 18547/45471/18547 16513/45470/16513 27502/45497/27502
f 2732/45366/2732 18540/45356/18540 4185/45294/4185
f 18547/45471/18547 27502/45497/27502 12662/45491/12662
f 29928/45495/29928 20651/45456/20651 16511/45455/16511
vt 0.9363590478897095 0.2603566348552704
f 20646/45355/20646 16520/45498/16520 22878/45402/22878
vt 0.0473136343061924 0.9450306892395020
f 14539/45333/14539 2735/45336/2735 5743/45499/5743
vt 0.9382671713829041 0.2623794972896576
f 20646/45355/20646 4195/45462/4195 25170/45500/25170
f 27498/45416/27498 12661/45440/12661 16515/45481/16515
f 27498/45416/27498 16515/45481/16515 12659/45480/12659
vt 0.9331327676773071 0.2589198052883148
vt 0.9327425956726074 0.2523384690284729
f 22878/45402/22878 5745/45501/5745 10788/45502/10788
vt 0.8414636850357056 0.6328343749046326
f 20650/45477/20650 14542/45476/14542 27503/45503/27503
f 7323/45002/7323 29920/44970/29920 22879/45321/22879
f 27496/45370/27496 2733/45487/2733 16522/45488/16522
vt 0.5867228507995605 0.2281643152236938
f 12660/45494/12660 18548/45504/18548 20651/45456/20651
f 29929/45492/29929 16512/45452/16512 14543/45473/14543
vt 0.2503599524497986 0.5546326637268066
f 27502/45497/27502 16513/45470/16513 12663/45505/12663
f 10794/45445/10794 10797/45493/10797 4197/45490/4197
f 20647/45454/20647 10798/45489/10798 4194/45484/4194
vt 0.2489846497774124 0.5657622218132019
f 27496/45370/27496 20648/45429/20648 16525/45506/16525
f 27496/45370/27496 16525/45506/16525 12657/45486/12657
vt 0.9469039440155029 0.2664515972137451
f 25168/45475/25168 14540/45327/14540 20652/45507/20652
vt 0.2771959006786346 0.0392240434885025
f 7327/45047/7327 25171/45383/25171 5744/45508/5744
vt 0.8562009930610657 0.6330819725990295
f 4193/45485/4193 29927/45448/29927 1331/45509/1331
f 25169/45479/25169 16514/45478/16514 9053/45468/9053
f 29923/45401/29923 27501/45446/27501 16513/45470/16513
vt 0.6446392536163330 0.8370751738548279
f 22877/45323/22877 5741/45474/5741 12654/45510/12654
vt 0.5986024141311646 0.2146377414464951
f 5740/45450/5740 9053/45468/9053 16516/45511/16516
vt 0.5909990668296814 0.2200445085763931
f 4194/45484/4194 29930/45512/29930 10797/45493/10797
f 14539/45333/14539 5743/45499/5743 7329/45284/7329
vt 0.5926863551139832 0.2157349586486816
f 16514/45478/16514 4197/45490/4197 9054/45513/9054
f 9053/45468/9053 16514/45478/16514 9054/45513/9054
vt 0.0288677681237459 0.9430238008499146
f 2731/45413/2731 9052/45408/9052 12668/45514/12668
vt 0.8485535383224487 0.6367089748382568
vt 0.8475764989852905 0.6364203691482544
f 29929/45492/29929 29932/45515/29932 22882/45516/22882
f 4191/45451/4191 4194/45484/4194 22876/45415/22876
vt 0.8568779826164246 0.6363679766654968
f 4193/45485/4193 1331/45509/1331 9059/45517/9059
f 14542/45476/14542 16515/45481/16515 27503/45503/27503
vt 0.8608550429344177 0.6245206594467163
f 27500/45411/27500 7340/45518/7340 29927/45448/29927
vt 0.2530486285686493 0.5544662475585938
f 27502/45497/27502 22880/45519/22880 12662/45491/12662
vt 0.8386011123657227 0.6315861344337463
f 20650/45477/20650 2734/45520/2734 27501/45465/27501
vt 0.8392634391784668 0.6347973942756653
f 20650/45477/20650 2737/45521/2737 2734/45520/2734
vt 0.0248188450932503 0.9437380433082581
f 12660/45472/12660 2731/45413/2731 22881/45522/22881
f 27502/45497/27502 12663/45505/12663 22880/45519/22880
vt 0.8506662249565125 0.6362058520317078
f 29929/45492/29929 14543/45473/14543 4196/45523/4196
f 29929/45492/29929 4196/45523/4196 29932/45515/29932
f 4193/45485/4193 4196/45523/4196 14543/45473/14543
f 20646/45355/20646 25170/45500/25170 16520/45498/16520
f 7327/45047/7327 5744/45508/5744 9048/45318/9048
vt 0.8722591400146484 0.9822022318840027
f 7326/45214/7326 29939/45524/29939 2726/45325/2726
f 7326/45214/7326 18549/45447/18549 29939/45524/29939
vt 0.9412181377410889 0.2648672163486481
f 7339/45418/7339 10799/45525/10799 5742/45426/5742
vt 0.8410943150520325 0.6352137923240662
f 27503/45503/27503 16521/45526/16521 20650/45477/20650
vt 0.5912547707557678 0.2165924757719040
f 29930/45512/29930 29931/45527/29931 10797/45493/10797
f 25168/45475/25168 20652/45507/20652 7339/45418/7339
f 16513/45470/16513 27501/45446/27501 12663/45505/12663
f 22876/45415/22876 4194/45484/4194 10797/45493/10797
f 29931/45527/29931 9054/45513/9054 10797/45493/10797
vt 0.8548560142517090 0.6373919844627380
f 4193/45485/4193 9059/45517/9059 16517/45528/16517
f 25165/45023/25165 22879/45321/22879 10796/45224/10796
vt 0.8461608886718750 0.6371455192565918
f 29929/45492/29929 22882/45516/22882 16518/45529/16518
vt 0.5887805223464966 0.2205240577459335
f 29930/45512/29930 4194/45484/4194 4199/45530/4199
vt 0.5799537301063538 0.2303305119276047
f 18548/45504/18548 12660/45494/12660 29944/45531/29944
f 20650/45477/20650 16521/45526/16521 2737/45521/2737
f 29929/45492/29929 16518/45529/16518 12661/45440/12661
f 4194/45484/4194 10798/45489/10798 4199/45530/4199
vt 0.8429973721504211 0.6356675028800964
f 27503/45503/27503 18550/45532/18550 16521/45526/16521
f 18540/45356/18540 14545/45425/14545 4185/45294/4185
f 27503/45503/27503 16515/45481/16515 18550/45532/18550
vt 0.5954843163490295 0.2128455787897110
f 9053/45468/9053 9054/45513/9054 20653/45533/20653
vt 0.8447787761688232 0.6366595625877380
f 12661/45440/12661 29935/45534/29935 16515/45481/16515
f 20651/45456/20651 18548/45504/18548 10798/45489/10798
f 18540/45356/18540 4192/45394/4192 14545/45425/14545
vt 0.9946750998497009 0.6561537981033325
vt 0.9916650056838989 0.6566410064697266
vt 0.9935830235481262 0.6562690138816833
f 4193/45535/4193 16517/45536/16517 4196/45537/4196
vt 0.9468778967857361 0.2686540186405182
f 14540/45327/14540 16519/45538/16519 20652/45507/20652
vt 0.5861909389495850 0.2247124016284943
f 4198/45539/4198 10798/45489/10798 18548/45504/18548
f 29930/45512/29930 4199/45530/4199 29931/45527/29931
vt 0.2519275844097137 0.5513821244239807
f 27501/45446/27501 2734/45540/2734 12663/45505/12663
vt 0.5823240280151367 0.2335630059242249
f 12660/45494/12660 22881/45541/22881 29944/45531/29944
f 27500/45411/27500 12658/45459/12658 7340/45518/7340
vt 0.2753263413906097 0.0298222284764051
vt 0.2762353420257568 0.0323317833244801
f 22877/45310/22877 12654/45542/12654 29924/45543/29924
vt 0.3492845296859741 0.2922364175319672
vt 0.3596701622009277 0.2917044758796692
f 2729/45398/2729 12656/45544/12656 27508/45545/27508
vt 0.2547833323478699 0.5523819327354431
f 22880/45519/22880 25172/45546/25172 12662/45491/12662
vt 0.5889310240745544 0.2164473235607147
f 29931/45527/29931 4199/45530/4199 9056/45547/9056
f 22877/45310/22877 29924/45543/29924 25171/45383/25171
f 4192/45394/4192 9055/45248/9055 14545/45425/14545
f 12661/45440/12661 16518/45529/16518 29935/45534/29935
vt 0.5546460747718811 0.2270819097757339
vt 0.5576621890068054 0.2253021001815796
vt 0.5553505420684814 0.2278666198253632
f 29932/45548/29932 20654/45549/20654 22882/45550/22882
f 10797/45493/10797 9054/45513/9054 4197/45490/4197
vt 0.2373339980840683 0.5727789998054504
f 2733/45487/2733 12657/45486/12657 5743/45551/5743
vt 0.6012470126152039 0.2164076119661331
f 5740/45450/5740 22885/45552/22885 29924/45423/29924
f 5740/45450/5740 16516/45511/16516 22885/45552/22885
f 22878/45402/22878 16520/45498/16520 5745/45501/5745
vt 0.9281848669052124 0.2573439478874207
f 10788/45502/10788 5745/45501/5745 7335/45553/7335
f 7339/45418/7339 20652/45507/20652 10799/45525/10799
f 4192/45394/4192 16522/45488/16522 9055/45248/9055
f 22880/45519/22880 12663/45505/12663 25172/45546/25172
f 14540/45327/14540 2726/45326/2726 16519/45538/16519
vt 0.8410210609436035 0.6377722024917603
f 29933/45554/29933 16521/45526/16521 18550/45532/18550
f 16515/45481/16515 29935/45534/29935 18550/45532/18550
f 9055/45248/9055 2733/45487/2733 2735/45457/2735
vt 0.5527039766311646 0.2254849970340729
vt 0.5526348948478699 0.2272988855838776
f 16517/45555/16517 20654/45549/20654 4196/45556/4196
vt 0.5578408241271973 0.2230163216590881
f 16517/45555/16517 22883/45557/22883 20654/45549/20654
vt 0.5511608123779297 0.2242311388254166
f 16517/45555/16517 9059/45558/9059 22883/45557/22883
vt 0.9499629735946655 0.0011708277743310
vt 0.9518721103668213 0.0023369234986603
vt 0.9494123458862305 0.0062196278013289
f 29927/45559/29927 7340/45560/7340 4201/45561/4201
vt 0.9470192790031433 0.0049854591488838
f 29927/45559/29927 4201/45561/4201 1331/45562/1331
vt 0.5852714180946350 0.2232211381196976
vt 0.5861515998840332 0.2215013653039932
f 4198/45539/4198 10800/45563/10800 14546/45564/14546
f 4198/45539/4198 14546/45564/14546 4199/45530/4199
f 4198/45539/4198 4199/45530/4199 10798/45489/10798
vt 0.5878559350967407 0.2128285914659500
f 29931/45527/29931 29934/45565/29934 9054/45513/9054
f 29931/45527/29931 9056/45547/9056 29934/45565/29934
vt 0.3856671154499054 0.2565187215805054
vt 0.3952084481716156 0.2625820636749268
vt 0.3822318911552429 0.2699935734272003
f 14528/45566/14528 9048/45567/9048 27507/45568/27507
vt 0.3795884251594543 0.2639860808849335
f 14528/45566/14528 27507/45568/27507 22884/45569/22884
vt 0.2562481462955475 0.5522791147232056
f 25172/45546/25172 29937/45570/29937 12662/45491/12662
f 16522/45488/16522 2733/45487/2733 9055/45248/9055
vt 0.5616166591644287 0.2312084138393402
vt 0.5606999993324280 0.2311850041151047
vt 0.5614498853683472 0.2299836874008179
f 29933/45571/29933 18550/45572/18550 20655/45573/20655
f 29932/45548/29932 4196/45556/4196 20654/45549/20654
vt 0.0505170002579689 0.9463739991188049
f 2733/45574/2733 5743/45499/5743 2735/45336/2735
f 9053/45468/9053 20653/45533/20653 16516/45511/16516
vt 0.5822462439537048 0.2234559208154678
f 18548/45504/18548 29944/45531/29944 25173/45575/25173
f 18548/45504/18548 25173/45575/25173 4198/45539/4198
vt 0.8634210228919983 0.6237540245056152
f 7340/45518/7340 12658/45459/12658 2736/45576/2736
f 20648/45429/20648 12662/45491/12662 16525/45506/16525
f 2734/45540/2734 25172/45546/25172 12663/45505/12663
f 4195/45462/4195 5742/45426/5742 10799/45525/10799
vt 0.8389144539833069 0.6378890275955200
f 16521/45526/16521 12664/45577/12664 2737/45521/2737
f 16521/45526/16521 29933/45554/29933 12664/45577/12664
vt 0.2769750058650970 0.0349050015211105
f 29924/45543/29924 22885/45578/22885 25171/45383/25171
f 4198/45539/4198 25173/45575/25173 10800/45563/10800
vt 0.5595611929893494 0.2302318513393402
f 18550/45572/18550 29936/45579/29936 20655/45573/20655
f 9054/45513/9054 29934/45565/29934 20653/45533/20653
vt 0.9395155906677246 0.2661623954772949
f 4195/45462/4195 16523/45580/16523 25170/45500/25170
f 2729/45398/2729 27508/45545/27508 7341/45422/7341
vt 0.2592672109603882 0.5576331019401550
f 12662/45491/12662 29937/45570/29937 27504/45581/27504
vt 0.0418481417000294 0.9459345936775208
f 5743/45499/5743 16525/45582/16525 7329/45284/7329
vt 0.2547495067119598 0.5511623620986938
f 25172/45546/25172 16524/45583/16524 29937/45570/29937
vt 0.2774688601493835 0.0362015590071678
f 25171/45383/25171 22885/45578/22885 16516/45584/16516
f 7329/45284/7329 16525/45582/16525 16506/45341/16506
f 4195/45462/4195 10799/45525/10799 16523/45580/16523
vt 0.3497630059719086 0.2859930098056793
f 12656/45544/12656 7335/45585/7335 27508/45545/27508
vt 0.8377122879028320 0.6341418623924255
f 2734/45520/2734 2737/45521/2737 16524/45586/16524
f 2734/45540/2734 16524/45583/16524 25172/45546/25172
vt 0.5870313644409180 0.2183539122343063
f 14546/45564/14546 9057/45587/9057 4199/45530/4199
vt 0.5596148371696472 0.2247360497713089
vt 0.5616828799247742 0.2244460731744766
f 20654/45549/20654 9058/45588/9058 14548/45589/14548
vt 0.5598154067993164 0.2264390140771866
f 20654/45549/20654 14548/45589/14548 10801/45590/10801
f 25171/45383/25171 16516/45584/16516 5744/45508/5744
vt 0.9481437802314758 0.2730175256729126
f 16519/45538/16519 2726/45326/2726 29939/45591/29939
vt 0.9455896019935608 0.2712170779705048
f 16519/45538/16519 14547/45592/14547 20652/45507/20652
vt 0.5568042993545532 0.2295019775629044
f 22882/45550/22882 10801/45590/10801 16518/45593/16518
vt 0.9469264745712280 0.2716804742813110
f 16519/45538/16519 22886/45594/22886 14547/45592/14547
vt 0.5970748662948608 0.2116277217864990
f 16516/45511/16516 20653/45533/20653 5744/45595/5744
vt 0.5638566613197327 0.2304773628711700
f 29933/45571/29933 20655/45573/20655 12664/45596/12664
f 22883/45557/22883 9058/45588/9058 20654/45549/20654
vt 0.0451837740838528 0.9477114081382751
f 12657/45597/12657 16525/45582/16525 5743/45499/5743
vt 0.2558380067348480 0.5612080097198486
f 12662/45491/12662 1332/45598/1332 16525/45506/16525
vt 0.8432965278625488 0.6377714872360229
f 18550/45532/18550 29935/45534/29935 29936/45599/29936
vt 0.9459748864173889 0.0102905696257949
f 1331/45562/1331 4201/45561/4201 1335/45600/1335
vt 0.9437775611877441 0.0079872421920300
f 1331/45562/1331 1335/45600/1335 9059/45601/9059
f 16519/45538/16519 29939/45591/29939 22886/45594/22886
vt 0.8357807993888855 0.6365067362785339
vt 0.8355519175529480 0.6386919617652893
vt 0.8330085873603821 0.6399276852607727
f 29937/45602/29937 25174/45603/25174 22887/45604/22887
vt 0.8368099927902222 0.6364486813545227
f 2737/45521/2737 12664/45577/12664 16524/45605/16524
f 9057/45587/9057 9056/45547/9056 4199/45530/4199
vt 0.9401537179946899 0.2728914618492126
f 20652/45507/20652 14547/45592/14547 12665/45606/12665
f 20652/45507/20652 12665/45606/12665 10799/45525/10799
vt 0.9379101395606995 0.2674567401409149
f 16523/45580/16523 5746/45607/5746 25170/45500/25170
vt 0.8320450186729431 0.6368529796600342
f 29937/45602/29937 22887/45604/22887 27504/45608/27504
vt 0.5621763467788696 0.2261057496070862
f 29938/45609/29938 20655/45573/20655 10801/45590/10801
f 20655/45573/20655 29938/45609/29938 12664/45596/12664
f 20655/45573/20655 29936/45579/29936 10801/45590/10801
vt 0.9362417459487915 0.2663155198097229
f 25170/45500/25170 18552/45610/18552 16520/45498/16520
vt 0.9569904208183289 0.0009389542392455
vt 0.9591279625892639 0.0032812871504575
vt 0.9543364644050598 0.0036202284973115
f 12658/45611/12658 9045/45612/9045 2736/45613/2736
vt 0.5580959916114807 0.2307649999856949
f 16518/45593/16518 10801/45590/10801 29935/45614/29935
f 22882/45550/22882 20654/45549/20654 10801/45590/10801
f 29937/45602/29937 16524/45605/16524 25174/45603/25174
f 29935/45614/29935 10801/45590/10801 29936/45579/29936
vt 0.5857494473457336 0.2160758525133133
f 9057/45587/9057 12666/45615/12666 9056/45547/9056
vt 0.9581648707389832 0.0162336938083172
vt 0.9523071646690369 0.0075320708565414
f 9045/45612/9045 10796/45616/10796 25175/45617/25175
f 9045/45612/9045 25175/45617/25175 2736/45613/2736
vt 0.9470359683036804 0.2733752131462097
f 18551/45618/18551 22886/45594/22886 29939/45591/29939
f 12662/45491/12662 27504/45581/27504 1332/45598/1332
f 22886/45594/22886 18551/45618/18551 14547/45592/14547
f 7340/45560/7340 2736/45613/2736 25175/45617/25175
f 7340/45560/7340 25175/45617/25175 4201/45561/4201
f 25170/45500/25170 5746/45607/5746 18552/45610/18552
vt 0.9472194314002991 0.2752995491027832
f 18551/45618/18551 29939/45591/29939 25176/45619/25176
vt 0.5674579143524170 0.2282727062702179
vt 0.5673915147781372 0.2308533787727356
vt 0.5663048028945923 0.2301778644323349
f 1333/45620/1333 25174/45621/25174 20656/45622/20656
f 10800/45563/10800 25173/45575/25173 14546/45564/14546
vt 0.8367521166801453 0.6392395496368408
f 25174/45603/25174 16524/45605/16524 20656/45623/20656
vt 0.5707616806030273 0.2297530472278595
f 25174/45621/25174 1333/45620/1333 22887/45624/22887
f 9056/45547/9056 12666/45615/12666 29934/45565/29934
vt 0.5632179379463196 0.2246497124433517
f 29938/45609/29938 10801/45590/10801 10802/45625/10802
vt 0.0343320369720459 0.9466488957405090
f 16506/45341/16506 1332/45626/1332 9052/45408/9052
vt 0.3531099855899811 0.2830539941787720
f 7335/45585/7335 5745/45627/5745 27508/45545/27508
vt 0.3751458525657654 0.2961252033710480
f 22879/45321/22879 29920/44970/29920 2739/45628/2739
vt 0.5521395802497864 0.2226351648569107
f 9059/45558/9059 1335/45629/1335 22883/45557/22883
f 2731/45413/2731 12668/45514/12668 22881/45522/22881
vt 0.5633876919746399 0.2249493598937988
f 29938/45609/29938 18553/45630/18553 12664/45596/12664
f 18553/45630/18553 29938/45609/29938 10802/45625/10802
f 16524/45605/16524 12664/45577/12664 20656/45623/20656
vt 0.5812656879425049 0.2208734750747681
f 9057/45587/9057 14546/45564/14546 7342/45631/7342
f 9057/45587/9057 7342/45631/7342 12666/45615/12666
f 9058/45588/9058 22883/45557/22883 14548/45589/14548
vt 0.5906165242195129 0.2104894369840622
f 5744/45595/5744 20653/45533/20653 20657/45632/20657
vt 0.3985710144042969 0.2633450031280518
vt 0.3973533213138580 0.2672461569309235
f 5744/45633/5744 20657/45634/20657 9048/45567/9048
vt 0.5444849729537964 0.2182379961013794
vt 0.5471809506416321 0.2144407033920288
vt 0.5519222021102905 0.2214826196432114
f 10796/45635/10796 22879/45636/22879 20658/45637/20658
vt 0.5449759960174561 0.2219849973917007
f 10796/45635/10796 20658/45637/20658 25175/45638/25175
vt 0.9327745437622070 0.2642132639884949
f 16520/45498/16520 18552/45610/18552 27505/45639/27505
f 16520/45498/16520 27505/45639/27505 5745/45501/5745
f 16506/45341/16506 16525/45582/16525 1332/45626/1332
vt 0.9394844174385071 0.2718857228755951
f 16523/45580/16523 16526/45640/16526 5746/45607/5746
f 16523/45580/16523 10799/45525/10799 12665/45606/12665
vt 0.9455180764198303 0.2774683237075806
f 14547/45592/14547 18551/45618/18551 4200/45641/4200
vt 0.5678123831748962 0.2251186817884445
f 1333/45620/1333 16528/45642/16528 22887/45624/22887
vt 0.5660228729248047 0.2265434861183167
f 1333/45620/1333 20656/45622/20656 29940/45643/29940
vt 0.9471532106399536 0.2776102423667908
f 25176/45619/25176 12667/45644/12667 4200/45641/4200
vt 0.9491387605667114 0.2768875360488892
f 25176/45619/25176 29939/45591/29939 2738/45645/2738
vt 0.8818680047988892 0.9785709977149963
f 22884/45431/22884 16527/45646/16527 18549/45447/18549
vt 0.3797156810760498 0.2698055505752563
f 22884/45569/22884 27507/45568/27507 16527/45647/16527
f 14547/45592/14547 4200/45641/4200 12665/45606/12665
f 16523/45580/16523 12665/45606/12665 16526/45640/16526
vt 0.0282329935580492 0.9470012187957764
f 9052/45408/9052 27506/45648/27506 12668/45514/12668
f 25176/45619/25176 4200/45641/4200 18551/45618/18551
vt 0.8769716024398804 0.9804576039314270
f 18549/45447/18549 2738/45649/2738 29939/45524/29939
vt 0.9375309944152832 0.2720476984977722
f 5746/45607/5746 16526/45640/16526 29943/45650/29943
f 12667/45644/12667 25176/45619/25176 2738/45645/2738
f 10801/45590/10801 14548/45589/14548 10802/45625/10802
vt 0.2632247209548950 0.5537280440330505
vt 0.2640540003776550 0.5554649829864502
f 22887/45651/22887 1336/45652/1336 27504/45581/27504
f 9052/45408/9052 1332/45626/1332 27506/45648/27506
f 29920/44970/29920 7341/45422/7341 2739/45628/2739
f 1333/45620/1333 29940/45643/29940 16528/45642/16528
vt 0.9468392729759216 0.2797810137271881
f 12667/45644/12667 2738/45645/2738 7343/45653/7343
f 20656/45622/20656 12664/45596/12664 29940/45643/29940
vt 0.3562110066413879 0.2841329872608185
f 27508/45545/27508 5745/45627/5745 27505/45654/27505
f 18549/45447/18549 16527/45646/16527 2738/45649/2738
f 14546/45564/14546 25173/45575/25173 7342/45631/7342
f 12667/45644/12667 7343/45653/7343 4200/45641/4200
vt 0.5662973523139954 0.2245738804340363
f 18553/45630/18553 25178/45655/25178 12664/45596/12664
f 5746/45607/5746 29943/45650/29943 18552/45610/18552
vt 0.9485297203063965 0.0117387082427740
f 4201/45561/4201 25175/45617/25175 20658/45656/20658
f 4201/45561/4201 20658/45656/20658 1335/45600/1335
vt 0.0270550008863211 0.9500359892845154
f 1332/45626/1332 27504/45657/27504 27506/45648/27506
vt 0.5783262848854065 0.2229578197002411
f 29944/45531/29944 25180/45658/25180 25173/45575/25173
f 12664/45596/12664 25178/45655/25178 29940/45643/29940
vt 0.5731099247932434 0.2241674065589905
f 16528/45642/16528 9061/45659/9061 22887/45624/22887
vt 0.3922029733657837 0.2716423869132996
f 9048/45567/9048 25177/45660/25177 27507/45568/27507
f 27506/45648/27506 22881/45522/22881 12668/45514/12668
vt 0.5681030750274658 0.2219138741493225
f 14548/45589/14548 22883/45557/22883 20659/45661/20659
f 14548/45589/14548 20659/45661/20659 10802/45625/10802
vt 0.9485750198364258 0.2801020145416260
f 7343/45653/7343 2738/45645/2738 16527/45662/16527
vt 0.9468945860862732 0.2814208269119263
f 7343/45653/7343 16527/45662/16527 1334/45663/1334
f 20653/45533/20653 29934/45565/29934 20657/45632/20657
vt 0.9332033991813660 0.2693916261196136
f 18552/45610/18552 14549/45664/14549 27505/45639/27505
f 25173/45575/25173 25180/45658/25180 7342/45631/7342
f 29940/45643/29940 25178/45655/25178 16528/45642/16528
f 18553/45630/18553 10802/45625/10802 25178/45655/25178
f 7343/45653/7343 1334/45663/1334 4200/45641/4200
vt 0.0217783711850643 0.9497519135475159
vt 0.0246954150497913 0.9473177790641785
f 27504/45657/27504 1336/45665/1336 7344/45666/7344
f 27504/45657/27504 7344/45666/7344 27506/45648/27506
f 10802/45625/10802 20659/45661/20659 25178/45655/25178
vt 0.5776938199996948 0.2196604609489441
f 7342/45631/7342 25180/45658/25180 1337/45667/1337
f 22881/45522/22881 27506/45648/27506 7344/45666/7344
vt 0.3783997595310211 0.2714740931987762
vt 0.3806712031364441 0.2717391848564148
f 1334/45668/1334 16527/45647/16527 25179/45669/25179
vt 0.5753411054611206 0.2279226034879684
f 22887/45624/22887 9061/45659/9061 1336/45670/1336
vt 0.3617730140686035 0.2844060063362122
f 27508/45545/27508 27505/45654/27505 14549/45671/14549
f 25179/45669/25179 16527/45647/16527 27507/45568/27507
vt 0.3835659623146057 0.2719135284423828
f 25179/45669/25179 27507/45568/27507 29941/45672/29941
vt 0.5820610523223877 0.2153970450162888
f 7342/45631/7342 5747/45673/5747 12666/45615/12666
vt 0.5785322785377502 0.2158239185810089
f 7342/45631/7342 1337/45667/1337 29942/45674/29942
f 29943/45650/29943 16526/45640/16526 12665/45606/12665
vt 0.9339482784271240 0.2731874287128448
f 18552/45610/18552 29943/45650/29943 18554/45675/18554
f 18552/45610/18552 18554/45675/18554 14549/45664/14549
f 25178/45655/25178 20659/45661/20659 16528/45642/16528
f 12666/45615/12666 5747/45673/5747 29934/45565/29934
f 29934/45565/29934 5747/45673/5747 20657/45632/20657
vt 0.9447559714317322 0.2801429927349091
f 1334/45663/1334 10803/45676/10803 4200/45641/4200
vt 0.0224016457796097 0.9444535970687866
f 22881/45522/22881 7344/45666/7344 29944/45677/29944
vt 0.3778327405452728 0.2735239565372467
f 1334/45668/1334 25179/45669/25179 10803/45678/10803
f 9048/45567/9048 20657/45634/20657 25177/45660/25177
f 1335/45629/1335 20658/45637/20658 22883/45557/22883
f 7341/45422/7341 27508/45545/27508 2739/45628/2739
vt 0.3836347460746765 0.2748016715049744
f 29941/45672/29941 16531/45679/16531 25179/45669/25179
vt 0.3862332105636597 0.2715432643890381
vt 0.3866756558418274 0.2725658416748047
f 29941/45672/29941 12669/45680/12669 16529/45681/16529
vt 0.9356264472007751 0.2783631086349487
f 4200/45641/4200 10803/45676/10803 18555/45682/18555
f 4200/45641/4200 18555/45682/18555 12665/45606/12665
f 29941/45672/29941 27507/45568/27507 12669/45680/12669
f 29943/45650/29943 12665/45606/12665 18554/45675/18554
f 29944/45531/29944 1336/45670/1336 25180/45658/25180
vt 0.3882840573787689 0.2727316021919250
f 27509/45683/27509 16529/45681/16529 12669/45680/12669
vt 0.5769712328910828 0.2322566062211990
f 29944/45531/29944 7344/45684/7344 1336/45670/1336
vt 0.5612770915031433 0.2201932817697525
f 22883/45557/22883 20658/45637/20658 27510/45685/27510
f 29941/45672/29941 16529/45681/16529 16531/45679/16531
vt 0.3899106085300446 0.2730645239353180
f 27509/45683/27509 12669/45680/12669 27511/45686/27511
vt 0.5551649928092957 0.2129939943552017
f 22879/45636/22879 4202/45687/4202 20658/45637/20658
vt 0.3900377154350281 0.2757531702518463
f 27511/45686/27511 9060/45688/9060 27509/45683/27509
vt 0.3710224032402039 0.2821575999259949
f 10803/45678/10803 16531/45679/16531 18555/45689/18555
f 27509/45683/27509 9060/45688/9060 16529/45681/16529
f 16528/45642/16528 20659/45661/20659 9061/45659/9061
f 25179/45669/25179 16531/45679/16531 10803/45678/10803
vt 0.3847014009952545 0.2956842780113220
f 22879/45321/22879 2739/45628/2739 4202/45690/4202
f 7342/45631/7342 29942/45674/29942 5747/45673/5747
f 12669/45680/12669 27507/45568/27507 25177/45660/25177
vt 0.3921616375446320 0.2737214267253876
f 27511/45686/27511 16530/45691/16530 9060/45688/9060
f 20659/45661/20659 22883/45557/22883 27510/45685/27510
f 12669/45680/12669 25177/45660/25177 27511/45686/27511
f 16530/45691/16530 27511/45686/27511 25177/45660/25177
vt 0.3658530116081238 0.2849090099334717
f 14549/45671/14549 18554/45692/18554 27508/45545/27508
vt 0.5824850201606750 0.2116010040044785
f 20657/45632/20657 5747/45673/5747 14550/45693/14550
vt 0.3956975340843201 0.2732142210006714
f 20657/45634/20657 14550/45694/14550 25177/45660/25177
f 12665/45606/12665 18555/45682/18555 18554/45675/18554
f 16529/45681/16529 9060/45688/9060 16531/45679/16531
vt 0.3942335247993469 0.2743991315364838
f 25181/45695/25181 16530/45691/16530 25177/45660/25177
f 27508/45545/27508 18554/45692/18554 18555/45689/18555
f 27508/45545/27508 18555/45689/18555 2739/45628/2739
vt 0.3939349353313446 0.2762843370437622
f 16530/45691/16530 25181/45695/25181 29945/45696/29945
f 16530/45691/16530 29945/45696/29945 9060/45688/9060
f 25181/45695/25181 25177/45660/25177 14550/45694/14550
vt 0.5629889965057373 0.2152485698461533
f 20658/45637/20658 9063/45697/9063 27510/45685/27510
f 20658/45637/20658 4202/45687/4202 9063/45697/9063
f 1336/45670/1336 9061/45659/9061 25180/45658/25180
vt 0.5748112201690674 0.2209763079881668
f 9061/45659/9061 20659/45661/20659 29946/45698/29946
vt 0.3954990506172180 0.2746086418628693
f 25182/45699/25182 25181/45695/25181 14550/45694/14550
f 25181/45695/25181 25182/45699/25182 29945/45696/29945
vt 0.5812639594078064 0.2137180417776108
f 25182/45700/25182 14550/45693/14550 5747/45673/5747
f 5747/45673/5747 29942/45674/29942 25182/45700/25182
f 25180/45658/25180 9061/45659/9061 29946/45698/29946
f 25180/45658/25180 29946/45698/29946 1337/45667/1337
vt 0.5789082050323486 0.2129879444837570
f 25182/45700/25182 29942/45674/29942 29945/45701/29945
vt 0.3852672576904297 0.2870189547538757
vt 0.3928847610950470 0.2899272739887238
f 4202/45690/4202 9062/45702/9062 9063/45703/9063
f 27510/45685/27510 9063/45697/9063 20659/45661/20659
f 2739/45628/2739 18555/45689/18555 9062/45702/9062
f 18555/45689/18555 16531/45679/16531 9062/45702/9062
f 1337/45667/1337 29946/45698/29946 29942/45674/29942
vt 0.5727059841156006 0.2104000002145767
f 20659/45661/20659 9063/45697/9063 20660/45704/20660
f 20659/45661/20659 20660/45704/20660 29946/45698/29946
f 29946/45698/29946 29945/45701/29945 29942/45674/29942
f 29946/45698/29946 20660/45704/20660 29945/45701/29945
f 9060/45688/9060 9062/45702/9062 16531/45679/16531
f 4202/45690/4202 2739/45628/2739 9062/45702/9062
vt 0.3928790092468262 0.2814100086688995
f 29945/45696/29945 20660/45705/20660 9060/45688/9060
f 9060/45688/9060 20660/45705/20660 9062/45702/9062
f 9063/45703/9063 9062/45702/9062 20660/45705/20660
f 10879/1689/10879 20742/1821/20742 10882/1774/10882
f 20809/3255/20809 27689/3308/27689 1430/3307/1430
f 20809/3255/20809 23060/3268/23060 27689/3308/27689
vt 0.9991963505744934 0.7988427877426147
vt 0.9991859793663025 0.7990926504135132
f 3516/25195/3516 735/45706/735 26479/45707/26479
vt 0.9135707020759583 0.0670307800173759
f 8401/28881/8401 3637/29142/3637 17831/45708/17831
vt 0.7891006469726562 0.5478994846343994
f 13891/29642/13891 26782/45709/26782 17910/30198/17910
vt 0.0366280004382133 0.5185369849205017
f 13891/45710/13891 2262/30263/2262 26782/30968/26782
vt 0.8379840254783630 0.9990730285644531
f 14551/45711/14551 7765/11478/7765 4618/11470/4618
vt 0.8380450010299683 0.9989879727363586
f 14551/45712/14551 13132/11492/13132 17023/11491/17023
f 14551/45711/14551 4618/11470/4618 13132/11492/13132
vt 0.9948520064353943 0.7161059975624084
f 14551/45713/14551 13133/11494/13133 13132/11493/13132
vt 0.8381209969520569 0.9989780187606812
vt 0.8381249904632568 0.9990019798278809
f 14551/45711/14551 13132/45714/13132 1688/45715/1688
f 14551/45711/14551 1688/45715/1688 7765/11478/7765
f 14551/45713/14551 17023/11503/17023 13133/11494/13133
vt 0.0114099998027086 0.2422010004520416
f 2740/45716/2740 23460/11539/23460 1690/11574/1690
vt 0.0114120002835989 0.2421869933605194
f 2740/45717/2740 348/11551/348 6164/11563/6164
f 2740/45717/2740 7769/11585/7769 348/11551/348
f 2740/45716/2740 1690/11574/1690 7769/11585/7769
f 2740/45716/2740 7769/11591/7769 23460/11539/23460
f 2740/45717/2740 6164/11563/6164 7769/11591/7769
vt 0.9785940051078796 0.8506129980087280
f 18556/45718/18556 28192/12970/28192 23540/13012/23540
f 18556/45718/18556 17094/13089/17094 28192/12970/28192
f 18556/45718/18556 23540/13012/23540 17093/13118/17093
vt 0.9781020283699036 0.8508110046386719
f 18556/45719/18556 3128/13171/3128 17093/13170/17093
f 18556/45718/18556 17093/13170/17093 17094/13089/17094
f 18556/45719/18556 17093/13118/17093 1729/13172/1729
f 18556/45719/18556 1729/13172/1729 3128/13171/3128
vt 0.2466450035572052 0.1474249958992004
f 12670/45720/12670 23741/16775/23741 28399/16990/28399
f 12670/45720/12670 9720/16776/9720 23741/16775/23741
vt 0.2467200011014938 0.1473989933729172
f 12670/45721/12670 28399/16990/28399 21505/16931/21505
f 12670/45721/12670 21505/16931/21505 26068/17041/26068
f 12670/45721/12670 26068/17041/26068 28399/17040/28399
f 12670/45720/12670 28399/17040/28399 9720/16776/9720
vt 0.9983100295066833 0.9808549880981445
f 29947/45722/29947 576/19572/576 17405/19560/17405
f 29947/45722/29947 17405/19560/17405 577/19562/577
f 29947/45722/29947 577/19574/577 576/19572/576
vt 0.9982119798660278 0.9808170199394226
f 29947/45723/29947 19433/19573/19433 577/19574/577
f 29947/45723/29947 577/19562/577 19431/19561/19431
f 29947/45723/29947 19431/19561/19431 19433/19573/19433
vt 0.2579930126667023 0.9772260189056396
f 1338/45724/1338 12130/33454/12130 24577/33453/24577
vt 0.2580290138721466 0.9772899746894836
f 1338/45725/1338 965/33455/965 12130/33454/12130
f 1338/45724/1338 12132/33510/12132 12130/33509/12130
f 1338/45725/1338 12130/33509/12130 26911/33511/26911
f 1338/45724/1338 24577/33453/24577 12132/33510/12132
f 1338/45725/1338 26911/33511/26911 965/33455/965
vt 0.0055829999037087 0.9795870184898376
f 16532/45726/16532 22318/33711/22318 14033/33714/14033
f 16532/45726/16532 10355/33722/10355 22318/33711/22318
f 16532/33712/16532 20104/33721/20104 10355/33722/10355
f 16532/45726/16532 14033/33714/14033 10355/33734/10355
# 60000 faces, 45726 coords texture

# End of File
